{
 "chain_iptm": [
  0.04,
  0.04,
  0.04,
  0.04,
  0.04,
  0.04,
  0.04,
  0.04,
  0.03,
  0.03,
  0.04,
  0.04
 ],
 "chain_pair_iptm": [
  [
   0.13,
   0.13,
   0.09,
   0.02,
   0.02,
   0.02,
   0.02,
   0.02,
   0.02,
   0.03,
   0.04,
   0.05
  ],
  [
   0.13,
   0.13,
   0.11,
   0.03,
   0.02,
   0.02,
   0.02,
   0.02,
   0.02,
   0.02,
   0.03,
   0.04
  ],
  [
   0.09,
   0.11,
   0.13,
   0.03,
   0.02,
   0.02,
   0.02,
   0.02,
   0.01,
   0.02,
   0.02,
   0.03
  ],
  [
   0.02,
   0.03,
   0.03,
   0.13,
   0.11,
   0.07,
   0.04,
   0.03,
   0.02,
   0.01,
   0.02,
   0.02
  ],
  [
   0.02,
   0.02,
   0.02,
   0.11,
   0.14,
   0.11,
   0.07,
   0.04,
   0.03,
   0.02,
   0.02,
   0.02
  ],
  [
   0.02,
   0.02,
   0.02,
   0.07,
   0.11,
   0.14,
   0.1,
   0.06,
   0.04,
   0.02,
   0.02,
   0.02
  ],
  [
   0.02,
   0.02,
   0.02,
   0.04,
   0.07,
   0.1,
   0.14,
   0.1,
   0.07,
   0.02,
   0.02,
   0.02
  ],
  [
   0.02,
   0.02,
   0.02,
   0.03,
   0.04,
   0.06,
   0.1,
   0.14,
   0.11,
   0.02,
   0.02,
   0.02
  ],
  [
   0.02,
   0.02,
   0.01,
   0.02,
   0.03,
   0.04,
   0.07,
   0.11,
   0.13,
   0.03,
   0.02,
   0.02
  ],
  [
   0.03,
   0.02,
   0.02,
   0.01,
   0.02,
   0.02,
   0.02,
   0.02,
   0.03,
   0.13,
   0.11,
   0.07
  ],
  [
   0.04,
   0.03,
   0.02,
   0.02,
   0.02,
   0.02,
   0.02,
   0.02,
   0.02,
   0.11,
   0.14,
   0.11
  ],
  [
   0.05,
   0.04,
   0.03,
   0.02,
   0.02,
   0.02,
   0.02,
   0.02,
   0.02,
   0.07,
   0.11,
   0.14
  ]
 ],
 "chain_pair_pae_min": [
  [
   0.76,
   6.4,
   11.25,
   22.73,
   23.48,
   24.55,
   25.3,
   25.97,
   26.24,
   24.14,
   22.1,
   21.59
  ],
  [
   7.47,
   0.76,
   9.24,
   20.44,
   23.01,
   24.28,
   25.71,
   26.53,
   27.05,
   25.77,
   24.19,
   22.31
  ],
  [
   10.65,
   8.75,
   0.76,
   17.67,
   20.91,
   24.2,
   25.6,
   26.83,
   27.87,
   27.01,
   26.22,
   24.75
  ],
  [
   22.86,
   20.76,
   18.25,
   0.76,
   9.25,
   14.5,
   19.57,
   23.07,
   25.87,
   27.63,
   27.36,
   27.19
  ],
  [
   23.87,
   23.21,
   21.34,
   9.76,
   0.76,
   10.01,
   16.73,
   21.06,
   24.06,
   26.47,
   26.81,
   26.66
  ],
  [
   25.08,
   24.83,
   24.47,
   16.72,
   10.37,
   0.76,
   10.27,
   16.83,
   21.76,
   25.69,
   25.94,
   26.42
  ],
  [
   25.92,
   25.96,
   25.79,
   21.47,
   16.53,
   10.37,
   0.76,
   10.22,
   17.13,
   24.39,
   25.13,
   25.8
  ],
  [
   26.63,
   26.89,
   26.9,
   23.95,
   21.27,
   16.55,
   10.06,
   0.76,
   10.57,
   21.41,
   23.95,
   25.08
  ],
  [
   27.22,
   27.6,
   27.91,
   26.23,
   23.39,
   20.57,
   15.98,
   9.85,
   0.76,
   18.59,
   22.01,
   24.45
  ],
  [
   23.17,
   25.12,
   26.94,
   27.97,
   27.17,
   26.26,
   24.34,
   21.01,
   18.28,
   0.76,
   8.28,
   15.15
  ],
  [
   21.25,
   23.17,
   25.28,
   27.39,
   27.1,
   26.55,
   25.29,
   23.98,
   22.11,
   9.27,
   0.76,
   9.18
  ],
  [
   19.37,
   21.69,
   23.85,
   26.76,
   26.64,
   26.5,
   26.06,
   25.17,
   25.01,
   15.49,
   8.9,
   0.76
  ]
 ],
 "chain_ptm": [
  0.13,
  0.13,
  0.13,
  0.13,
  0.14,
  0.14,
  0.14,
  0.14,
  0.13,
  0.13,
  0.14,
  0.14
 ],
 "fraction_disordered": 1.0,
 "has_clash": 0.0,
 "iptm": 0.13,
 "num_recycles": 10.0,
 "ptm": 0.15,
 "ranking_score": 0.64
}