{
 "chain_iptm": [
  0.04,
  0.05,
  0.05,
  0.05,
  0.04,
  0.04,
  0.04,
  0.05,
  0.05,
  0.05,
  0.04,
  0.03
 ],
 "chain_pair_iptm": [
  [
   0.14,
   0.14,
   0.11,
   0.06,
   0.04,
   0.02,
   0.01,
   0.01,
   0.02,
   0.02,
   0.02,
   0.02
  ],
  [
   0.14,
   0.16,
   0.14,
   0.09,
   0.05,
   0.03,
   0.02,
   0.02,
   0.02,
   0.02,
   0.02,
   0.02
  ],
  [
   0.11,
   0.14,
   0.16,
   0.12,
   0.07,
   0.04,
   0.02,
   0.02,
   0.02,
   0.02,
   0.02,
   0.02
  ],
  [
   0.06,
   0.09,
   0.12,
   0.16,
   0.12,
   0.08,
   0.02,
   0.02,
   0.02,
   0.02,
   0.02,
   0.02
  ],
  [
   0.04,
   0.05,
   0.07,
   0.12,
   0.15,
   0.11,
   0.02,
   0.02,
   0.02,
   0.02,
   0.02,
   0.01
  ],
  [
   0.02,
   0.03,
   0.04,
   0.08,
   0.11,
   0.14,
   0.03,
   0.03,
   0.02,
   0.02,
   0.02,
   0.01
  ],
  [
   0.01,
   0.02,
   0.02,
   0.02,
   0.02,
   0.03,
   0.15,
   0.12,
   0.08,
   0.04,
   0.03,
   0.02
  ],
  [
   0.01,
   0.02,
   0.02,
   0.02,
   0.02,
   0.03,
   0.12,
   0.16,
   0.12,
   0.07,
   0.04,
   0.03
  ],
  [
   0.02,
   0.02,
   0.02,
   0.02,
   0.02,
   0.02,
   0.08,
   0.12,
   0.16,
   0.12,
   0.07,
   0.04
  ],
  [
   0.02,
   0.02,
   0.02,
   0.02,
   0.02,
   0.02,
   0.04,
   0.07,
   0.12,
   0.15,
   0.11,
   0.07
  ],
  [
   0.02,
   0.02,
   0.02,
   0.02,
   0.02,
   0.02,
   0.03,
   0.04,
   0.07,
   0.11,
   0.15,
   0.12
  ],
  [
   0.02,
   0.02,
   0.02,
   0.02,
   0.01,
   0.01,
   0.02,
   0.03,
   0.04,
   0.07,
   0.12,
   0.14
  ]
 ],
 "chain_pair_pae_min": [
  [
   0.77,
   6.72,
   9.66,
   18.28,
   22.86,
   25.55,
   27.61,
   27.71,
   27.3,
   27.0,
   25.92,
   25.37
  ],
  [
   7.61,
   0.77,
   7.4,
   14.48,
   20.68,
   24.14,
   27.23,
   27.04,
   27.08,
   26.59,
   26.34,
   26.39
  ],
  [
   11.03,
   7.74,
   0.77,
   9.0,
   16.69,
   21.63,
   26.33,
   26.53,
   26.6,
   26.57,
   26.94,
   27.03
  ],
  [
   19.24,
   14.87,
   8.56,
   0.76,
   9.13,
   16.66,
   25.14,
   25.41,
   25.88,
   26.56,
   26.95,
   26.95
  ],
  [
   23.41,
   21.52,
   15.97,
   8.9,
   0.76,
   10.0,
   22.99,
   24.42,
   25.12,
   26.28,
   27.14,
   27.33
  ],
  [
   25.63,
   24.27,
   22.04,
   15.02,
   9.68,
   0.77,
   19.09,
   20.93,
   24.37,
   25.96,
   27.4,
   27.79
  ],
  [
   28.34,
   27.83,
   26.55,
   24.36,
   21.49,
   18.16,
   0.77,
   7.45,
   13.95,
   20.33,
   24.49,
   26.34
  ],
  [
   27.99,
   27.45,
   26.63,
   25.02,
   23.52,
   21.74,
   8.42,
   0.76,
   7.74,
   15.81,
   21.88,
   24.48
  ],
  [
   27.94,
   27.2,
   26.59,
   25.81,
   25.38,
   24.33,
   16.48,
   7.9,
   0.76,
   7.97,
   17.44,
   21.67
  ],
  [
   27.19,
   26.91,
   26.71,
   26.62,
   26.28,
   25.85,
   22.28,
   16.1,
   8.13,
   0.76,
   8.7,
   17.67
  ],
  [
   26.73,
   26.56,
   26.65,
   27.02,
   27.31,
   27.3,
   24.71,
   22.1,
   15.69,
   8.86,
   0.76,
   9.0
  ],
  [
   25.69,
   24.99,
   25.44,
   26.77,
   27.59,
   27.84,
   26.48,
   24.5,
   21.24,
   15.88,
   8.57,
   0.76
  ]
 ],
 "chain_ptm": [
  0.14,
  0.16,
  0.16,
  0.16,
  0.15,
  0.14,
  0.15,
  0.16,
  0.16,
  0.15,
  0.15,
  0.14
 ],
 "fraction_disordered": 1.0,
 "has_clash": 0.0,
 "iptm": 0.14,
 "num_recycles": 10.0,
 "ptm": 0.16,
 "ranking_score": 0.65
}