{
 "chain_iptm": [
  0.04,
  0.04,
  0.05,
  0.04,
  0.03,
  0.04,
  0.04,
  0.05,
  0.05,
  0.05,
  0.04,
  0.03
 ],
 "chain_pair_iptm": [
  [
   0.13,
   0.13,
   0.1,
   0.05,
   0.03,
   0.02,
   0.02,
   0.02,
   0.02,
   0.02,
   0.02,
   0.02
  ],
  [
   0.13,
   0.14,
   0.12,
   0.07,
   0.04,
   0.02,
   0.02,
   0.02,
   0.02,
   0.02,
   0.02,
   0.01
  ],
  [
   0.1,
   0.12,
   0.14,
   0.11,
   0.07,
   0.02,
   0.02,
   0.02,
   0.01,
   0.01,
   0.01,
   0.01
  ],
  [
   0.05,
   0.07,
   0.11,
   0.14,
   0.11,
   0.02,
   0.02,
   0.02,
   0.02,
   0.01,
   0.01,
   0.01
  ],
  [
   0.03,
   0.04,
   0.07,
   0.11,
   0.13,
   0.03,
   0.02,
   0.02,
   0.02,
   0.01,
   0.01,
   0.01
  ],
  [
   0.02,
   0.02,
   0.02,
   0.02,
   0.03,
   0.14,
   0.11,
   0.07,
   0.04,
   0.02,
   0.02,
   0.02
  ],
  [
   0.02,
   0.02,
   0.02,
   0.02,
   0.02,
   0.11,
   0.15,
   0.12,
   0.07,
   0.04,
   0.03,
   0.02
  ],
  [
   0.02,
   0.02,
   0.02,
   0.02,
   0.02,
   0.07,
   0.12,
   0.15,
   0.11,
   0.07,
   0.04,
   0.03
  ],
  [
   0.02,
   0.02,
   0.01,
   0.02,
   0.02,
   0.04,
   0.07,
   0.11,
   0.15,
   0.12,
   0.07,
   0.04
  ],
  [
   0.02,
   0.02,
   0.01,
   0.01,
   0.01,
   0.02,
   0.04,
   0.07,
   0.12,
   0.15,
   0.12,
   0.07
  ],
  [
   0.02,
   0.02,
   0.01,
   0.01,
   0.01,
   0.02,
   0.03,
   0.04,
   0.07,
   0.12,
   0.15,
   0.12
  ],
  [
   0.02,
   0.01,
   0.01,
   0.01,
   0.01,
   0.02,
   0.02,
   0.03,
   0.04,
   0.07,
   0.12,
   0.14
  ]
 ],
 "chain_pair_pae_min": [
  [
   0.77,
   5.91,
   10.48,
   19.13,
   23.43,
   26.64,
   26.96,
   26.89,
   26.39,
   25.88,
   26.65,
   25.7
  ],
  [
   7.34,
   0.76,
   7.84,
   15.94,
   21.54,
   25.79,
   25.8,
   26.11,
   26.51,
   26.85,
   27.24,
   27.35
  ],
  [
   11.16,
   7.95,
   0.76,
   10.88,
   17.49,
   23.67,
   23.97,
   25.41,
   26.64,
   27.35,
   27.63,
   27.68
  ],
  [
   19.22,
   15.95,
   10.09,
   0.76,
   11.24,
   19.19,
   22.6,
   24.68,
   26.77,
   27.82,
   28.14,
   28.37
  ],
  [
   23.02,
   21.16,
   16.1,
   10.11,
   0.76,
   14.88,
   19.72,
   23.99,
   26.74,
   27.97,
   28.54,
   28.87
  ],
  [
   27.03,
   25.38,
   23.5,
   19.19,
   13.5,
   0.76,
   8.45,
   15.92,
   20.86,
   23.77,
   26.77,
   28.0
  ],
  [
   27.32,
   26.16,
   24.77,
   22.65,
   19.91,
   10.66,
   0.76,
   8.85,
   16.71,
   21.76,
   24.64,
   27.01
  ],
  [
   27.05,
   26.06,
   25.38,
   24.97,
   24.65,
   18.13,
   9.48,
   0.76,
   8.77,
   17.43,
   22.55,
   25.06
  ],
  [
   26.45,
   26.26,
   26.62,
   26.74,
   26.89,
   23.17,
   17.7,
   9.31,
   0.76,
   9.08,
   17.62,
   22.03
  ],
  [
   25.71,
   26.49,
   26.93,
   27.45,
   27.73,
   25.24,
   22.73,
   17.67,
   9.46,
   0.76,
   9.28,
   17.67
  ],
  [
   25.28,
   26.06,
   27.17,
   27.87,
   27.93,
   26.98,
   24.7,
   21.63,
   17.21,
   9.5,
   0.76,
   9.7
  ],
  [
   25.21,
   26.3,
   27.67,
   28.18,
   28.42,
   27.88,
   26.77,
   24.21,
   20.98,
   16.28,
   8.48,
   0.76
  ]
 ],
 "chain_ptm": [
  0.13,
  0.14,
  0.14,
  0.14,
  0.13,
  0.14,
  0.15,
  0.15,
  0.15,
  0.15,
  0.15,
  0.14
 ],
 "fraction_disordered": 1.0,
 "has_clash": 0.0,
 "iptm": 0.13,
 "num_recycles": 10.0,
 "ptm": 0.16,
 "ranking_score": 0.64
}