{
 "chain_iptm": [
  0.04,
  0.05,
  0.05,
  0.05,
  0.04,
  0.04,
  0.04,
  0.05,
  0.06,
  0.05,
  0.05,
  0.04
 ],
 "chain_pair_iptm": [
  [
   0.13,
   0.14,
   0.11,
   0.05,
   0.03,
   0.02,
   0.01,
   0.01,
   0.02,
   0.02,
   0.02,
   0.02
  ],
  [
   0.14,
   0.15,
   0.13,
   0.08,
   0.04,
   0.03,
   0.01,
   0.02,
   0.02,
   0.02,
   0.02,
   0.02
  ],
  [
   0.11,
   0.13,
   0.15,
   0.11,
   0.07,
   0.04,
   0.02,
   0.02,
   0.01,
   0.01,
   0.01,
   0.01
  ],
  [
   0.05,
   0.08,
   0.11,
   0.15,
   0.12,
   0.08,
   0.02,
   0.02,
   0.02,
   0.01,
   0.01,
   0.01
  ],
  [
   0.03,
   0.04,
   0.07,
   0.12,
   0.15,
   0.13,
   0.02,
   0.02,
   0.02,
   0.01,
   0.01,
   0.01
  ],
  [
   0.02,
   0.03,
   0.04,
   0.08,
   0.13,
   0.14,
   0.02,
   0.02,
   0.02,
   0.01,
   0.01,
   0.01
  ],
  [
   0.01,
   0.01,
   0.02,
   0.02,
   0.02,
   0.02,
   0.15,
   0.14,
   0.09,
   0.05,
   0.03,
   0.02
  ],
  [
   0.01,
   0.02,
   0.02,
   0.02,
   0.02,
   0.02,
   0.14,
   0.16,
   0.15,
   0.09,
   0.05,
   0.03
  ],
  [
   0.02,
   0.02,
   0.01,
   0.02,
   0.02,
   0.02,
   0.09,
   0.15,
   0.16,
   0.14,
   0.08,
   0.05
  ],
  [
   0.02,
   0.02,
   0.01,
   0.01,
   0.01,
   0.01,
   0.05,
   0.09,
   0.14,
   0.17,
   0.14,
   0.08
  ],
  [
   0.02,
   0.02,
   0.01,
   0.01,
   0.01,
   0.01,
   0.03,
   0.05,
   0.08,
   0.14,
   0.16,
   0.14
  ],
  [
   0.02,
   0.02,
   0.01,
   0.01,
   0.01,
   0.01,
   0.02,
   0.03,
   0.05,
   0.08,
   0.14,
   0.15
  ]
 ],
 "chain_pair_pae_min": [
  [
   0.76,
   6.65,
   10.86,
   19.76,
   24.34,
   26.23,
   27.72,
   27.68,
   27.1,
   26.54,
   26.62,
   26.1
  ],
  [
   8.39,
   0.76,
   8.29,
   15.86,
   22.44,
   25.15,
   27.19,
   26.8,
   26.95,
   26.89,
   27.25,
   27.68
  ],
  [
   11.22,
   8.29,
   0.76,
   10.61,
   18.28,
   23.16,
   25.73,
   26.0,
   26.9,
   27.32,
   28.1,
   28.14
  ],
  [
   20.4,
   16.87,
   9.25,
   0.76,
   10.53,
   17.41,
   24.24,
   24.87,
   26.89,
   27.91,
   28.15,
   28.41
  ],
  [
   23.69,
   22.28,
   17.3,
   9.49,
   0.76,
   10.45,
   21.28,
   24.68,
   27.03,
   27.91,
   28.34,
   28.73
  ],
  [
   26.07,
   25.08,
   22.19,
   15.58,
   9.17,
   0.76,
   19.18,
   23.59,
   26.45,
   27.76,
   28.78,
   29.18
  ],
  [
   27.76,
   27.26,
   25.02,
   23.18,
   21.42,
   20.19,
   0.76,
   7.76,
   14.99,
   20.73,
   24.56,
   26.15
  ],
  [
   27.55,
   26.79,
   25.96,
   24.74,
   24.77,
   23.88,
   8.99,
   0.76,
   7.8,
   15.32,
   21.86,
   24.07
  ],
  [
   27.01,
   26.44,
   26.54,
   26.66,
   26.63,
   26.03,
   15.97,
   7.71,
   0.76,
   8.29,
   16.08,
   21.58
  ],
  [
   25.95,
   26.3,
   27.32,
   27.56,
   27.52,
   27.25,
   21.73,
   15.88,
   7.59,
   0.76,
   8.62,
   16.48
  ],
  [
   25.83,
   26.44,
   27.62,
   27.99,
   28.06,
   28.07,
   24.31,
   21.7,
   16.29,
   7.94,
   0.76,
   8.68
  ],
  [
   25.13,
   26.07,
   27.65,
   28.38,
   28.83,
   29.1,
   26.27,
   24.14,
   20.85,
   15.4,
   8.24,
   0.76
  ]
 ],
 "chain_ptm": [
  0.13,
  0.15,
  0.15,
  0.15,
  0.15,
  0.14,
  0.15,
  0.16,
  0.16,
  0.17,
  0.16,
  0.15
 ],
 "fraction_disordered": 1.0,
 "has_clash": 0.0,
 "iptm": 0.15,
 "num_recycles": 10.0,
 "ptm": 0.17,
 "ranking_score": 0.65
}