{
 "chain_iptm": [
  0.05,
  0.06,
  0.06,
  0.06,
  0.06,
  0.06,
  0.06,
  0.06,
  0.06,
  0.06,
  0.05,
  0.04
 ],
 "chain_pair_iptm": [
  [
   0.17,
   0.18,
   0.14,
   0.08,
   0.04,
   0.03,
   0.02,
   0.02,
   0.01,
   0.01,
   0.01,
   0.01
  ],
  [
   0.18,
   0.18,
   0.17,
   0.1,
   0.05,
   0.03,
   0.02,
   0.02,
   0.02,
   0.02,
   0.01,
   0.01
  ],
  [
   0.14,
   0.17,
   0.18,
   0.15,
   0.08,
   0.05,
   0.03,
   0.02,
   0.02,
   0.02,
   0.02,
   0.01
  ],
  [
   0.08,
   0.1,
   0.15,
   0.19,
   0.15,
   0.08,
   0.05,
   0.03,
   0.02,
   0.02,
   0.02,
   0.02
  ],
  [
   0.04,
   0.05,
   0.08,
   0.15,
   0.18,
   0.15,
   0.08,
   0.05,
   0.03,
   0.03,
   0.02,
   0.02
  ],
  [
   0.03,
   0.03,
   0.05,
   0.08,
   0.15,
   0.18,
   0.15,
   0.08,
   0.05,
   0.04,
   0.03,
   0.02
  ],
  [
   0.02,
   0.02,
   0.03,
   0.05,
   0.08,
   0.15,
   0.18,
   0.14,
   0.08,
   0.05,
   0.04,
   0.03
  ],
  [
   0.02,
   0.02,
   0.02,
   0.03,
   0.05,
   0.08,
   0.14,
   0.18,
   0.14,
   0.08,
   0.05,
   0.04
  ],
  [
   0.01,
   0.02,
   0.02,
   0.02,
   0.03,
   0.05,
   0.08,
   0.14,
   0.17,
   0.14,
   0.09,
   0.06
  ],
  [
   0.01,
   0.02,
   0.02,
   0.02,
   0.03,
   0.04,
   0.05,
   0.08,
   0.14,
   0.18,
   0.15,
   0.1
  ],
  [
   0.01,
   0.01,
   0.02,
   0.02,
   0.02,
   0.03,
   0.04,
   0.05,
   0.09,
   0.15,
   0.18,
   0.16
  ],
  [
   0.01,
   0.01,
   0.01,
   0.02,
   0.02,
   0.02,
   0.03,
   0.04,
   0.06,
   0.1,
   0.16,
   0.17
  ]
 ],
 "chain_pair_pae_min": [
  [
   0.76,
   5.89,
   9.46,
   16.65,
   21.98,
   24.65,
   26.52,
   27.83,
   28.74,
   29.16,
   29.88,
   30.26
  ],
  [
   6.14,
   0.76,
   6.63,
   15.04,
   20.96,
   24.23,
   26.22,
   27.34,
   28.11,
   28.67,
   29.28,
   29.94
  ],
  [
   9.65,
   6.6,
   0.76,
   8.67,
   16.6,
   21.83,
   24.92,
   26.71,
   27.71,
   28.44,
   28.91,
   29.48
  ],
  [
   18.38,
   15.08,
   7.68,
   0.76,
   7.96,
   16.28,
   21.82,
   25.07,
   26.89,
   27.98,
   28.58,
   29.22
  ],
  [
   23.42,
   20.96,
   16.63,
   7.73,
   0.76,
   7.79,
   16.34,
   22.05,
   25.56,
   27.26,
   28.08,
   28.84
  ],
  [
   26.3,
   24.68,
   22.14,
   16.72,
   7.12,
   0.76,
   8.16,
   17.15,
   22.21,
   25.65,
   27.28,
   28.23
  ],
  [
   27.85,
   26.71,
   24.98,
   21.8,
   16.75,
   7.37,
   0.76,
   8.14,
   17.36,
   22.06,
   25.4,
   27.23
  ],
  [
   28.58,
   27.99,
   26.79,
   24.79,
   21.78,
   17.19,
   7.58,
   0.76,
   8.41,
   17.18,
   22.21,
   25.35
  ],
  [
   29.19,
   28.54,
   27.6,
   26.39,
   24.58,
   21.63,
   17.24,
   7.3,
   0.76,
   8.33,
   17.24,
   22.19
  ],
  [
   29.37,
   28.91,
   28.1,
   27.06,
   25.93,
   24.32,
   21.41,
   16.87,
   6.92,
   0.76,
   8.29,
   16.88
  ],
  [
   29.81,
   29.18,
   28.6,
   27.75,
   26.76,
   25.76,
   23.82,
   20.95,
   15.96,
   7.03,
   0.76,
   7.89
  ],
  [
   30.18,
   29.87,
   29.18,
   28.62,
   27.8,
   26.96,
   25.43,
   23.13,
   19.92,
   13.97,
   7.18,
   0.76
  ]
 ],
 "chain_ptm": [
  0.17,
  0.18,
  0.18,
  0.19,
  0.18,
  0.18,
  0.18,
  0.18,
  0.17,
  0.18,
  0.18,
  0.17
 ],
 "fraction_disordered": 1.0,
 "has_clash": 0.0,
 "iptm": 0.16,
 "num_recycles": 10.0,
 "ptm": 0.19,
 "ranking_score": 0.67
}