{
 "chain_iptm": [
  0.07,
  0.08,
  0.09,
  0.09,
  0.1,
  0.1,
  0.09,
  0.07,
  0.07,
  0.08,
  0.08,
  0.07,
  0.06,
  0.06,
  0.05,
  0.04
 ],
 "chain_pair_iptm": [
  [
   0.15,
   0.3,
   0.23,
   0.14,
   0.09,
   0.06,
   0.04,
   0.03,
   0.02,
   0.02,
   0.02,
   0.02,
   0.02,
   0.02,
   0.02,
   0.02
  ],
  [
   0.3,
   0.15,
   0.29,
   0.19,
   0.12,
   0.08,
   0.05,
   0.03,
   0.02,
   0.02,
   0.02,
   0.02,
   0.02,
   0.02,
   0.02,
   0.02
  ],
  [
   0.23,
   0.29,
   0.15,
   0.26,
   0.17,
   0.1,
   0.07,
   0.04,
   0.02,
   0.02,
   0.02,
   0.02,
   0.02,
   0.02,
   0.02,
   0.01
  ],
  [
   0.14,
   0.19,
   0.26,
   0.15,
   0.27,
   0.18,
   0.11,
   0.07,
   0.03,
   0.03,
   0.02,
   0.02,
   0.02,
   0.02,
   0.01,
   0.01
  ],
  [
   0.09,
   0.12,
   0.17,
   0.27,
   0.16,
   0.28,
   0.2,
   0.13,
   0.04,
   0.04,
   0.03,
   0.02,
   0.02,
   0.02,
   0.01,
   0.01
  ],
  [
   0.06,
   0.08,
   0.1,
   0.18,
   0.28,
   0.16,
   0.3,
   0.21,
   0.07,
   0.06,
   0.03,
   0.02,
   0.02,
   0.02,
   0.01,
   0.01
  ],
  [
   0.04,
   0.05,
   0.07,
   0.11,
   0.2,
   0.3,
   0.16,
   0.29,
   0.09,
   0.07,
   0.04,
   0.03,
   0.02,
   0.02,
   0.01,
   0.01
  ],
  [
   0.03,
   0.03,
   0.04,
   0.07,
   0.13,
   0.21,
   0.29,
   0.15,
   0.09,
   0.07,
   0.05,
   0.03,
   0.02,
   0.02,
   0.01,
   0.01
  ],
  [
   0.02,
   0.02,
   0.02,
   0.03,
   0.04,
   0.07,
   0.09,
   0.09,
   0.14,
   0.26,
   0.18,
   0.1,
   0.05,
   0.03,
   0.02,
   0.01
  ],
  [
   0.02,
   0.02,
   0.02,
   0.03,
   0.04,
   0.06,
   0.07,
   0.07,
   0.26,
   0.15,
   0.25,
   0.15,
   0.07,
   0.04,
   0.02,
   0.02
  ],
  [
   0.02,
   0.02,
   0.02,
   0.02,
   0.03,
   0.03,
   0.04,
   0.05,
   0.18,
   0.25,
   0.15,
   0.23,
   0.12,
   0.06,
   0.03,
   0.02
  ],
  [
   0.02,
   0.02,
   0.02,
   0.02,
   0.02,
   0.02,
   0.03,
   0.03,
   0.1,
   0.15,
   0.23,
   0.14,
   0.21,
   0.11,
   0.06,
   0.03
  ],
  [
   0.02,
   0.02,
   0.02,
   0.02,
   0.02,
   0.02,
   0.02,
   0.02,
   0.05,
   0.07,
   0.12,
   0.21,
   0.14,
   0.2,
   0.1,
   0.06
  ],
  [
   0.02,
   0.02,
   0.02,
   0.02,
   0.02,
   0.02,
   0.02,
   0.02,
   0.03,
   0.04,
   0.06,
   0.11,
   0.2,
   0.14,
   0.19,
   0.11
  ],
  [
   0.02,
   0.02,
   0.02,
   0.01,
   0.01,
   0.01,
   0.01,
   0.01,
   0.02,
   0.02,
   0.03,
   0.06,
   0.1,
   0.19,
   0.14,
   0.2
  ],
  [
   0.02,
   0.02,
   0.01,
   0.01,
   0.01,
   0.01,
   0.01,
   0.01,
   0.01,
   0.02,
   0.02,
   0.03,
   0.06,
   0.11,
   0.2,
   0.13
  ]
 ],
 "chain_pair_pae_min": [
  [
   0.76,
   4.05,
   5.52,
   11.6,
   15.52,
   18.07,
   19.27,
   21.15,
   22.68,
   22.38,
   23.37,
   23.56,
   22.64,
   21.36,
   21.06,
   22.24
  ],
  [
   4.04,
   0.76,
   3.98,
   7.49,
   13.27,
   16.44,
   18.65,
   20.04,
   21.91,
   21.87,
   22.93,
   23.05,
   21.87,
   20.54,
   21.87,
   22.81
  ],
  [
   5.3,
   4.72,
   0.76,
   4.75,
   9.48,
   14.34,
   17.31,
   18.72,
   20.0,
   21.19,
   22.48,
   22.67,
   21.99,
   22.25,
   22.69,
   24.58
  ],
  [
   11.23,
   8.53,
   5.4,
   0.76,
   4.47,
   9.14,
   14.16,
   16.38,
   19.44,
   20.04,
   21.54,
   22.2,
   22.97,
   23.45,
   24.17,
   25.26
  ],
  [
   15.36,
   12.7,
   10.49,
   5.36,
   0.76,
   4.36,
   8.8,
   12.65,
   17.23,
   18.0,
   19.46,
   21.45,
   22.86,
   23.78,
   24.67,
   25.48
  ],
  [
   18.0,
   15.97,
   13.58,
   10.0,
   5.25,
   0.76,
   4.38,
   8.86,
   14.51,
   14.19,
   17.52,
   21.07,
   23.04,
   24.18,
   25.06,
   25.64
  ],
  [
   20.29,
   18.35,
   16.59,
   14.57,
   8.58,
   4.94,
   0.76,
   4.37,
   10.68,
   12.52,
   17.04,
   20.81,
   22.95,
   24.32,
   25.25,
   25.94
  ],
  [
   21.99,
   21.06,
   19.29,
   17.58,
   13.32,
   7.26,
   4.79,
   0.76,
   8.75,
   10.8,
   16.38,
   20.31,
   22.9,
   24.36,
   25.35,
   26.53
  ],
  [
   24.53,
   23.53,
   22.19,
   21.02,
   18.74,
   13.32,
   9.89,
   9.15,
   0.76,
   4.05,
   8.96,
   13.84,
   18.01,
   21.17,
   23.77,
   25.69
  ],
  [
   24.0,
   23.23,
   22.73,
   21.88,
   18.64,
   13.81,
   12.16,
   12.89,
   5.38,
   0.76,
   4.54,
   10.19,
   16.29,
   18.98,
   21.98,
   24.35
  ],
  [
   24.27,
   23.49,
   23.86,
   22.6,
   20.58,
   17.19,
   16.4,
   17.04,
   8.93,
   5.71,
   0.76,
   5.61,
   11.71,
   16.99,
   20.01,
   22.89
  ],
  [
   24.4,
   23.75,
   23.74,
   23.42,
   22.76,
   21.07,
   20.91,
   20.46,
   15.07,
   10.56,
   6.64,
   0.76,
   6.31,
   11.96,
   18.11,
   20.94
  ],
  [
   23.69,
   22.35,
   23.17,
   23.89,
   24.5,
   24.51,
   23.34,
   22.65,
   19.38,
   16.84,
   11.9,
   7.04,
   0.76,
   6.24,
   13.01,
   18.34
  ],
  [
   22.17,
   21.78,
   23.19,
   24.39,
   25.66,
   25.26,
   24.63,
   24.17,
   22.31,
   20.37,
   16.73,
   11.56,
   6.78,
   0.76,
   7.07,
   13.52
  ],
  [
   21.45,
   21.2,
   23.49,
   25.18,
   25.94,
   25.69,
   25.35,
   25.22,
   24.0,
   22.3,
   20.74,
   16.77,
   12.02,
   6.95,
   0.76,
   7.72
  ],
  [
   20.98,
   22.04,
   24.46,
   25.57,
   26.18,
   26.43,
   26.4,
   26.48,
   25.06,
   23.74,
   22.51,
   20.37,
   16.72,
   12.22,
   6.25,
   0.76
  ]
 ],
 "chain_ptm": [
  0.15,
  0.15,
  0.15,
  0.15,
  0.16,
  0.16,
  0.16,
  0.15,
  0.14,
  0.15,
  0.15,
  0.14,
  0.14,
  0.14,
  0.14,
  0.13
 ],
 "fraction_disordered": 1.0,
 "has_clash": 0.0,
 "iptm": 0.25,
 "num_recycles": 10.0,
 "ptm": 0.28,
 "ranking_score": 0.76
}