{
 "chain_iptm": [
  0.05,
  0.06,
  0.07,
  0.07,
  0.07,
  0.07,
  0.07,
  0.06,
  0.05,
  0.05,
  0.06,
  0.06,
  0.06,
  0.06,
  0.05,
  0.04
 ],
 "chain_pair_iptm": [
  [
   0.13,
   0.25,
   0.19,
   0.11,
   0.06,
   0.04,
   0.02,
   0.02,
   0.01,
   0.01,
   0.01,
   0.01,
   0.01,
   0.01,
   0.01,
   0.01
  ],
  [
   0.25,
   0.14,
   0.24,
   0.15,
   0.08,
   0.05,
   0.03,
   0.02,
   0.02,
   0.01,
   0.01,
   0.01,
   0.01,
   0.01,
   0.01,
   0.01
  ],
  [
   0.19,
   0.24,
   0.14,
   0.21,
   0.12,
   0.07,
   0.04,
   0.03,
   0.02,
   0.01,
   0.01,
   0.01,
   0.01,
   0.01,
   0.01,
   0.01
  ],
  [
   0.11,
   0.15,
   0.21,
   0.14,
   0.2,
   0.12,
   0.07,
   0.04,
   0.03,
   0.02,
   0.01,
   0.01,
   0.01,
   0.01,
   0.01,
   0.01
  ],
  [
   0.06,
   0.08,
   0.12,
   0.2,
   0.14,
   0.21,
   0.13,
   0.07,
   0.05,
   0.02,
   0.01,
   0.01,
   0.01,
   0.01,
   0.01,
   0.01
  ],
  [
   0.04,
   0.05,
   0.07,
   0.12,
   0.21,
   0.14,
   0.22,
   0.14,
   0.09,
   0.02,
   0.02,
   0.01,
   0.01,
   0.01,
   0.01,
   0.01
  ],
  [
   0.02,
   0.03,
   0.04,
   0.07,
   0.13,
   0.22,
   0.15,
   0.23,
   0.16,
   0.03,
   0.02,
   0.02,
   0.01,
   0.01,
   0.01,
   0.01
  ],
  [
   0.02,
   0.02,
   0.03,
   0.04,
   0.07,
   0.14,
   0.23,
   0.15,
   0.23,
   0.04,
   0.03,
   0.02,
   0.02,
   0.01,
   0.01,
   0.01
  ],
  [
   0.01,
   0.02,
   0.02,
   0.03,
   0.05,
   0.09,
   0.16,
   0.23,
   0.13,
   0.04,
   0.03,
   0.02,
   0.02,
   0.01,
   0.01,
   0.01
  ],
  [
   0.01,
   0.01,
   0.01,
   0.02,
   0.02,
   0.02,
   0.03,
   0.04,
   0.04,
   0.13,
   0.21,
   0.14,
   0.07,
   0.04,
   0.03,
   0.02
  ],
  [
   0.01,
   0.01,
   0.01,
   0.01,
   0.01,
   0.02,
   0.02,
   0.03,
   0.03,
   0.21,
   0.14,
   0.21,
   0.12,
   0.07,
   0.04,
   0.02
  ],
  [
   0.01,
   0.01,
   0.01,
   0.01,
   0.01,
   0.01,
   0.02,
   0.02,
   0.02,
   0.14,
   0.21,
   0.14,
   0.2,
   0.12,
   0.06,
   0.03
  ],
  [
   0.01,
   0.01,
   0.01,
   0.01,
   0.01,
   0.01,
   0.01,
   0.02,
   0.02,
   0.07,
   0.12,
   0.2,
   0.13,
   0.2,
   0.11,
   0.06
  ],
  [
   0.01,
   0.01,
   0.01,
   0.01,
   0.01,
   0.01,
   0.01,
   0.01,
   0.01,
   0.04,
   0.07,
   0.12,
   0.2,
   0.14,
   0.2,
   0.11
  ],
  [
   0.01,
   0.01,
   0.01,
   0.01,
   0.01,
   0.01,
   0.01,
   0.01,
   0.01,
   0.03,
   0.04,
   0.06,
   0.11,
   0.2,
   0.13,
   0.19
  ],
  [
   0.01,
   0.01,
   0.01,
   0.01,
   0.01,
   0.01,
   0.01,
   0.01,
   0.01,
   0.02,
   0.02,
   0.03,
   0.06,
   0.11,
   0.19,
   0.12
  ]
 ],
 "chain_pair_pae_min": [
  [
   0.76,
   4.8,
   6.27,
   12.98,
   17.3,
   20.05,
   22.06,
   24.1,
   25.49,
   25.83,
   26.41,
   26.4,
   25.96,
   24.91,
   23.77,
   22.57
  ],
  [
   4.41,
   0.76,
   4.76,
   8.27,
   14.94,
   17.68,
   19.88,
   22.54,
   24.54,
   25.0,
   25.34,
   25.62,
   25.11,
   23.64,
   23.07,
   23.35
  ],
  [
   5.78,
   5.29,
   0.76,
   5.81,
   11.38,
   15.86,
   18.31,
   20.99,
   23.39,
   24.61,
   25.19,
   25.41,
   24.95,
   23.78,
   23.64,
   23.94
  ],
  [
   12.27,
   9.33,
   6.24,
   0.76,
   5.92,
   10.85,
   15.57,
   18.72,
   21.87,
   23.8,
   24.45,
   24.8,
   24.4,
   24.55,
   24.88,
   24.94
  ],
  [
   16.45,
   13.63,
   11.05,
   6.5,
   0.76,
   5.72,
   10.39,
   15.23,
   19.31,
   21.86,
   22.66,
   23.45,
   24.29,
   25.01,
   25.85,
   26.19
  ],
  [
   19.66,
   16.97,
   14.67,
   11.44,
   7.1,
   0.76,
   5.83,
   10.25,
   15.58,
   19.67,
   20.7,
   22.37,
   23.73,
   25.24,
   26.23,
   26.51
  ],
  [
   21.84,
   19.38,
   17.47,
   15.19,
   11.4,
   6.68,
   0.76,
   5.54,
   10.61,
   16.98,
   19.15,
   21.67,
   23.91,
   25.42,
   26.34,
   26.65
  ],
  [
   23.21,
   21.26,
   20.01,
   17.97,
   15.71,
   10.8,
   6.1,
   0.76,
   5.25,
   14.38,
   17.55,
   21.4,
   23.86,
   25.16,
   25.99,
   26.64
  ],
  [
   25.08,
   23.91,
   22.74,
   20.82,
   18.34,
   14.97,
   8.82,
   5.16,
   0.76,
   12.84,
   17.0,
   21.11,
   23.4,
   25.12,
   26.46,
   27.22
  ],
  [
   27.15,
   26.25,
   25.49,
   24.47,
   22.56,
   19.31,
   16.18,
   14.5,
   12.89,
   0.76,
   5.14,
   10.69,
   15.49,
   19.24,
   22.44,
   24.16
  ],
  [
   26.66,
   25.76,
   25.33,
   24.84,
   22.66,
   19.91,
   18.24,
   17.98,
   16.66,
   6.2,
   0.76,
   5.87,
   11.22,
   16.52,
   20.42,
   23.01
  ],
  [
   25.89,
   25.16,
   24.86,
   24.36,
   23.77,
   22.22,
   21.25,
   21.72,
   20.96,
   10.05,
   6.12,
   0.76,
   6.68,
   11.1,
   17.69,
   20.6
  ],
  [
   25.35,
   24.06,
   24.03,
   24.59,
   24.86,
   24.76,
   24.36,
   23.91,
   23.57,
   16.55,
   10.75,
   6.56,
   0.76,
   6.57,
   12.83,
   17.93
  ],
  [
   24.14,
   22.97,
   23.27,
   24.62,
   25.78,
   26.07,
   25.87,
   25.13,
   24.92,
   20.5,
   17.16,
   11.18,
   6.54,
   0.76,
   7.0,
   13.59
  ],
  [
   23.64,
   22.51,
   23.66,
   25.5,
   26.56,
   26.95,
   26.87,
   26.56,
   26.8,
   23.18,
   21.2,
   17.77,
   12.62,
   6.73,
   0.76,
   7.31
  ],
  [
   22.97,
   22.78,
   24.28,
   26.04,
   26.96,
   27.41,
   27.62,
   27.94,
   28.03,
   25.24,
   23.84,
   22.0,
   18.07,
   12.46,
   6.77,
   0.76
  ]
 ],
 "chain_ptm": [
  0.13,
  0.14,
  0.14,
  0.14,
  0.14,
  0.14,
  0.15,
  0.15,
  0.13,
  0.13,
  0.14,
  0.14,
  0.13,
  0.14,
  0.13,
  0.12
 ],
 "fraction_disordered": 1.0,
 "has_clash": 0.0,
 "iptm": 0.21,
 "num_recycles": 10.0,
 "ptm": 0.23,
 "ranking_score": 0.71
}