{
 "chain_iptm": [
  0.04,
  0.05,
  0.05,
  0.05,
  0.05,
  0.05,
  0.05,
  0.05,
  0.04,
  0.04,
  0.04,
  0.04,
  0.04,
  0.04,
  0.04,
  0.03
 ],
 "chain_pair_iptm": [
  [
   0.13,
   0.23,
   0.16,
   0.08,
   0.04,
   0.03,
   0.02,
   0.01,
   0.01,
   0.01,
   0.01,
   0.01,
   0.01,
   0.01,
   0.01,
   0.01
  ],
  [
   0.23,
   0.13,
   0.21,
   0.12,
   0.06,
   0.04,
   0.03,
   0.02,
   0.01,
   0.01,
   0.01,
   0.01,
   0.01,
   0.01,
   0.01,
   0.01
  ],
  [
   0.16,
   0.21,
   0.13,
   0.17,
   0.09,
   0.05,
   0.03,
   0.02,
   0.02,
   0.01,
   0.01,
   0.01,
   0.01,
   0.01,
   0.01,
   0.01
  ],
  [
   0.08,
   0.12,
   0.17,
   0.13,
   0.17,
   0.09,
   0.05,
   0.03,
   0.02,
   0.01,
   0.01,
   0.01,
   0.01,
   0.01,
   0.01,
   0.01
  ],
  [
   0.04,
   0.06,
   0.09,
   0.17,
   0.13,
   0.16,
   0.08,
   0.04,
   0.03,
   0.02,
   0.01,
   0.01,
   0.01,
   0.01,
   0.01,
   0.01
  ],
  [
   0.03,
   0.04,
   0.05,
   0.09,
   0.16,
   0.12,
   0.16,
   0.08,
   0.04,
   0.02,
   0.02,
   0.01,
   0.01,
   0.01,
   0.01,
   0.01
  ],
  [
   0.02,
   0.03,
   0.03,
   0.05,
   0.08,
   0.16,
   0.12,
   0.15,
   0.07,
   0.04,
   0.02,
   0.02,
   0.01,
   0.01,
   0.01,
   0.01
  ],
  [
   0.01,
   0.02,
   0.02,
   0.03,
   0.04,
   0.08,
   0.15,
   0.12,
   0.15,
   0.07,
   0.03,
   0.02,
   0.02,
   0.01,
   0.01,
   0.01
  ],
  [
   0.01,
   0.01,
   0.02,
   0.02,
   0.03,
   0.04,
   0.07,
   0.15,
   0.12,
   0.14,
   0.06,
   0.03,
   0.02,
   0.02,
   0.01,
   0.01
  ],
  [
   0.01,
   0.01,
   0.01,
   0.01,
   0.02,
   0.02,
   0.04,
   0.07,
   0.14,
   0.11,
   0.11,
   0.05,
   0.03,
   0.02,
   0.02,
   0.01
  ],
  [
   0.01,
   0.01,
   0.01,
   0.01,
   0.01,
   0.02,
   0.02,
   0.03,
   0.06,
   0.11,
   0.11,
   0.11,
   0.06,
   0.04,
   0.02,
   0.02
  ],
  [
   0.01,
   0.01,
   0.01,
   0.01,
   0.01,
   0.01,
   0.02,
   0.02,
   0.03,
   0.05,
   0.11,
   0.11,
   0.15,
   0.08,
   0.04,
   0.03
  ],
  [
   0.01,
   0.01,
   0.01,
   0.01,
   0.01,
   0.01,
   0.01,
   0.02,
   0.02,
   0.03,
   0.06,
   0.15,
   0.12,
   0.17,
   0.08,
   0.05
  ],
  [
   0.01,
   0.01,
   0.01,
   0.01,
   0.01,
   0.01,
   0.01,
   0.01,
   0.02,
   0.02,
   0.04,
   0.08,
   0.17,
   0.13,
   0.17,
   0.09
  ],
  [
   0.01,
   0.01,
   0.01,
   0.01,
   0.01,
   0.01,
   0.01,
   0.01,
   0.01,
   0.02,
   0.02,
   0.04,
   0.08,
   0.17,
   0.13,
   0.17
  ],
  [
   0.01,
   0.01,
   0.01,
   0.01,
   0.01,
   0.01,
   0.01,
   0.01,
   0.01,
   0.01,
   0.02,
   0.03,
   0.05,
   0.09,
   0.17,
   0.12
  ]
 ],
 "chain_pair_pae_min": [
  [
   0.76,
   4.63,
   6.28,
   13.85,
   17.89,
   20.06,
   22.0,
   23.82,
   25.15,
   26.18,
   27.22,
   28.06,
   28.5,
   28.74,
   28.91,
   29.09
  ],
  [
   4.72,
   0.76,
   4.87,
   9.69,
   15.72,
   19.1,
   20.6,
   22.65,
   24.37,
   25.59,
   26.66,
   27.55,
   27.96,
   28.31,
   28.58,
   28.72
  ],
  [
   6.49,
   5.46,
   0.76,
   6.51,
   11.76,
   16.68,
   19.83,
   21.63,
   23.53,
   24.82,
   26.05,
   27.02,
   27.67,
   28.15,
   28.53,
   28.8
  ],
  [
   13.55,
   11.31,
   7.67,
   0.76,
   6.23,
   11.85,
   16.89,
   20.34,
   22.39,
   24.0,
   25.35,
   26.6,
   27.47,
   28.09,
   28.54,
   28.97
  ],
  [
   18.53,
   16.35,
   12.72,
   7.77,
   0.76,
   6.93,
   12.04,
   17.24,
   20.35,
   22.76,
   24.19,
   25.58,
   27.06,
   27.99,
   28.46,
   28.92
  ],
  [
   22.11,
   19.9,
   17.18,
   12.97,
   7.84,
   0.76,
   6.92,
   12.51,
   17.47,
   20.63,
   22.68,
   24.44,
   25.8,
   27.45,
   28.3,
   28.82
  ],
  [
   24.46,
   22.21,
   20.29,
   17.45,
   13.33,
   7.89,
   0.76,
   7.52,
   13.0,
   18.07,
   20.98,
   23.17,
   24.84,
   26.71,
   27.78,
   28.51
  ],
  [
   26.35,
   24.5,
   22.49,
   21.12,
   18.01,
   13.81,
   8.25,
   0.76,
   8.06,
   13.18,
   18.18,
   21.46,
   23.63,
   25.49,
   27.2,
   28.18
  ],
  [
   27.58,
   26.35,
   24.53,
   22.94,
   21.56,
   18.51,
   14.14,
   8.64,
   0.76,
   8.66,
   13.44,
   18.84,
   22.19,
   24.19,
   26.28,
   27.65
  ],
  [
   28.42,
   27.51,
   26.03,
   24.77,
   23.29,
   21.47,
   18.75,
   14.63,
   8.92,
   0.76,
   8.97,
   13.89,
   19.4,
   22.88,
   25.13,
   26.95
  ],
  [
   28.89,
   28.21,
   27.02,
   26.15,
   24.57,
   23.26,
   21.45,
   18.7,
   15.32,
   11.02,
   0.76,
   9.23,
   14.15,
   19.19,
   23.25,
   25.79
  ],
  [
   28.86,
   28.43,
   27.64,
   27.0,
   25.77,
   24.47,
   23.43,
   21.31,
   18.59,
   14.96,
   10.13,
   0.76,
   8.21,
   13.88,
   19.04,
   23.55
  ],
  [
   28.61,
   28.14,
   27.59,
   27.26,
   26.68,
   25.53,
   24.15,
   22.99,
   21.26,
   18.39,
   14.21,
   9.01,
   0.76,
   7.41,
   13.56,
   19.54
  ],
  [
   28.4,
   27.8,
   27.63,
   27.58,
   27.27,
   26.54,
   25.45,
   24.4,
   23.2,
   21.46,
   18.46,
   14.76,
   8.33,
   0.76,
   8.66,
   14.62
  ],
  [
   28.63,
   27.83,
   27.91,
   27.96,
   27.98,
   27.39,
   26.58,
   25.72,
   24.62,
   23.41,
   21.57,
   19.28,
   14.67,
   8.35,
   0.76,
   8.35
  ],
  [
   28.88,
   28.44,
   28.36,
   28.58,
   28.63,
   28.22,
   27.62,
   26.76,
   26.04,
   25.29,
   24.1,
   22.52,
   19.25,
   14.14,
   7.68,
   0.76
  ]
 ],
 "chain_ptm": [
  0.13,
  0.13,
  0.13,
  0.13,
  0.13,
  0.12,
  0.12,
  0.12,
  0.12,
  0.11,
  0.11,
  0.11,
  0.12,
  0.13,
  0.13,
  0.12
 ],
 "fraction_disordered": 1.0,
 "has_clash": 0.0,
 "iptm": 0.17,
 "num_recycles": 10.0,
 "ptm": 0.2,
 "ranking_score": 0.68
}