{
 "chain_iptm": [
  0.05,
  0.06,
  0.06,
  0.07,
  0.07,
  0.07,
  0.07,
  0.06,
  0.05,
  0.05,
  0.05,
  0.05,
  0.05,
  0.05,
  0.04,
  0.03
 ],
 "chain_pair_iptm": [
  [
   0.12,
   0.23,
   0.16,
   0.09,
   0.06,
   0.04,
   0.03,
   0.02,
   0.01,
   0.01,
   0.01,
   0.01,
   0.01,
   0.01,
   0.01,
   0.01
  ],
  [
   0.23,
   0.13,
   0.22,
   0.13,
   0.08,
   0.05,
   0.03,
   0.02,
   0.02,
   0.01,
   0.01,
   0.01,
   0.01,
   0.01,
   0.01,
   0.01
  ],
  [
   0.16,
   0.22,
   0.13,
   0.2,
   0.12,
   0.07,
   0.05,
   0.03,
   0.02,
   0.01,
   0.01,
   0.01,
   0.01,
   0.01,
   0.01,
   0.01
  ],
  [
   0.09,
   0.13,
   0.2,
   0.13,
   0.21,
   0.13,
   0.08,
   0.05,
   0.03,
   0.02,
   0.01,
   0.01,
   0.01,
   0.01,
   0.01,
   0.01
  ],
  [
   0.06,
   0.08,
   0.12,
   0.21,
   0.14,
   0.22,
   0.14,
   0.09,
   0.06,
   0.02,
   0.02,
   0.01,
   0.01,
   0.01,
   0.01,
   0.01
  ],
  [
   0.04,
   0.05,
   0.07,
   0.13,
   0.22,
   0.14,
   0.23,
   0.15,
   0.1,
   0.02,
   0.02,
   0.02,
   0.01,
   0.01,
   0.01,
   0.01
  ],
  [
   0.03,
   0.03,
   0.05,
   0.08,
   0.14,
   0.23,
   0.14,
   0.24,
   0.16,
   0.03,
   0.02,
   0.02,
   0.01,
   0.01,
   0.01,
   0.01
  ],
  [
   0.02,
   0.02,
   0.03,
   0.05,
   0.09,
   0.15,
   0.24,
   0.14,
   0.23,
   0.04,
   0.03,
   0.02,
   0.02,
   0.01,
   0.01,
   0.01
  ],
  [
   0.01,
   0.02,
   0.02,
   0.03,
   0.06,
   0.1,
   0.16,
   0.23,
   0.13,
   0.04,
   0.03,
   0.02,
   0.02,
   0.01,
   0.01,
   0.01
  ],
  [
   0.01,
   0.01,
   0.01,
   0.02,
   0.02,
   0.02,
   0.03,
   0.04,
   0.04,
   0.13,
   0.21,
   0.14,
   0.07,
   0.04,
   0.02,
   0.02
  ],
  [
   0.01,
   0.01,
   0.01,
   0.01,
   0.02,
   0.02,
   0.02,
   0.03,
   0.03,
   0.21,
   0.14,
   0.2,
   0.11,
   0.06,
   0.03,
   0.02
  ],
  [
   0.01,
   0.01,
   0.01,
   0.01,
   0.01,
   0.02,
   0.02,
   0.02,
   0.02,
   0.14,
   0.2,
   0.13,
   0.18,
   0.1,
   0.05,
   0.03
  ],
  [
   0.01,
   0.01,
   0.01,
   0.01,
   0.01,
   0.01,
   0.01,
   0.02,
   0.02,
   0.07,
   0.11,
   0.18,
   0.13,
   0.18,
   0.09,
   0.05
  ],
  [
   0.01,
   0.01,
   0.01,
   0.01,
   0.01,
   0.01,
   0.01,
   0.01,
   0.01,
   0.04,
   0.06,
   0.1,
   0.18,
   0.13,
   0.17,
   0.09
  ],
  [
   0.01,
   0.01,
   0.01,
   0.01,
   0.01,
   0.01,
   0.01,
   0.01,
   0.01,
   0.02,
   0.03,
   0.05,
   0.09,
   0.17,
   0.13,
   0.16
  ],
  [
   0.01,
   0.01,
   0.01,
   0.01,
   0.01,
   0.01,
   0.01,
   0.01,
   0.01,
   0.02,
   0.02,
   0.03,
   0.05,
   0.09,
   0.16,
   0.12
  ]
 ],
 "chain_pair_pae_min": [
  [
   0.76,
   4.6,
   5.96,
   13.18,
   17.52,
   19.86,
   21.75,
   23.48,
   24.88,
   25.55,
   25.88,
   26.47,
   26.12,
   24.69,
   23.47,
   21.98
  ],
  [
   4.46,
   0.76,
   4.59,
   8.63,
   14.74,
   17.97,
   20.4,
   22.43,
   24.18,
   25.02,
   25.42,
   25.42,
   25.04,
   23.43,
   23.11,
   23.32
  ],
  [
   5.63,
   4.97,
   0.76,
   5.67,
   11.43,
   15.45,
   18.78,
   20.94,
   23.2,
   23.93,
   24.58,
   25.13,
   24.64,
   23.73,
   24.1,
   24.5
  ],
  [
   12.39,
   9.25,
   6.32,
   0.76,
   5.37,
   11.21,
   15.83,
   19.22,
   21.12,
   22.75,
   24.09,
   24.56,
   24.81,
   25.0,
   25.56,
   26.02
  ],
  [
   16.58,
   15.45,
   11.35,
   6.16,
   0.76,
   5.34,
   10.58,
   15.37,
   18.4,
   21.11,
   22.07,
   23.51,
   24.61,
   25.58,
   26.1,
   26.68
  ],
  [
   19.33,
   18.08,
   15.6,
   11.48,
   6.22,
   0.76,
   5.5,
   10.14,
   15.08,
   18.7,
   20.31,
   22.55,
   24.54,
   25.67,
   26.57,
   26.78
  ],
  [
   22.01,
   19.93,
   18.16,
   15.88,
   10.81,
   6.07,
   0.76,
   5.5,
   10.13,
   16.88,
   19.31,
   21.98,
   24.43,
   25.87,
   26.58,
   26.91
  ],
  [
   24.04,
   22.59,
   20.43,
   19.01,
   16.45,
   9.86,
   5.86,
   0.76,
   5.09,
   14.23,
   17.6,
   21.8,
   24.23,
   25.71,
   26.47,
   27.02
  ],
  [
   25.44,
   24.64,
   23.56,
   21.77,
   18.93,
   15.06,
   8.65,
   5.13,
   0.76,
   13.56,
   17.53,
   21.99,
   24.38,
   25.8,
   27.04,
   27.41
  ],
  [
   27.74,
   26.85,
   26.15,
   25.15,
   23.45,
   20.54,
   16.9,
   14.79,
   13.36,
   0.76,
   4.74,
   9.99,
   15.66,
   19.85,
   22.67,
   24.79
  ],
  [
   27.38,
   26.47,
   25.99,
   25.44,
   24.0,
   21.27,
   18.84,
   17.73,
   16.89,
   6.5,
   0.76,
   5.54,
   11.57,
   17.39,
   21.18,
   23.76
  ],
  [
   27.01,
   26.02,
   25.8,
   25.38,
   24.48,
   22.52,
   21.26,
   21.27,
   20.9,
   11.15,
   6.7,
   0.76,
   6.42,
   11.92,
   18.68,
   21.94
  ],
  [
   26.47,
   25.57,
   25.06,
   25.01,
   25.01,
   24.82,
   24.45,
   23.9,
   22.96,
   16.72,
   11.56,
   7.09,
   0.76,
   6.31,
   12.72,
   19.06
  ],
  [
   25.67,
   24.59,
   24.28,
   24.73,
   25.72,
   26.14,
   25.92,
   25.3,
   24.77,
   20.44,
   17.63,
   12.7,
   6.88,
   0.76,
   7.01,
   13.53
  ],
  [
   24.51,
   23.72,
   23.69,
   25.12,
   26.31,
   27.01,
   26.79,
   26.39,
   26.21,
   23.55,
   21.53,
   18.86,
   14.51,
   7.24,
   0.76,
   7.85
  ],
  [
   22.73,
   22.56,
   24.27,
   25.72,
   26.92,
   27.66,
   27.91,
   27.9,
   28.05,
   25.74,
   24.48,
   22.6,
   18.73,
   14.53,
   7.19,
   0.76
  ]
 ],
 "chain_ptm": [
  0.12,
  0.13,
  0.13,
  0.13,
  0.14,
  0.14,
  0.14,
  0.14,
  0.13,
  0.13,
  0.14,
  0.13,
  0.13,
  0.13,
  0.13,
  0.12
 ],
 "fraction_disordered": 1.0,
 "has_clash": 0.0,
 "iptm": 0.21,
 "num_recycles": 10.0,
 "ptm": 0.23,
 "ranking_score": 0.71
}