{
 "chain_iptm": [
  0.03,
  0.04,
  0.04,
  0.04,
  0.04,
  0.04,
  0.03,
  0.03,
  0.04,
  0.04,
  0.03,
  0.03,
  0.03,
  0.03,
  0.02,
  0.02
 ],
 "chain_pair_iptm": [
  [
   0.09,
   0.14,
   0.11,
   0.06,
   0.03,
   0.02,
   0.02,
   0.01,
   0.01,
   0.01,
   0.01,
   0.01,
   0.01,
   0.01,
   0.01,
   0.01
  ],
  [
   0.14,
   0.09,
   0.14,
   0.08,
   0.05,
   0.03,
   0.02,
   0.01,
   0.01,
   0.01,
   0.01,
   0.01,
   0.01,
   0.01,
   0.01,
   0.01
  ],
  [
   0.11,
   0.14,
   0.09,
   0.12,
   0.08,
   0.05,
   0.03,
   0.01,
   0.01,
   0.01,
   0.01,
   0.01,
   0.01,
   0.01,
   0.01,
   0.01
  ],
  [
   0.06,
   0.08,
   0.12,
   0.09,
   0.12,
   0.08,
   0.05,
   0.01,
   0.01,
   0.01,
   0.01,
   0.01,
   0.01,
   0.01,
   0.01,
   0.01
  ],
  [
   0.03,
   0.05,
   0.08,
   0.12,
   0.1,
   0.14,
   0.09,
   0.01,
   0.02,
   0.01,
   0.01,
   0.01,
   0.01,
   0.01,
   0.01,
   0.01
  ],
  [
   0.02,
   0.03,
   0.05,
   0.08,
   0.14,
   0.1,
   0.15,
   0.02,
   0.02,
   0.02,
   0.02,
   0.01,
   0.01,
   0.01,
   0.01,
   0.01
  ],
  [
   0.02,
   0.02,
   0.03,
   0.05,
   0.09,
   0.15,
   0.1,
   0.03,
   0.03,
   0.02,
   0.02,
   0.01,
   0.01,
   0.01,
   0.01,
   0.01
  ],
  [
   0.01,
   0.01,
   0.01,
   0.01,
   0.01,
   0.02,
   0.03,
   0.09,
   0.14,
   0.08,
   0.04,
   0.03,
   0.02,
   0.01,
   0.01,
   0.01
  ],
  [
   0.01,
   0.01,
   0.01,
   0.01,
   0.02,
   0.02,
   0.03,
   0.14,
   0.1,
   0.12,
   0.07,
   0.04,
   0.02,
   0.01,
   0.01,
   0.01
  ],
  [
   0.01,
   0.01,
   0.01,
   0.01,
   0.01,
   0.02,
   0.02,
   0.08,
   0.12,
   0.1,
   0.1,
   0.06,
   0.03,
   0.02,
   0.01,
   0.01
  ],
  [
   0.01,
   0.01,
   0.01,
   0.01,
   0.01,
   0.02,
   0.02,
   0.04,
   0.07,
   0.1,
   0.09,
   0.1,
   0.06,
   0.03,
   0.02,
   0.01
  ],
  [
   0.01,
   0.01,
   0.01,
   0.01,
   0.01,
   0.01,
   0.01,
   0.03,
   0.04,
   0.06,
   0.1,
   0.09,
   0.1,
   0.06,
   0.03,
   0.02
  ],
  [
   0.01,
   0.01,
   0.01,
   0.01,
   0.01,
   0.01,
   0.01,
   0.02,
   0.02,
   0.03,
   0.06,
   0.1,
   0.09,
   0.1,
   0.05,
   0.03
  ],
  [
   0.01,
   0.01,
   0.01,
   0.01,
   0.01,
   0.01,
   0.01,
   0.01,
   0.01,
   0.02,
   0.03,
   0.06,
   0.1,
   0.09,
   0.09,
   0.04
  ],
  [
   0.01,
   0.01,
   0.01,
   0.01,
   0.01,
   0.01,
   0.01,
   0.01,
   0.01,
   0.01,
   0.02,
   0.03,
   0.05,
   0.09,
   0.09,
   0.08
  ],
  [
   0.01,
   0.01,
   0.01,
   0.01,
   0.01,
   0.01,
   0.01,
   0.01,
   0.01,
   0.01,
   0.01,
   0.02,
   0.03,
   0.04,
   0.08,
   0.08
  ]
 ],
 "chain_pair_pae_min": [
  [
   0.77,
   5.38,
   8.12,
   14.81,
   19.74,
   22.75,
   24.3,
   28.53,
   28.15,
   28.13,
   27.97,
   27.65,
   26.94,
   26.07,
   25.53,
   25.04
  ],
  [
   5.38,
   0.76,
   6.04,
   11.18,
   17.63,
   20.81,
   22.9,
   27.73,
   27.32,
   27.29,
   27.3,
   27.17,
   26.46,
   25.24,
   25.43,
   25.38
  ],
  [
   7.96,
   6.84,
   0.76,
   7.48,
   13.59,
   17.96,
   20.4,
   26.8,
   26.1,
   26.33,
   26.69,
   26.91,
   26.07,
   25.88,
   26.27,
   26.47
  ],
  [
   15.99,
   12.27,
   8.18,
   0.76,
   7.57,
   12.91,
   16.66,
   24.9,
   24.84,
   25.41,
   26.21,
   26.14,
   26.36,
   26.59,
   27.27,
   27.6
  ],
  [
   19.85,
   17.47,
   13.71,
   7.66,
   0.76,
   7.18,
   11.84,
   23.5,
   23.92,
   24.2,
   24.72,
   25.39,
   26.21,
   27.19,
   28.17,
   28.2
  ],
  [
   23.09,
   20.97,
   18.33,
   13.11,
   7.13,
   0.76,
   6.51,
   20.16,
   20.31,
   20.6,
   22.79,
   24.86,
   26.4,
   27.62,
   28.41,
   28.65
  ],
  [
   25.07,
   23.38,
   21.47,
   18.15,
   10.64,
   6.09,
   0.76,
   16.4,
   16.06,
   18.2,
   21.1,
   24.15,
   26.88,
   27.71,
   28.53,
   28.9
  ],
  [
   28.85,
   28.38,
   27.76,
   26.74,
   24.51,
   21.05,
   17.21,
   0.76,
   5.27,
   9.28,
   17.17,
   21.9,
   25.04,
   26.71,
   27.72,
   28.6
  ],
  [
   28.32,
   27.77,
   27.08,
   25.95,
   24.47,
   21.91,
   17.98,
   7.48,
   0.76,
   6.66,
   12.89,
   19.06,
   22.94,
   25.17,
   26.39,
   27.71
  ],
  [
   28.63,
   28.0,
   27.24,
   26.25,
   24.94,
   22.98,
   20.12,
   13.1,
   8.41,
   0.76,
   8.41,
   13.66,
   19.46,
   22.8,
   24.87,
   26.66
  ],
  [
   28.43,
   27.97,
   27.42,
   26.75,
   25.46,
   23.43,
   21.94,
   19.26,
   14.9,
   8.49,
   0.76,
   8.79,
   13.74,
   19.31,
   23.04,
   25.5
  ],
  [
   27.82,
   27.39,
   27.26,
   26.76,
   25.3,
   24.7,
   24.94,
   23.81,
   20.72,
   15.01,
   9.26,
   0.76,
   9.37,
   13.75,
   19.99,
   23.8
  ],
  [
   27.23,
   26.8,
   26.58,
   26.13,
   26.54,
   27.04,
   26.73,
   25.93,
   23.94,
   20.8,
   15.28,
   9.92,
   0.76,
   9.49,
   14.05,
   20.43
  ],
  [
   26.53,
   25.97,
   26.02,
   26.78,
   27.41,
   27.92,
   27.63,
   27.44,
   25.81,
   23.87,
   21.12,
   15.52,
   9.99,
   0.76,
   9.93,
   16.0
  ],
  [
   24.99,
   25.16,
   26.1,
   27.15,
   28.24,
   28.48,
   28.66,
   28.73,
   27.66,
   25.97,
   23.85,
   21.67,
   16.23,
   10.53,
   0.76,
   11.31
  ],
  [
   24.35,
   24.27,
   25.95,
   27.65,
   28.59,
   29.1,
   29.43,
   29.51,
   29.07,
   28.02,
   26.44,
   24.66,
   21.94,
   16.08,
   10.38,
   0.76
  ]
 ],
 "chain_ptm": [
  0.09,
  0.09,
  0.09,
  0.09,
  0.1,
  0.1,
  0.1,
  0.09,
  0.1,
  0.1,
  0.09,
  0.09,
  0.09,
  0.09,
  0.09,
  0.08
 ],
 "fraction_disordered": 1.0,
 "has_clash": 0.0,
 "iptm": 0.16,
 "num_recycles": 10.0,
 "ptm": 0.18,
 "ranking_score": 0.66
}