{
 "chain_iptm": [
  0.14,
  0.15,
  0.17,
  0.16,
  0.14,
  0.12
 ],
 "chain_pair_iptm": [
  [
   0.18,
   0.24,
   0.2,
   0.11,
   0.08,
   0.06
  ],
  [
   0.24,
   0.2,
   0.23,
   0.14,
   0.09,
   0.07
  ],
  [
   0.2,
   0.23,
   0.19,
   0.19,
   0.13,
   0.09
  ],
  [
   0.11,
   0.14,
   0.19,
   0.19,
   0.2,
   0.16
  ],
  [
   0.08,
   0.09,
   0.13,
   0.2,
   0.19,
   0.21
  ],
  [
   0.06,
   0.07,
   0.09,
   0.16,
   0.21,
   0.17
  ]
 ],
 "chain_pair_pae_min": [
  [
   0.76,
   3.14,
   5.27,
   12.73,
   16.96,
   19.15
  ],
  [
   3.57,
   0.76,
   4.36,
   8.9,
   15.08,
   17.63
  ],
  [
   5.02,
   4.33,
   0.76,
   5.83,
   10.19,
   14.81
  ],
  [
   12.29,
   9.09,
   5.72,
   0.76,
   4.9,
   7.34
  ],
  [
   16.82,
   14.78,
   9.56,
   4.95,
   0.76,
   4.68
  ],
  [
   19.22,
   17.86,
   13.58,
   7.07,
   4.63,
   0.76
  ]
 ],
 "chain_ptm": [
  0.18,
  0.2,
  0.19,
  0.19,
  0.19,
  0.17
 ],
 "fraction_disordered": 1.0,
 "has_clash": 0.0,
 "iptm": 0.27,
 "num_recycles": 10.0,
 "ptm": 0.29,
 "ranking_score": 0.77
}