{
 "chain_iptm": [
  0.12,
  0.13,
  0.14,
  0.14,
  0.12,
  0.1
 ],
 "chain_pair_iptm": [
  [
   0.16,
   0.2,
   0.17,
   0.1,
   0.07,
   0.05
  ],
  [
   0.2,
   0.17,
   0.19,
   0.13,
   0.08,
   0.06
  ],
  [
   0.17,
   0.19,
   0.17,
   0.16,
   0.11,
   0.08
  ],
  [
   0.1,
   0.13,
   0.16,
   0.17,
   0.17,
   0.14
  ],
  [
   0.07,
   0.08,
   0.11,
   0.17,
   0.17,
   0.18
  ],
  [
   0.05,
   0.06,
   0.08,
   0.14,
   0.18,
   0.16
  ]
 ],
 "chain_pair_pae_min": [
  [
   0.76,
   3.59,
   5.77,
   12.46,
   17.61,
   19.36
  ],
  [
   3.59,
   0.76,
   4.37,
   7.85,
   15.37,
   17.77
  ],
  [
   5.27,
   4.69,
   0.76,
   5.74,
   10.07,
   14.73
  ],
  [
   12.35,
   8.31,
   6.21,
   0.76,
   5.67,
   7.35
  ],
  [
   16.76,
   14.59,
   9.28,
   5.47,
   0.76,
   4.7
  ],
  [
   19.39,
   18.68,
   14.11,
   7.45,
   4.73,
   0.76
  ]
 ],
 "chain_ptm": [
  0.16,
  0.17,
  0.17,
  0.17,
  0.17,
  0.16
 ],
 "fraction_disordered": 1.0,
 "has_clash": 0.0,
 "iptm": 0.24,
 "num_recycles": 10.0,
 "ptm": 0.26,
 "ranking_score": 0.75
}