{
 "chain_iptm": [
  0.11,
  0.13,
  0.15,
  0.14,
  0.13,
  0.11
 ],
 "chain_pair_iptm": [
  [
   0.15,
   0.19,
   0.16,
   0.1,
   0.07,
   0.06
  ],
  [
   0.19,
   0.17,
   0.19,
   0.13,
   0.09,
   0.07
  ],
  [
   0.16,
   0.19,
   0.17,
   0.17,
   0.12,
   0.09
  ],
  [
   0.1,
   0.13,
   0.17,
   0.16,
   0.18,
   0.14
  ],
  [
   0.07,
   0.09,
   0.12,
   0.18,
   0.17,
   0.18
  ],
  [
   0.06,
   0.07,
   0.09,
   0.14,
   0.18,
   0.16
  ]
 ],
 "chain_pair_pae_min": [
  [
   0.76,
   3.44,
   5.71,
   12.29,
   17.37,
   19.5
  ],
  [
   4.22,
   0.76,
   4.17,
   7.76,
   13.88,
   16.99
  ],
  [
   5.8,
   4.73,
   0.76,
   5.59,
   9.53,
   13.91
  ],
  [
   12.21,
   7.84,
   5.63,
   0.76,
   5.48,
   7.32
  ],
  [
   16.18,
   13.45,
   8.23,
   4.89,
   0.76,
   4.9
  ],
  [
   19.53,
   17.45,
   12.93,
   7.04,
   4.5,
   0.76
  ]
 ],
 "chain_ptm": [
  0.15,
  0.17,
  0.17,
  0.16,
  0.17,
  0.16
 ],
 "fraction_disordered": 0.93,
 "has_clash": 0.0,
 "iptm": 0.25,
 "num_recycles": 10.0,
 "ptm": 0.27,
 "ranking_score": 0.72
}