{
 "chain_iptm": [
  0.1,
  0.11,
  0.13,
  0.12,
  0.11,
  0.09
 ],
 "chain_pair_iptm": [
  [
   0.15,
   0.18,
   0.14,
   0.08,
   0.05,
   0.04
  ],
  [
   0.18,
   0.16,
   0.17,
   0.1,
   0.07,
   0.05
  ],
  [
   0.14,
   0.17,
   0.16,
   0.14,
   0.1,
   0.07
  ],
  [
   0.08,
   0.1,
   0.14,
   0.16,
   0.16,
   0.13
  ],
  [
   0.05,
   0.07,
   0.1,
   0.16,
   0.16,
   0.17
  ],
  [
   0.04,
   0.05,
   0.07,
   0.13,
   0.17,
   0.15
  ]
 ],
 "chain_pair_pae_min": [
  [
   0.76,
   3.52,
   6.04,
   13.55,
   19.69,
   21.56
  ],
  [
   3.75,
   0.76,
   5.1,
   9.99,
   16.23,
   19.75
  ],
  [
   6.64,
   5.57,
   0.76,
   7.39,
   10.99,
   16.53
  ],
  [
   13.76,
   10.11,
   6.95,
   0.76,
   6.48,
   8.11
  ],
  [
   19.25,
   16.29,
   10.57,
   5.52,
   0.76,
   5.35
  ],
  [
   22.04,
   20.35,
   14.25,
   7.13,
   4.62,
   0.76
  ]
 ],
 "chain_ptm": [
  0.15,
  0.16,
  0.16,
  0.16,
  0.16,
  0.15
 ],
 "fraction_disordered": 0.93,
 "has_clash": 0.0,
 "iptm": 0.21,
 "num_recycles": 10.0,
 "ptm": 0.23,
 "ranking_score": 0.68
}