{
 "chain_iptm": [
  0.12,
  0.14,
  0.15,
  0.15,
  0.13,
  0.12
 ],
 "chain_pair_iptm": [
  [
   0.17,
   0.21,
   0.18,
   0.11,
   0.07,
   0.06
  ],
  [
   0.21,
   0.18,
   0.2,
   0.13,
   0.08,
   0.07
  ],
  [
   0.18,
   0.2,
   0.18,
   0.17,
   0.12,
   0.09
  ],
  [
   0.11,
   0.13,
   0.17,
   0.18,
   0.19,
   0.16
  ],
  [
   0.07,
   0.08,
   0.12,
   0.19,
   0.18,
   0.2
  ],
  [
   0.06,
   0.07,
   0.09,
   0.16,
   0.2,
   0.17
  ]
 ],
 "chain_pair_pae_min": [
  [
   0.76,
   3.47,
   5.75,
   12.91,
   18.49,
   20.39
  ],
  [
   4.42,
   0.76,
   5.03,
   8.87,
   15.55,
   19.02
  ],
  [
   6.12,
   5.38,
   0.76,
   6.47,
   10.71,
   15.53
  ],
  [
   13.94,
   9.59,
   6.86,
   0.76,
   6.14,
   8.43
  ],
  [
   18.5,
   16.53,
   9.99,
   5.83,
   0.76,
   5.44
  ],
  [
   20.45,
   18.8,
   14.99,
   7.76,
   4.73,
   0.76
  ]
 ],
 "chain_ptm": [
  0.17,
  0.18,
  0.18,
  0.18,
  0.18,
  0.17
 ],
 "fraction_disordered": 0.87,
 "has_clash": 0.0,
 "iptm": 0.24,
 "num_recycles": 10.0,
 "ptm": 0.26,
 "ranking_score": 0.68
}