{
 "chain_iptm": [
  0.04,
  0.04,
  0.04,
  0.04,
  0.04,
  0.04,
  0.03
 ],
 "chain_pair_iptm": [
  [
   0.29,
   0.08,
   0.04,
   0.02,
   0.04,
   0.02,
   0.02
  ],
  [
   0.08,
   0.28,
   0.08,
   0.03,
   0.03,
   0.02,
   0.02
  ],
  [
   0.04,
   0.08,
   0.29,
   0.06,
   0.02,
   0.02,
   0.02
  ],
  [
   0.02,
   0.03,
   0.06,
   0.29,
   0.02,
   0.03,
   0.04
  ],
  [
   0.04,
   0.03,
   0.02,
   0.02,
   0.3,
   0.07,
   0.04
  ],
  [
   0.02,
   0.02,
   0.02,
   0.03,
   0.07,
   0.3,
   0.06
  ],
  [
   0.02,
   0.02,
   0.02,
   0.04,
   0.04,
   0.06,
   0.3
  ]
 ],
 "chain_pair_pae_min": [
  [
   0.77,
   11.87,
   16.44,
   22.24,
   18.64,
   22.98,
   24.8
  ],
  [
   12.14,
   0.77,
   13.14,
   19.94,
   22.07,
   24.39,
   25.38
  ],
  [
   15.45,
   12.64,
   0.77,
   15.36,
   22.85,
   23.6,
   22.95
  ],
  [
   21.93,
   19.31,
   14.47,
   0.77,
   22.35,
   21.6,
   19.13
  ],
  [
   18.95,
   22.3,
   22.87,
   21.67,
   0.77,
   13.68,
   19.62
  ],
  [
   22.41,
   24.96,
   23.82,
   19.9,
   15.05,
   0.77,
   14.34
  ],
  [
   24.83,
   24.92,
   22.72,
   18.02,
   20.15,
   14.51,
   0.77
  ]
 ],
 "chain_ptm": [
  0.29,
  0.28,
  0.29,
  0.29,
  0.3,
  0.3,
  0.3
 ],
 "fraction_disordered": 0.91,
 "has_clash": 0.0,
 "iptm": 0.11,
 "num_recycles": 10.0,
 "ptm": 0.18,
 "ranking_score": 0.58
}