{
 "chain_iptm": [
  0.08,
  0.08,
  0.07,
  0.06,
  0.06,
  0.07,
  0.06
 ],
 "chain_pair_iptm": [
  [
   0.35,
   0.17,
   0.08,
   0.12,
   0.03,
   0.03,
   0.04
  ],
  [
   0.17,
   0.34,
   0.16,
   0.07,
   0.04,
   0.03,
   0.03
  ],
  [
   0.08,
   0.16,
   0.34,
   0.03,
   0.07,
   0.04,
   0.03
  ],
  [
   0.12,
   0.07,
   0.03,
   0.34,
   0.03,
   0.05,
   0.09
  ],
  [
   0.03,
   0.04,
   0.07,
   0.03,
   0.35,
   0.13,
   0.06
  ],
  [
   0.03,
   0.03,
   0.04,
   0.05,
   0.13,
   0.36,
   0.12
  ],
  [
   0.04,
   0.03,
   0.03,
   0.09,
   0.06,
   0.12,
   0.36
  ]
 ],
 "chain_pair_pae_min": [
  [
   0.76,
   9.48,
   13.85,
   13.21,
   20.19,
   19.96,
   19.1
  ],
  [
   8.92,
   0.76,
   10.7,
   16.45,
   18.77,
   20.84,
   21.19
  ],
  [
   13.89,
   9.92,
   0.76,
   20.19,
   15.93,
   19.72,
   22.15
  ],
  [
   13.32,
   15.37,
   19.82,
   0.77,
   20.54,
   17.08,
   15.3
  ],
  [
   21.0,
   19.26,
   15.92,
   20.71,
   0.77,
   11.92,
   17.29
  ],
  [
   21.27,
   21.38,
   19.65,
   18.09,
   11.69,
   0.76,
   12.59
  ],
  [
   18.65,
   21.55,
   22.38,
   15.0,
   16.69,
   11.33,
   0.76
  ]
 ],
 "chain_ptm": [
  0.35,
  0.34,
  0.34,
  0.34,
  0.35,
  0.36,
  0.36
 ],
 "fraction_disordered": 1.0,
 "has_clash": 0.0,
 "iptm": 0.17,
 "num_recycles": 10.0,
 "ptm": 0.24,
 "ranking_score": 0.69
}