{
 "chain_iptm": [
  0.06,
  0.05,
  0.06,
  0.05,
  0.05,
  0.05,
  0.06
 ],
 "chain_pair_iptm": [
  [
   0.3,
   0.12,
   0.03,
   0.04,
   0.09,
   0.03,
   0.03
  ],
  [
   0.12,
   0.3,
   0.04,
   0.05,
   0.04,
   0.02,
   0.03
  ],
  [
   0.03,
   0.04,
   0.31,
   0.11,
   0.03,
   0.04,
   0.09
  ],
  [
   0.04,
   0.05,
   0.11,
   0.3,
   0.03,
   0.03,
   0.05
  ],
  [
   0.09,
   0.04,
   0.03,
   0.03,
   0.31,
   0.08,
   0.04
  ],
  [
   0.03,
   0.02,
   0.04,
   0.03,
   0.08,
   0.32,
   0.12
  ],
  [
   0.03,
   0.03,
   0.09,
   0.05,
   0.04,
   0.12,
   0.32
  ]
 ],
 "chain_pair_pae_min": [
  [
   0.77,
   11.3,
   19.02,
   19.19,
   15.73,
   22.52,
   22.98
  ],
  [
   11.53,
   0.77,
   16.67,
   17.07,
   20.21,
   24.04,
   23.63
  ],
  [
   19.39,
   16.51,
   0.77,
   14.12,
   22.26,
   20.88,
   16.68
  ],
  [
   20.23,
   16.92,
   13.61,
   0.77,
   20.66,
   21.27,
   20.62
  ],
  [
   16.47,
   19.79,
   21.93,
   19.75,
   0.77,
   13.95,
   18.56
  ],
  [
   22.21,
   22.79,
   19.46,
   20.12,
   13.31,
   0.77,
   12.16
  ],
  [
   22.66,
   22.38,
   16.93,
   19.51,
   18.19,
   12.78,
   0.77
  ]
 ],
 "chain_ptm": [
  0.3,
  0.3,
  0.31,
  0.3,
  0.31,
  0.32,
  0.32
 ],
 "fraction_disordered": 1.0,
 "has_clash": 0.0,
 "iptm": 0.14,
 "num_recycles": 10.0,
 "ptm": 0.21,
 "ranking_score": 0.65
}