{
 "chain_iptm": [
  0.04,
  0.05,
  0.04,
  0.04,
  0.05,
  0.05,
  0.03
 ],
 "chain_pair_iptm": [
  [
   0.32,
   0.11,
   0.04,
   0.02,
   0.02,
   0.02,
   0.02
  ],
  [
   0.11,
   0.33,
   0.09,
   0.03,
   0.02,
   0.02,
   0.02
  ],
  [
   0.04,
   0.09,
   0.32,
   0.03,
   0.03,
   0.02,
   0.02
  ],
  [
   0.02,
   0.03,
   0.03,
   0.33,
   0.1,
   0.03,
   0.02
  ],
  [
   0.02,
   0.02,
   0.03,
   0.1,
   0.34,
   0.09,
   0.03
  ],
  [
   0.02,
   0.02,
   0.02,
   0.03,
   0.09,
   0.35,
   0.09
  ],
  [
   0.02,
   0.02,
   0.02,
   0.02,
   0.03,
   0.09,
   0.34
  ]
 ],
 "chain_pair_pae_min": [
  [
   0.77,
   11.46,
   18.09,
   24.7,
   24.88,
   24.48,
   21.51
  ],
  [
   11.98,
   0.76,
   13.18,
   21.31,
   23.6,
   24.75,
   24.41
  ],
  [
   18.68,
   13.29,
   0.77,
   17.19,
   22.69,
   24.26,
   26.15
  ],
  [
   23.49,
   21.43,
   17.26,
   0.77,
   14.56,
   19.24,
   24.72
  ],
  [
   24.33,
   22.53,
   21.86,
   13.92,
   0.77,
   13.8,
   20.36
  ],
  [
   24.1,
   24.09,
   24.25,
   18.62,
   13.73,
   0.76,
   13.99
  ],
  [
   21.55,
   24.32,
   25.58,
   24.46,
   19.27,
   13.18,
   0.76
  ]
 ],
 "chain_ptm": [
  0.32,
  0.33,
  0.32,
  0.33,
  0.34,
  0.35,
  0.34
 ],
 "fraction_disordered": 1.0,
 "has_clash": 0.0,
 "iptm": 0.12,
 "num_recycles": 10.0,
 "ptm": 0.2,
 "ranking_score": 0.63
}