{
 "chain_iptm": [
  0.04,
  0.03,
  0.04,
  0.04,
  0.04,
  0.04,
  0.04
 ],
 "chain_pair_iptm": [
  [
   0.32,
   0.05,
   0.08,
   0.03,
   0.02,
   0.02,
   0.03
  ],
  [
   0.05,
   0.31,
   0.04,
   0.03,
   0.02,
   0.02,
   0.03
  ],
  [
   0.08,
   0.04,
   0.33,
   0.05,
   0.03,
   0.02,
   0.02
  ],
  [
   0.03,
   0.03,
   0.05,
   0.32,
   0.09,
   0.03,
   0.02
  ],
  [
   0.02,
   0.02,
   0.03,
   0.09,
   0.32,
   0.04,
   0.03
  ],
  [
   0.02,
   0.02,
   0.02,
   0.03,
   0.04,
   0.34,
   0.1
  ],
  [
   0.03,
   0.03,
   0.02,
   0.02,
   0.03,
   0.1,
   0.35
  ]
 ],
 "chain_pair_pae_min": [
  [
   0.77,
   11.34,
   14.75,
   20.04,
   23.17,
   23.41,
   21.3
  ],
  [
   12.57,
   0.77,
   18.71,
   21.15,
   23.06,
   24.15,
   19.76
  ],
  [
   14.11,
   17.53,
   0.77,
   15.07,
   21.72,
   23.81,
   23.5
  ],
  [
   20.61,
   21.01,
   14.97,
   0.77,
   14.1,
   20.67,
   23.36
  ],
  [
   23.19,
   23.33,
   21.75,
   14.31,
   0.77,
   13.09,
   20.88
  ],
  [
   23.27,
   23.52,
   23.97,
   20.84,
   14.05,
   0.76,
   13.76
  ],
  [
   21.01,
   19.3,
   23.61,
   22.37,
   19.48,
   14.1,
   0.76
  ]
 ],
 "chain_ptm": [
  0.32,
  0.31,
  0.33,
  0.32,
  0.32,
  0.34,
  0.35
 ],
 "fraction_disordered": 1.0,
 "has_clash": 0.0,
 "iptm": 0.11,
 "num_recycles": 10.0,
 "ptm": 0.19,
 "ranking_score": 0.62
}