{
 "chain_iptm": [
  0.09,
  0.1,
  0.1,
  0.1,
  0.1,
  0.09,
  0.09
 ],
 "chain_pair_iptm": [
  [
   0.32,
   0.15,
   0.1,
   0.07,
   0.06,
   0.08,
   0.1
  ],
  [
   0.15,
   0.32,
   0.14,
   0.1,
   0.07,
   0.06,
   0.08
  ],
  [
   0.1,
   0.14,
   0.32,
   0.14,
   0.09,
   0.07,
   0.07
  ],
  [
   0.07,
   0.1,
   0.14,
   0.32,
   0.13,
   0.09,
   0.07
  ],
  [
   0.06,
   0.07,
   0.09,
   0.13,
   0.33,
   0.13,
   0.09
  ],
  [
   0.08,
   0.06,
   0.07,
   0.09,
   0.13,
   0.33,
   0.13
  ],
  [
   0.1,
   0.08,
   0.07,
   0.07,
   0.09,
   0.13,
   0.32
  ]
 ],
 "chain_pair_pae_min": [
  [
   0.76,
   7.78,
   10.88,
   13.52,
   15.22,
   14.04,
   11.71
  ],
  [
   7.95,
   0.76,
   8.87,
   11.52,
   14.74,
   16.53,
   14.47
  ],
  [
   10.89,
   8.37,
   0.76,
   8.43,
   11.73,
   15.26,
   16.27
  ],
  [
   13.58,
   11.37,
   8.08,
   0.76,
   8.91,
   11.9,
   15.03
  ],
  [
   15.17,
   14.2,
   11.81,
   8.45,
   0.76,
   9.24,
   12.14
  ],
  [
   13.63,
   15.18,
   14.44,
   12.05,
   8.95,
   0.76,
   9.22
  ],
  [
   11.16,
   12.75,
   14.72,
   14.57,
   12.44,
   8.7,
   0.76
  ]
 ],
 "chain_ptm": [
  0.32,
  0.32,
  0.32,
  0.32,
  0.33,
  0.33,
  0.32
 ],
 "fraction_disordered": 0.84,
 "has_clash": 0.0,
 "iptm": 0.2,
 "num_recycles": 10.0,
 "ptm": 0.24,
 "ranking_score": 0.63
}