{
 "chain_iptm": [
  0.1,
  0.11,
  0.11,
  0.1,
  0.1,
  0.1,
  0.09
 ],
 "chain_pair_iptm": [
  [
   0.32,
   0.15,
   0.1,
   0.08,
   0.07,
   0.08,
   0.11
  ],
  [
   0.15,
   0.32,
   0.14,
   0.1,
   0.08,
   0.07,
   0.09
  ],
  [
   0.1,
   0.14,
   0.32,
   0.14,
   0.1,
   0.08,
   0.07
  ],
  [
   0.08,
   0.1,
   0.14,
   0.32,
   0.13,
   0.1,
   0.07
  ],
  [
   0.07,
   0.08,
   0.1,
   0.13,
   0.32,
   0.13,
   0.09
  ],
  [
   0.08,
   0.07,
   0.08,
   0.1,
   0.13,
   0.32,
   0.13
  ],
  [
   0.11,
   0.09,
   0.07,
   0.07,
   0.09,
   0.13,
   0.32
  ]
 ],
 "chain_pair_pae_min": [
  [
   0.76,
   7.22,
   10.44,
   12.98,
   14.45,
   13.34,
   11.19
  ],
  [
   7.8,
   0.76,
   8.38,
   11.35,
   14.27,
   15.36,
   13.31
  ],
  [
   10.33,
   8.26,
   0.76,
   8.03,
   11.51,
   14.3,
   15.09
  ],
  [
   12.99,
   10.8,
   8.02,
   0.76,
   8.62,
   11.59,
   13.85
  ],
  [
   14.26,
   13.4,
   11.21,
   8.58,
   0.76,
   9.12,
   11.66
  ],
  [
   12.93,
   13.99,
   13.63,
   11.6,
   9.07,
   0.76,
   9.03
  ],
  [
   10.78,
   12.27,
   14.16,
   13.7,
   11.8,
   8.82,
   0.76
  ]
 ],
 "chain_ptm": [
  0.32,
  0.32,
  0.32,
  0.32,
  0.32,
  0.32,
  0.32
 ],
 "fraction_disordered": 0.84,
 "has_clash": 0.0,
 "iptm": 0.21,
 "num_recycles": 10.0,
 "ptm": 0.25,
 "ranking_score": 0.64
}