{
 "chain_iptm": [
  0.1,
  0.11,
  0.11,
  0.1,
  0.1,
  0.1,
  0.09
 ],
 "chain_pair_iptm": [
  [
   0.32,
   0.16,
   0.1,
   0.08,
   0.07,
   0.09,
   0.11
  ],
  [
   0.16,
   0.32,
   0.14,
   0.1,
   0.08,
   0.07,
   0.09
  ],
  [
   0.1,
   0.14,
   0.32,
   0.15,
   0.1,
   0.07,
   0.07
  ],
  [
   0.08,
   0.1,
   0.15,
   0.32,
   0.14,
   0.1,
   0.07
  ],
  [
   0.07,
   0.08,
   0.1,
   0.14,
   0.32,
   0.13,
   0.09
  ],
  [
   0.09,
   0.07,
   0.07,
   0.1,
   0.13,
   0.33,
   0.13
  ],
  [
   0.11,
   0.09,
   0.07,
   0.07,
   0.09,
   0.13,
   0.32
  ]
 ],
 "chain_pair_pae_min": [
  [
   0.76,
   7.46,
   10.25,
   12.8,
   14.27,
   13.06,
   11.2
  ],
  [
   7.78,
   0.76,
   8.32,
   11.18,
   13.93,
   15.05,
   13.37
  ],
  [
   10.43,
   8.07,
   0.76,
   8.26,
   11.26,
   14.03,
   15.14
  ],
  [
   13.2,
   10.64,
   7.97,
   0.76,
   8.99,
   11.36,
   14.08
  ],
  [
   13.73,
   12.9,
   11.12,
   8.36,
   0.76,
   9.21,
   11.81
  ],
  [
   12.56,
   13.6,
   13.34,
   11.5,
   8.91,
   0.76,
   9.21
  ],
  [
   10.66,
   12.23,
   13.86,
   14.02,
   11.82,
   8.86,
   0.76
  ]
 ],
 "chain_ptm": [
  0.32,
  0.32,
  0.32,
  0.32,
  0.32,
  0.33,
  0.32
 ],
 "fraction_disordered": 0.89,
 "has_clash": 0.0,
 "iptm": 0.21,
 "num_recycles": 10.0,
 "ptm": 0.25,
 "ranking_score": 0.66
}