{
 "chain_iptm": [
  0.1,
  0.1,
  0.1,
  0.1,
  0.1,
  0.1,
  0.09
 ],
 "chain_pair_iptm": [
  [
   0.32,
   0.15,
   0.1,
   0.07,
   0.07,
   0.09,
   0.11
  ],
  [
   0.15,
   0.32,
   0.14,
   0.1,
   0.08,
   0.07,
   0.08
  ],
  [
   0.1,
   0.14,
   0.32,
   0.14,
   0.1,
   0.07,
   0.07
  ],
  [
   0.07,
   0.1,
   0.14,
   0.32,
   0.13,
   0.09,
   0.07
  ],
  [
   0.07,
   0.08,
   0.1,
   0.13,
   0.32,
   0.13,
   0.09
  ],
  [
   0.09,
   0.07,
   0.07,
   0.09,
   0.13,
   0.32,
   0.13
  ],
  [
   0.11,
   0.08,
   0.07,
   0.07,
   0.09,
   0.13,
   0.32
  ]
 ],
 "chain_pair_pae_min": [
  [
   0.76,
   7.35,
   10.73,
   13.63,
   14.86,
   13.46,
   11.53
  ],
  [
   7.96,
   0.76,
   8.67,
   11.77,
   14.57,
   15.69,
   14.04
  ],
  [
   11.15,
   8.48,
   0.76,
   8.43,
   11.95,
   15.24,
   16.07
  ],
  [
   13.74,
   11.49,
   8.35,
   0.76,
   9.42,
   11.95,
   14.8
  ],
  [
   14.64,
   13.5,
   11.9,
   8.98,
   0.76,
   9.36,
   11.56
  ],
  [
   13.19,
   14.7,
   14.59,
   12.56,
   9.1,
   0.76,
   9.11
  ],
  [
   11.34,
   13.0,
   15.01,
   15.14,
   12.46,
   9.12,
   0.76
  ]
 ],
 "chain_ptm": [
  0.32,
  0.32,
  0.32,
  0.32,
  0.32,
  0.32,
  0.32
 ],
 "fraction_disordered": 0.7,
 "has_clash": 0.0,
 "iptm": 0.21,
 "num_recycles": 10.0,
 "ptm": 0.25,
 "ranking_score": 0.56
}