{
 "chain_iptm": [
  0.1,
  0.11,
  0.11,
  0.11,
  0.1,
  0.1,
  0.09
 ],
 "chain_pair_iptm": [
  [
   0.32,
   0.15,
   0.1,
   0.08,
   0.07,
   0.09,
   0.11
  ],
  [
   0.15,
   0.32,
   0.14,
   0.1,
   0.08,
   0.07,
   0.09
  ],
  [
   0.1,
   0.14,
   0.32,
   0.14,
   0.1,
   0.08,
   0.07
  ],
  [
   0.08,
   0.1,
   0.14,
   0.32,
   0.14,
   0.1,
   0.07
  ],
  [
   0.07,
   0.08,
   0.1,
   0.14,
   0.32,
   0.13,
   0.09
  ],
  [
   0.09,
   0.07,
   0.08,
   0.1,
   0.13,
   0.32,
   0.13
  ],
  [
   0.11,
   0.09,
   0.07,
   0.07,
   0.09,
   0.13,
   0.32
  ]
 ],
 "chain_pair_pae_min": [
  [
   0.76,
   7.3,
   10.41,
   13.17,
   14.58,
   13.16,
   11.22
  ],
  [
   7.75,
   0.76,
   8.16,
   11.22,
   13.99,
   14.77,
   13.23
  ],
  [
   10.17,
   8.01,
   0.76,
   7.9,
   11.3,
   14.2,
   15.12
  ],
  [
   12.98,
   10.65,
   8.02,
   0.76,
   8.58,
   11.65,
   14.4
  ],
  [
   14.12,
   12.97,
   11.04,
   8.59,
   0.76,
   8.87,
   11.78
  ],
  [
   12.84,
   13.77,
   13.47,
   11.51,
   8.99,
   0.76,
   8.97
  ],
  [
   10.75,
   12.21,
   14.32,
   14.29,
   11.89,
   8.75,
   0.76
  ]
 ],
 "chain_ptm": [
  0.32,
  0.32,
  0.32,
  0.32,
  0.32,
  0.32,
  0.32
 ],
 "fraction_disordered": 0.84,
 "has_clash": 0.0,
 "iptm": 0.21,
 "num_recycles": 10.0,
 "ptm": 0.25,
 "ranking_score": 0.64
}