{
 "chain_iptm": [
  0.06,
  0.06,
  0.06,
  0.06,
  0.06,
  0.06,
  0.06
 ],
 "chain_pair_iptm": [
  [
   0.22,
   0.07,
   0.06,
   0.05,
   0.05,
   0.05,
   0.06
  ],
  [
   0.07,
   0.22,
   0.07,
   0.05,
   0.05,
   0.05,
   0.05
  ],
  [
   0.06,
   0.07,
   0.22,
   0.07,
   0.06,
   0.05,
   0.05
  ],
  [
   0.05,
   0.05,
   0.07,
   0.22,
   0.07,
   0.05,
   0.05
  ],
  [
   0.05,
   0.05,
   0.06,
   0.07,
   0.22,
   0.07,
   0.06
  ],
  [
   0.05,
   0.05,
   0.05,
   0.05,
   0.07,
   0.23,
   0.07
  ],
  [
   0.06,
   0.05,
   0.05,
   0.05,
   0.06,
   0.07,
   0.22
  ]
 ],
 "chain_pair_pae_min": [
  [
   0.76,
   16.08,
   21.64,
   24.79,
   25.41,
   22.98,
   20.32
  ],
  [
   17.01,
   0.76,
   17.43,
   22.93,
   25.57,
   25.62,
   23.58
  ],
  [
   21.92,
   18.64,
   0.76,
   16.95,
   22.38,
   25.65,
   25.82
  ],
  [
   24.6,
   23.18,
   18.25,
   0.76,
   16.98,
   22.94,
   25.65
  ],
  [
   24.89,
   25.22,
   22.58,
   18.03,
   0.76,
   17.57,
   22.45
  ],
  [
   22.78,
   25.4,
   25.12,
   22.26,
   18.44,
   0.76,
   16.7
  ],
  [
   19.5,
   23.16,
   25.09,
   24.57,
   22.26,
   17.32,
   0.76
  ]
 ],
 "chain_ptm": [
  0.22,
  0.22,
  0.22,
  0.22,
  0.22,
  0.23,
  0.22
 ],
 "fraction_disordered": 0.51,
 "has_clash": 0.0,
 "iptm": 0.13,
 "num_recycles": 10.0,
 "ptm": 0.16,
 "ranking_score": 0.39
}