{
 "chain_iptm": [
  0.05,
  0.05,
  0.05,
  0.05,
  0.05,
  0.05,
  0.05
 ],
 "chain_pair_iptm": [
  [
   0.22,
   0.07,
   0.06,
   0.05,
   0.04,
   0.04,
   0.05
  ],
  [
   0.07,
   0.22,
   0.05,
   0.05,
   0.05,
   0.04,
   0.04
  ],
  [
   0.06,
   0.05,
   0.22,
   0.05,
   0.04,
   0.05,
   0.05
  ],
  [
   0.05,
   0.05,
   0.05,
   0.22,
   0.07,
   0.05,
   0.05
  ],
  [
   0.04,
   0.05,
   0.04,
   0.07,
   0.22,
   0.06,
   0.05
  ],
  [
   0.04,
   0.04,
   0.05,
   0.05,
   0.06,
   0.22,
   0.07
  ],
  [
   0.05,
   0.04,
   0.05,
   0.05,
   0.05,
   0.07,
   0.22
  ]
 ],
 "chain_pair_pae_min": [
  [
   0.76,
   20.5,
   22.78,
   27.16,
   28.29,
   28.15,
   26.53
  ],
  [
   20.28,
   0.76,
   25.49,
   24.47,
   27.41,
   28.55,
   28.29
  ],
  [
   22.58,
   24.74,
   0.76,
   27.66,
   27.89,
   27.55,
   24.9
  ],
  [
   27.01,
   24.45,
   27.13,
   0.76,
   20.52,
   26.9,
   28.37
  ],
  [
   28.3,
   27.23,
   27.93,
   20.74,
   0.76,
   21.02,
   26.84
  ],
  [
   28.5,
   28.44,
   27.67,
   26.41,
   20.81,
   0.76,
   20.61
  ],
  [
   26.97,
   28.47,
   24.98,
   28.18,
   26.4,
   20.54,
   0.76
  ]
 ],
 "chain_ptm": [
  0.22,
  0.22,
  0.22,
  0.22,
  0.22,
  0.22,
  0.22
 ],
 "fraction_disordered": 0.23,
 "has_clash": 0.0,
 "iptm": 0.12,
 "num_recycles": 10.0,
 "ptm": 0.16,
 "ranking_score": 0.24
}