{
 "chain_iptm": [
  0.05,
  0.05,
  0.05,
  0.05,
  0.05,
  0.05,
  0.05
 ],
 "chain_pair_iptm": [
  [
   0.21,
   0.06,
   0.05,
   0.05,
   0.05,
   0.05,
   0.05
  ],
  [
   0.06,
   0.21,
   0.06,
   0.05,
   0.05,
   0.05,
   0.05
  ],
  [
   0.05,
   0.06,
   0.21,
   0.06,
   0.05,
   0.05,
   0.05
  ],
  [
   0.05,
   0.05,
   0.06,
   0.22,
   0.07,
   0.05,
   0.05
  ],
  [
   0.05,
   0.05,
   0.05,
   0.07,
   0.22,
   0.05,
   0.05
  ],
  [
   0.05,
   0.05,
   0.05,
   0.05,
   0.05,
   0.22,
   0.07
  ],
  [
   0.05,
   0.05,
   0.05,
   0.05,
   0.05,
   0.07,
   0.22
  ]
 ],
 "chain_pair_pae_min": [
  [
   0.76,
   21.48,
   24.23,
   24.75,
   25.08,
   24.01,
   24.68
  ],
  [
   21.28,
   0.76,
   19.35,
   24.23,
   26.1,
   24.01,
   25.2
  ],
  [
   24.93,
   19.39,
   0.76,
   22.47,
   23.88,
   25.61,
   25.39
  ],
  [
   24.64,
   24.8,
   23.05,
   0.76,
   18.51,
   26.72,
   25.93
  ],
  [
   24.79,
   25.91,
   24.06,
   18.89,
   0.76,
   24.69,
   23.13
  ],
  [
   24.37,
   23.7,
   25.14,
   26.43,
   25.11,
   0.76,
   17.68
  ],
  [
   23.96,
   24.54,
   24.84,
   25.68,
   23.46,
   18.54,
   0.76
  ]
 ],
 "chain_ptm": [
  0.21,
  0.21,
  0.21,
  0.22,
  0.22,
  0.22,
  0.22
 ],
 "fraction_disordered": 0.1,
 "has_clash": 0.0,
 "iptm": 0.13,
 "num_recycles": 10.0,
 "ptm": 0.16,
 "ranking_score": 0.18
}