{
 "chain_iptm": [
  0.06,
  0.06,
  0.06,
  0.06,
  0.06,
  0.06,
  0.05
 ],
 "chain_pair_iptm": [
  [
   0.22,
   0.07,
   0.06,
   0.05,
   0.05,
   0.05,
   0.06
  ],
  [
   0.07,
   0.22,
   0.07,
   0.05,
   0.05,
   0.05,
   0.05
  ],
  [
   0.06,
   0.07,
   0.22,
   0.07,
   0.05,
   0.05,
   0.05
  ],
  [
   0.05,
   0.05,
   0.07,
   0.22,
   0.07,
   0.05,
   0.05
  ],
  [
   0.05,
   0.05,
   0.05,
   0.07,
   0.23,
   0.06,
   0.05
  ],
  [
   0.05,
   0.05,
   0.05,
   0.05,
   0.06,
   0.23,
   0.07
  ],
  [
   0.06,
   0.05,
   0.05,
   0.05,
   0.05,
   0.07,
   0.23
  ]
 ],
 "chain_pair_pae_min": [
  [
   0.76,
   16.44,
   21.53,
   24.82,
   25.34,
   23.13,
   19.71
  ],
  [
   17.53,
   0.76,
   17.9,
   22.73,
   25.7,
   25.67,
   23.81
  ],
  [
   21.98,
   18.22,
   0.76,
   17.42,
   22.47,
   26.02,
   25.7
  ],
  [
   24.72,
   23.16,
   18.04,
   0.76,
   17.44,
   22.89,
   25.9
  ],
  [
   24.91,
   25.38,
   22.65,
   17.71,
   0.76,
   17.62,
   22.41
  ],
  [
   22.64,
   25.7,
   25.07,
   22.54,
   18.29,
   0.76,
   17.27
  ],
  [
   19.23,
   23.19,
   25.52,
   24.65,
   22.26,
   17.48,
   0.76
  ]
 ],
 "chain_ptm": [
  0.22,
  0.22,
  0.22,
  0.22,
  0.23,
  0.23,
  0.23
 ],
 "fraction_disordered": 0.13,
 "has_clash": 0.0,
 "iptm": 0.13,
 "num_recycles": 10.0,
 "ptm": 0.16,
 "ranking_score": 0.2
}