{
 "chain_iptm": [
  0.05,
  0.05,
  0.05,
  0.05,
  0.05,
  0.05,
  0.05
 ],
 "chain_pair_iptm": [
  [
   0.22,
   0.05,
   0.04,
   0.04,
   0.04,
   0.05,
   0.04
  ],
  [
   0.05,
   0.22,
   0.06,
   0.05,
   0.04,
   0.04,
   0.04
  ],
  [
   0.04,
   0.06,
   0.22,
   0.06,
   0.04,
   0.04,
   0.04
  ],
  [
   0.04,
   0.05,
   0.06,
   0.22,
   0.05,
   0.04,
   0.04
  ],
  [
   0.04,
   0.04,
   0.04,
   0.05,
   0.23,
   0.06,
   0.06
  ],
  [
   0.05,
   0.04,
   0.04,
   0.04,
   0.06,
   0.22,
   0.07
  ],
  [
   0.04,
   0.04,
   0.04,
   0.04,
   0.06,
   0.07,
   0.22
  ]
 ],
 "chain_pair_pae_min": [
  [
   0.76,
   23.9,
   29.15,
   27.73,
   28.49,
   24.93,
   28.1
  ],
  [
   24.95,
   0.76,
   18.83,
   26.88,
   29.57,
   29.42,
   28.52
  ],
  [
   29.09,
   20.12,
   0.76,
   20.96,
   29.6,
   30.14,
   29.86
  ],
  [
   27.63,
   27.36,
   20.41,
   0.76,
   24.04,
   29.19,
   28.75
  ],
  [
   27.97,
   29.58,
   28.66,
   23.34,
   0.76,
   22.51,
   20.47
  ],
  [
   24.94,
   29.36,
   29.98,
   29.41,
   22.18,
   0.76,
   18.05
  ],
  [
   27.28,
   28.28,
   29.39,
   28.97,
   21.02,
   18.46,
   0.76
  ]
 ],
 "chain_ptm": [
  0.22,
  0.22,
  0.22,
  0.22,
  0.23,
  0.22,
  0.22
 ],
 "fraction_disordered": 0.04,
 "has_clash": 0.0,
 "iptm": 0.12,
 "num_recycles": 10.0,
 "ptm": 0.16,
 "ranking_score": 0.15
}