{
 "chain_iptm": [
  0.15,
  0.17,
  0.18,
  0.18,
  0.15,
  0.13,
  0.15,
  0.17,
  0.17,
  0.15,
  0.12,
  0.08
 ],
 "chain_pair_iptm": [
  [
   0.15,
   0.34,
   0.3,
   0.2,
   0.15,
   0.1,
   0.1,
   0.11,
   0.11,
   0.1,
   0.07,
   0.05
  ],
  [
   0.34,
   0.17,
   0.36,
   0.26,
   0.18,
   0.13,
   0.12,
   0.13,
   0.13,
   0.11,
   0.07,
   0.05
  ],
  [
   0.3,
   0.36,
   0.17,
   0.34,
   0.24,
   0.16,
   0.13,
   0.14,
   0.13,
   0.1,
   0.07,
   0.04
  ],
  [
   0.2,
   0.26,
   0.34,
   0.17,
   0.32,
   0.23,
   0.14,
   0.14,
   0.12,
   0.1,
   0.07,
   0.04
  ],
  [
   0.15,
   0.18,
   0.24,
   0.32,
   0.16,
   0.29,
   0.13,
   0.12,
   0.1,
   0.08,
   0.05,
   0.03
  ],
  [
   0.1,
   0.13,
   0.16,
   0.23,
   0.29,
   0.15,
   0.12,
   0.1,
   0.09,
   0.07,
   0.05,
   0.03
  ],
  [
   0.1,
   0.12,
   0.13,
   0.14,
   0.13,
   0.12,
   0.16,
   0.32,
   0.25,
   0.17,
   0.1,
   0.05
  ],
  [
   0.11,
   0.13,
   0.14,
   0.14,
   0.12,
   0.1,
   0.32,
   0.17,
   0.33,
   0.23,
   0.13,
   0.07
  ],
  [
   0.11,
   0.13,
   0.13,
   0.12,
   0.1,
   0.09,
   0.25,
   0.33,
   0.17,
   0.31,
   0.18,
   0.1
  ],
  [
   0.1,
   0.11,
   0.1,
   0.1,
   0.08,
   0.07,
   0.17,
   0.23,
   0.31,
   0.16,
   0.27,
   0.15
  ],
  [
   0.07,
   0.07,
   0.07,
   0.07,
   0.05,
   0.05,
   0.1,
   0.13,
   0.18,
   0.27,
   0.15,
   0.22
  ],
  [
   0.05,
   0.05,
   0.04,
   0.04,
   0.03,
   0.03,
   0.05,
   0.07,
   0.1,
   0.15,
   0.22,
   0.13
  ]
 ],
 "chain_pair_pae_min": [
  [
   0.76,
   2.65,
   4.24,
   7.83,
   10.08,
   12.83,
   11.69,
   11.09,
   11.09,
   10.43,
   14.66,
   15.43
  ],
  [
   2.88,
   0.76,
   3.08,
   5.31,
   8.89,
   11.17,
   9.96,
   9.73,
   9.0,
   10.4,
   15.16,
   16.64
  ],
  [
   4.41,
   3.4,
   0.76,
   3.85,
   6.38,
   10.14,
   9.42,
   9.03,
   9.33,
   12.16,
   14.83,
   17.39
  ],
  [
   7.71,
   5.15,
   3.66,
   0.76,
   3.95,
   7.42,
   8.9,
   8.7,
   10.6,
   12.63,
   14.97,
   17.28
  ],
  [
   9.72,
   8.56,
   6.13,
   4.14,
   0.76,
   3.57,
   8.4,
   9.96,
   11.84,
   13.22,
   15.81,
   18.72
  ],
  [
   12.36,
   11.17,
   9.07,
   6.57,
   3.71,
   0.76,
   7.65,
   10.58,
   12.24,
   14.06,
   18.04,
   20.83
  ],
  [
   12.82,
   11.41,
   10.06,
   9.3,
   8.08,
   8.44,
   0.76,
   3.3,
   6.02,
   9.7,
   13.47,
   17.5
  ],
  [
   12.76,
   10.92,
   8.99,
   9.23,
   11.38,
   10.75,
   3.77,
   0.76,
   3.44,
   6.37,
   11.78,
   15.92
  ],
  [
   12.62,
   10.23,
   10.12,
   12.16,
   12.91,
   12.86,
   5.88,
   3.72,
   0.76,
   3.99,
   8.41,
   14.42
  ],
  [
   11.96,
   10.56,
   13.2,
   14.12,
   14.38,
   14.72,
   9.9,
   6.04,
   4.14,
   0.76,
   5.48,
   10.89
  ],
  [
   12.98,
   14.5,
   15.75,
   16.8,
   17.55,
   18.72,
   13.92,
   11.73,
   8.31,
   5.11,
   0.76,
   5.94
  ],
  [
   14.89,
   17.42,
   18.86,
   19.91,
   21.25,
   22.24,
   18.15,
   15.6,
   14.0,
   9.24,
   5.12,
   0.76
  ]
 ],
 "chain_ptm": [
  0.15,
  0.17,
  0.17,
  0.17,
  0.16,
  0.15,
  0.16,
  0.17,
  0.17,
  0.16,
  0.15,
  0.13
 ],
 "fraction_disordered": 1.0,
 "has_clash": 0.0,
 "iptm": 0.4,
 "num_recycles": 10.0,
 "ptm": 0.42,
 "ranking_score": 0.9
}