{
 "chain_iptm": [
  0.08,
  0.09,
  0.09,
  0.07,
  0.06,
  0.08,
  0.08,
  0.08,
  0.07,
  0.05,
  0.04,
  0.05
 ],
 "chain_pair_iptm": [
  [
   0.14,
   0.25,
   0.18,
   0.11,
   0.04,
   0.05,
   0.05,
   0.04,
   0.03,
   0.02,
   0.05,
   0.06
  ],
  [
   0.25,
   0.15,
   0.24,
   0.15,
   0.05,
   0.06,
   0.05,
   0.04,
   0.03,
   0.02,
   0.03,
   0.05
  ],
  [
   0.18,
   0.24,
   0.14,
   0.22,
   0.06,
   0.06,
   0.05,
   0.04,
   0.03,
   0.02,
   0.02,
   0.03
  ],
  [
   0.11,
   0.15,
   0.22,
   0.14,
   0.07,
   0.06,
   0.04,
   0.03,
   0.02,
   0.02,
   0.02,
   0.02
  ],
  [
   0.04,
   0.05,
   0.06,
   0.07,
   0.13,
   0.2,
   0.12,
   0.06,
   0.03,
   0.02,
   0.02,
   0.02
  ],
  [
   0.05,
   0.06,
   0.06,
   0.06,
   0.2,
   0.14,
   0.18,
   0.1,
   0.05,
   0.03,
   0.02,
   0.02
  ],
  [
   0.05,
   0.05,
   0.05,
   0.04,
   0.12,
   0.18,
   0.14,
   0.17,
   0.09,
   0.05,
   0.03,
   0.03
  ],
  [
   0.04,
   0.04,
   0.04,
   0.03,
   0.06,
   0.1,
   0.17,
   0.13,
   0.17,
   0.1,
   0.04,
   0.04
  ],
  [
   0.03,
   0.03,
   0.03,
   0.02,
   0.03,
   0.05,
   0.09,
   0.17,
   0.13,
   0.19,
   0.04,
   0.04
  ],
  [
   0.02,
   0.02,
   0.02,
   0.02,
   0.02,
   0.03,
   0.05,
   0.1,
   0.19,
   0.13,
   0.05,
   0.04
  ],
  [
   0.05,
   0.03,
   0.02,
   0.02,
   0.02,
   0.02,
   0.03,
   0.04,
   0.04,
   0.05,
   0.13,
   0.17
  ],
  [
   0.06,
   0.05,
   0.03,
   0.02,
   0.02,
   0.02,
   0.03,
   0.04,
   0.04,
   0.04,
   0.17,
   0.13
  ]
 ],
 "chain_pair_pae_min": [
  [
   0.76,
   4.54,
   6.64,
   12.11,
   14.19,
   13.97,
   12.97,
   15.29,
   18.08,
   20.34,
   17.93,
   16.82
  ],
  [
   5.08,
   0.76,
   5.35,
   9.19,
   11.79,
   11.94,
   12.81,
   16.23,
   18.73,
   21.27,
   20.36,
   18.37
  ],
  [
   6.77,
   6.36,
   0.76,
   7.14,
   10.41,
   11.72,
   14.4,
   17.52,
   19.95,
   22.01,
   21.87,
   20.17
  ],
  [
   11.78,
   7.53,
   5.96,
   0.76,
   8.79,
   10.59,
   14.92,
   18.29,
   20.11,
   23.15,
   23.36,
   21.85
  ],
  [
   14.34,
   12.33,
   9.99,
   9.63,
   0.76,
   6.33,
   8.89,
   14.94,
   18.61,
   21.94,
   22.77,
   21.79
  ],
  [
   14.22,
   12.24,
   12.97,
   12.29,
   7.88,
   0.76,
   7.7,
   9.38,
   15.05,
   19.45,
   20.79,
   19.3
  ],
  [
   13.76,
   13.22,
   14.47,
   14.87,
   12.02,
   8.79,
   0.76,
   7.29,
   9.93,
   15.79,
   18.19,
   17.8
  ],
  [
   15.63,
   16.32,
   17.64,
   18.18,
   16.15,
   11.93,
   8.4,
   0.76,
   7.58,
   11.36,
   15.0,
   15.56
  ],
  [
   18.03,
   19.41,
   19.91,
   20.07,
   19.39,
   16.64,
   11.47,
   7.6,
   0.76,
   7.15,
   12.79,
   15.25
  ],
  [
   18.89,
   20.6,
   22.15,
   22.95,
   21.53,
   19.4,
   15.69,
   11.11,
   7.04,
   0.76,
   9.92,
   13.42
  ],
  [
   15.88,
   19.64,
   22.16,
   23.07,
   23.16,
   20.66,
   17.53,
   13.44,
   11.48,
   9.98,
   0.76,
   7.85
  ],
  [
   16.16,
   17.41,
   20.36,
   22.5,
   21.96,
   20.27,
   16.89,
   15.1,
   14.5,
   13.92,
   8.08,
   0.76
  ]
 ],
 "chain_ptm": [
  0.14,
  0.15,
  0.14,
  0.14,
  0.13,
  0.14,
  0.14,
  0.13,
  0.13,
  0.13,
  0.13,
  0.13
 ],
 "fraction_disordered": 1.0,
 "has_clash": 0.0,
 "iptm": 0.22,
 "num_recycles": 10.0,
 "ptm": 0.25,
 "ranking_score": 0.72
}