{
 "chain_iptm": [
  0.18,
  0.18,
  0.18,
  0.17,
  0.13,
  0.15,
  0.18,
  0.19,
  0.18,
  0.15,
  0.11,
  0.1
 ],
 "chain_pair_iptm": [
  [
   0.16,
   0.35,
   0.29,
   0.2,
   0.14,
   0.12,
   0.14,
   0.16,
   0.15,
   0.13,
   0.09,
   0.18
  ],
  [
   0.35,
   0.17,
   0.33,
   0.25,
   0.16,
   0.13,
   0.15,
   0.17,
   0.15,
   0.12,
   0.08,
   0.14
  ],
  [
   0.29,
   0.33,
   0.16,
   0.3,
   0.21,
   0.14,
   0.16,
   0.17,
   0.14,
   0.11,
   0.07,
   0.1
  ],
  [
   0.2,
   0.25,
   0.3,
   0.16,
   0.29,
   0.14,
   0.15,
   0.15,
   0.13,
   0.09,
   0.06,
   0.08
  ],
  [
   0.14,
   0.16,
   0.21,
   0.29,
   0.14,
   0.13,
   0.13,
   0.12,
   0.1,
   0.07,
   0.04,
   0.06
  ],
  [
   0.12,
   0.13,
   0.14,
   0.14,
   0.13,
   0.15,
   0.32,
   0.24,
   0.17,
   0.12,
   0.07,
   0.06
  ],
  [
   0.14,
   0.15,
   0.16,
   0.15,
   0.13,
   0.32,
   0.16,
   0.32,
   0.24,
   0.16,
   0.1,
   0.07
  ],
  [
   0.16,
   0.17,
   0.17,
   0.15,
   0.12,
   0.24,
   0.32,
   0.16,
   0.32,
   0.22,
   0.13,
   0.09
  ],
  [
   0.15,
   0.15,
   0.14,
   0.13,
   0.1,
   0.17,
   0.24,
   0.32,
   0.16,
   0.29,
   0.18,
   0.1
  ],
  [
   0.13,
   0.12,
   0.11,
   0.09,
   0.07,
   0.12,
   0.16,
   0.22,
   0.29,
   0.15,
   0.26,
   0.1
  ],
  [
   0.09,
   0.08,
   0.07,
   0.06,
   0.04,
   0.07,
   0.1,
   0.13,
   0.18,
   0.26,
   0.14,
   0.09
  ],
  [
   0.18,
   0.14,
   0.1,
   0.08,
   0.06,
   0.06,
   0.07,
   0.09,
   0.1,
   0.1,
   0.09,
   0.13
  ]
 ],
 "chain_pair_pae_min": [
  [
   0.76,
   2.87,
   4.26,
   8.19,
   10.73,
   11.17,
   10.37,
   10.48,
   8.88,
   10.15,
   14.13,
   12.13
  ],
  [
   3.0,
   0.76,
   3.51,
   5.84,
   9.64,
   10.37,
   9.46,
   7.66,
   8.25,
   11.53,
   15.21,
   14.07
  ],
  [
   4.27,
   3.44,
   0.76,
   4.53,
   7.89,
   9.67,
   8.21,
   7.42,
   9.97,
   12.44,
   15.71,
   15.35
  ],
  [
   8.3,
   5.42,
   4.51,
   0.76,
   4.98,
   7.6,
   8.09,
   9.31,
   10.94,
   13.37,
   16.5,
   16.36
  ],
  [
   11.36,
   9.76,
   6.5,
   4.83,
   0.76,
   6.39,
   7.45,
   10.64,
   12.34,
   14.62,
   18.13,
   18.05
  ],
  [
   11.47,
   9.27,
   8.34,
   7.0,
   7.24,
   0.76,
   3.48,
   5.6,
   9.05,
   11.6,
   15.9,
   16.58
  ],
  [
   10.08,
   9.18,
   7.73,
   8.59,
   9.22,
   3.94,
   0.76,
   3.6,
   5.67,
   9.56,
   13.59,
   15.25
  ],
  [
   9.73,
   8.66,
   8.31,
   9.84,
   10.54,
   6.6,
   3.73,
   0.76,
   3.36,
   6.66,
   11.61,
   13.77
  ],
  [
   9.36,
   9.34,
   10.58,
   11.59,
   12.02,
   9.59,
   6.38,
   3.92,
   0.76,
   4.04,
   8.68,
   12.39
  ],
  [
   10.87,
   11.86,
   12.94,
   13.03,
   13.77,
   11.63,
   9.92,
   6.27,
   4.25,
   0.76,
   4.71,
   10.86
  ],
  [
   11.61,
   14.35,
   15.46,
   16.26,
   18.42,
   16.62,
   13.76,
   11.03,
   6.87,
   4.58,
   0.76,
   8.6
  ],
  [
   9.38,
   12.01,
   15.11,
   16.63,
   18.29,
   18.01,
   16.34,
   14.22,
   11.7,
   9.6,
   9.12,
   0.76
  ]
 ],
 "chain_ptm": [
  0.16,
  0.17,
  0.16,
  0.16,
  0.14,
  0.15,
  0.16,
  0.16,
  0.16,
  0.15,
  0.14,
  0.13
 ],
 "fraction_disordered": 1.0,
 "has_clash": 0.0,
 "iptm": 0.41,
 "num_recycles": 10.0,
 "ptm": 0.43,
 "ranking_score": 0.91
}