{
 "chain_iptm": [
  0.25,
  0.23,
  0.2,
  0.2,
  0.24,
  0.27,
  0.26,
  0.23,
  0.18,
  0.18,
  0.22,
  0.24
 ],
 "chain_pair_iptm": [
  [
   0.15,
   0.36,
   0.3,
   0.24,
   0.27,
   0.28,
   0.25,
   0.19,
   0.15,
   0.16,
   0.23,
   0.3
  ],
  [
   0.36,
   0.15,
   0.33,
   0.24,
   0.26,
   0.26,
   0.21,
   0.17,
   0.12,
   0.14,
   0.19,
   0.25
  ],
  [
   0.3,
   0.33,
   0.14,
   0.23,
   0.23,
   0.22,
   0.18,
   0.13,
   0.09,
   0.1,
   0.15,
   0.19
  ],
  [
   0.24,
   0.24,
   0.23,
   0.14,
   0.31,
   0.27,
   0.21,
   0.16,
   0.11,
   0.1,
   0.14,
   0.17
  ],
  [
   0.27,
   0.26,
   0.23,
   0.31,
   0.15,
   0.36,
   0.3,
   0.23,
   0.16,
   0.14,
   0.19,
   0.24
  ],
  [
   0.28,
   0.26,
   0.22,
   0.27,
   0.36,
   0.16,
   0.36,
   0.29,
   0.2,
   0.18,
   0.24,
   0.27
  ],
  [
   0.25,
   0.21,
   0.18,
   0.21,
   0.3,
   0.36,
   0.16,
   0.33,
   0.25,
   0.21,
   0.26,
   0.27
  ],
  [
   0.19,
   0.17,
   0.13,
   0.16,
   0.23,
   0.29,
   0.33,
   0.15,
   0.29,
   0.22,
   0.24,
   0.23
  ],
  [
   0.15,
   0.12,
   0.09,
   0.11,
   0.16,
   0.2,
   0.25,
   0.29,
   0.14,
   0.2,
   0.2,
   0.18
  ],
  [
   0.16,
   0.14,
   0.1,
   0.1,
   0.14,
   0.18,
   0.21,
   0.22,
   0.2,
   0.14,
   0.29,
   0.23
  ],
  [
   0.23,
   0.19,
   0.15,
   0.14,
   0.19,
   0.24,
   0.26,
   0.24,
   0.2,
   0.29,
   0.15,
   0.31
  ],
  [
   0.3,
   0.25,
   0.19,
   0.17,
   0.24,
   0.27,
   0.27,
   0.23,
   0.18,
   0.23,
   0.31,
   0.15
  ]
 ],
 "chain_pair_pae_min": [
  [
   0.76,
   2.03,
   4.14,
   7.07,
   4.13,
   3.67,
   4.59,
   7.77,
   12.61,
   11.1,
   6.78,
   3.7
  ],
  [
   1.86,
   0.76,
   2.7,
   6.32,
   4.48,
   3.95,
   5.8,
   8.65,
   13.25,
   11.98,
   8.76,
   6.06
  ],
  [
   3.64,
   2.84,
   0.76,
   5.69,
   5.33,
   5.85,
   7.14,
   9.45,
   14.46,
   13.2,
   10.55,
   8.13
  ],
  [
   5.57,
   5.64,
   5.53,
   0.76,
   3.34,
   5.32,
   6.8,
   9.36,
   13.42,
   12.76,
   10.11,
   8.3
  ],
  [
   4.33,
   5.21,
   6.82,
   4.09,
   0.76,
   2.19,
   3.83,
   6.39,
   11.52,
   10.53,
   7.11,
   5.7
  ],
  [
   4.19,
   5.39,
   7.38,
   6.51,
   2.25,
   0.76,
   2.1,
   4.64,
   9.44,
   9.48,
   5.57,
   4.52
  ],
  [
   5.17,
   6.49,
   8.87,
   8.49,
   4.2,
   2.11,
   0.76,
   2.47,
   7.65,
   7.67,
   4.39,
   4.52
  ],
  [
   6.85,
   8.44,
   10.66,
   10.85,
   6.58,
   4.43,
   2.71,
   0.76,
   4.25,
   6.55,
   5.49,
   5.48
  ],
  [
   9.37,
   10.63,
   13.57,
   13.03,
   9.4,
   7.17,
   5.65,
   3.88,
   0.76,
   5.29,
   6.52,
   7.33
  ],
  [
   8.78,
   10.1,
   12.75,
   12.5,
   9.06,
   7.25,
   6.21,
   5.56,
   6.16,
   0.76,
   3.39,
   6.18
  ],
  [
   5.8,
   7.53,
   10.86,
   11.49,
   7.17,
   5.41,
   4.53,
   5.53,
   8.13,
   3.68,
   0.76,
   2.97
  ],
  [
   3.73,
   5.9,
   9.56,
   10.58,
   6.51,
   4.52,
   4.55,
   5.37,
   9.06,
   6.85,
   3.31,
   0.76
  ]
 ],
 "chain_ptm": [
  0.15,
  0.15,
  0.14,
  0.14,
  0.15,
  0.16,
  0.16,
  0.15,
  0.14,
  0.14,
  0.15,
  0.15
 ],
 "fraction_disordered": 1.0,
 "has_clash": 0.0,
 "iptm": 0.52,
 "num_recycles": 10.0,
 "ptm": 0.53,
 "ranking_score": 1.02
}