{
 "chain_iptm": [
  0.1,
  0.11,
  0.13,
  0.13,
  0.13,
  0.12,
  0.1,
  0.1,
  0.11,
  0.11,
  0.09,
  0.07
 ],
 "chain_pair_iptm": [
  [
   0.14,
   0.3,
   0.24,
   0.16,
   0.11,
   0.07,
   0.05,
   0.04,
   0.04,
   0.04,
   0.03,
   0.03
  ],
  [
   0.3,
   0.15,
   0.28,
   0.2,
   0.13,
   0.09,
   0.06,
   0.04,
   0.04,
   0.04,
   0.04,
   0.04
  ],
  [
   0.24,
   0.28,
   0.15,
   0.27,
   0.18,
   0.12,
   0.09,
   0.05,
   0.05,
   0.04,
   0.04,
   0.03
  ],
  [
   0.16,
   0.2,
   0.27,
   0.15,
   0.27,
   0.19,
   0.13,
   0.07,
   0.06,
   0.05,
   0.04,
   0.03
  ],
  [
   0.11,
   0.13,
   0.18,
   0.27,
   0.15,
   0.27,
   0.19,
   0.08,
   0.08,
   0.06,
   0.04,
   0.04
  ],
  [
   0.07,
   0.09,
   0.12,
   0.19,
   0.27,
   0.16,
   0.28,
   0.09,
   0.07,
   0.06,
   0.04,
   0.03
  ],
  [
   0.05,
   0.06,
   0.09,
   0.13,
   0.19,
   0.28,
   0.15,
   0.09,
   0.08,
   0.06,
   0.04,
   0.03
  ],
  [
   0.04,
   0.04,
   0.05,
   0.07,
   0.08,
   0.09,
   0.09,
   0.15,
   0.28,
   0.2,
   0.12,
   0.07
  ],
  [
   0.04,
   0.04,
   0.05,
   0.06,
   0.08,
   0.07,
   0.08,
   0.28,
   0.16,
   0.27,
   0.16,
   0.09
  ],
  [
   0.04,
   0.04,
   0.04,
   0.05,
   0.06,
   0.06,
   0.06,
   0.2,
   0.27,
   0.15,
   0.23,
   0.14
  ],
  [
   0.03,
   0.04,
   0.04,
   0.04,
   0.04,
   0.04,
   0.04,
   0.12,
   0.16,
   0.23,
   0.14,
   0.21
  ],
  [
   0.03,
   0.04,
   0.03,
   0.03,
   0.04,
   0.03,
   0.03,
   0.07,
   0.09,
   0.14,
   0.21,
   0.13
  ]
 ],
 "chain_pair_pae_min": [
  [
   0.76,
   3.37,
   5.13,
   9.05,
   12.51,
   14.89,
   18.11,
   17.35,
   18.03,
   17.94,
   17.0,
   15.06
  ],
  [
   3.71,
   0.76,
   4.08,
   6.18,
   10.23,
   13.22,
   16.66,
   16.63,
   17.3,
   17.35,
   17.39,
   16.4
  ],
  [
   5.12,
   4.43,
   0.76,
   4.59,
   7.03,
   11.32,
   14.85,
   14.93,
   15.72,
   16.16,
   17.19,
   17.71
  ],
  [
   9.83,
   6.92,
   4.75,
   0.76,
   4.72,
   7.01,
   11.67,
   13.46,
   13.32,
   15.69,
   17.54,
   18.2
  ],
  [
   12.45,
   10.82,
   7.3,
   4.64,
   0.76,
   4.41,
   7.97,
   11.45,
   11.85,
   14.71,
   17.16,
   18.33
  ],
  [
   14.98,
   13.18,
   11.24,
   6.92,
   4.54,
   0.76,
   4.85,
   9.08,
   11.51,
   14.55,
   17.26,
   18.85
  ],
  [
   17.43,
   15.53,
   13.67,
   10.5,
   6.77,
   4.31,
   0.76,
   8.53,
   11.62,
   15.15,
   18.25,
   19.58
  ],
  [
   18.91,
   17.43,
   15.86,
   12.66,
   10.3,
   9.01,
   9.13,
   0.76,
   3.61,
   7.23,
   12.06,
   16.15
  ],
  [
   18.78,
   16.97,
   15.42,
   12.49,
   11.3,
   11.51,
   11.28,
   4.35,
   0.76,
   4.44,
   8.81,
   14.0
  ],
  [
   18.29,
   16.82,
   15.26,
   14.45,
   13.85,
   13.74,
   14.6,
   7.41,
   4.68,
   0.76,
   5.94,
   11.3
  ],
  [
   16.99,
   16.52,
   16.28,
   16.83,
   17.02,
   16.08,
   17.2,
   12.59,
   7.84,
   5.27,
   0.76,
   7.3
  ],
  [
   14.48,
   14.79,
   16.43,
   17.68,
   18.79,
   19.27,
   20.44,
   17.17,
   13.97,
   9.32,
   6.24,
   0.76
  ]
 ],
 "chain_ptm": [
  0.14,
  0.15,
  0.15,
  0.15,
  0.15,
  0.16,
  0.15,
  0.15,
  0.16,
  0.15,
  0.14,
  0.13
 ],
 "fraction_disordered": 1.0,
 "has_clash": 0.0,
 "iptm": 0.31,
 "num_recycles": 10.0,
 "ptm": 0.34,
 "ranking_score": 0.81
}