{
 "chain_iptm": [
  0.12,
  0.13,
  0.14,
  0.14,
  0.12,
  0.12
 ],
 "chain_pair_iptm": [
  [
   0.25,
   0.22,
   0.13,
   0.12,
   0.08,
   0.08
  ],
  [
   0.22,
   0.25,
   0.13,
   0.12,
   0.08,
   0.08
  ],
  [
   0.13,
   0.13,
   0.24,
   0.2,
   0.12,
   0.12
  ],
  [
   0.12,
   0.12,
   0.2,
   0.24,
   0.12,
   0.12
  ],
  [
   0.08,
   0.08,
   0.12,
   0.12,
   0.25,
   0.21
  ],
  [
   0.08,
   0.08,
   0.12,
   0.12,
   0.21,
   0.25
  ]
 ],
 "chain_pair_pae_min": [
  [
   0.76,
   5.95,
   11.65,
   11.13,
   18.37,
   19.12
  ],
  [
   6.02,
   0.77,
   10.77,
   11.91,
   19.27,
   18.76
  ],
  [
   12.19,
   10.82,
   0.76,
   7.02,
   13.56,
   13.11
  ],
  [
   10.87,
   12.83,
   6.95,
   0.76,
   12.22,
   13.27
  ],
  [
   16.43,
   17.26,
   11.51,
   10.2,
   0.77,
   6.33
  ],
  [
   17.64,
   16.73,
   10.65,
   11.68,
   6.3,
   0.77
  ]
 ],
 "chain_ptm": [
  0.25,
  0.25,
  0.24,
  0.24,
  0.25,
  0.25
 ],
 "fraction_disordered": 0.9,
 "has_clash": 0.0,
 "iptm": 0.23,
 "num_recycles": 10.0,
 "ptm": 0.25,
 "ranking_score": 0.68
}