{
 "chain_iptm": [
  0.14,
  0.14,
  0.16,
  0.16,
  0.14,
  0.14
 ],
 "chain_pair_iptm": [
  [
   0.26,
   0.25,
   0.15,
   0.14,
   0.09,
   0.09
  ],
  [
   0.25,
   0.26,
   0.14,
   0.14,
   0.09,
   0.09
  ],
  [
   0.15,
   0.14,
   0.25,
   0.22,
   0.14,
   0.13
  ],
  [
   0.14,
   0.14,
   0.22,
   0.25,
   0.14,
   0.14
  ],
  [
   0.09,
   0.09,
   0.14,
   0.14,
   0.26,
   0.23
  ],
  [
   0.09,
   0.09,
   0.13,
   0.14,
   0.23,
   0.26
  ]
 ],
 "chain_pair_pae_min": [
  [
   0.76,
   5.64,
   10.95,
   10.19,
   17.4,
   17.94
  ],
  [
   5.56,
   0.77,
   9.66,
   11.26,
   17.53,
   17.76
  ],
  [
   11.65,
   10.43,
   0.76,
   6.53,
   12.58,
   11.97
  ],
  [
   10.65,
   12.35,
   6.51,
   0.76,
   11.45,
   12.24
  ],
  [
   16.77,
   16.86,
   11.13,
   10.6,
   0.76,
   6.14
  ],
  [
   17.16,
   17.07,
   9.87,
   11.16,
   6.09,
   0.76
  ]
 ],
 "chain_ptm": [
  0.26,
  0.26,
  0.25,
  0.25,
  0.26,
  0.26
 ],
 "fraction_disordered": 0.79,
 "has_clash": 0.0,
 "iptm": 0.25,
 "num_recycles": 10.0,
 "ptm": 0.27,
 "ranking_score": 0.65
}