{
 "chain_iptm": [
  0.14,
  0.14,
  0.16,
  0.16,
  0.14,
  0.14
 ],
 "chain_pair_iptm": [
  [
   0.26,
   0.25,
   0.14,
   0.13,
   0.09,
   0.09
  ],
  [
   0.25,
   0.26,
   0.14,
   0.14,
   0.09,
   0.09
  ],
  [
   0.14,
   0.14,
   0.26,
   0.22,
   0.14,
   0.14
  ],
  [
   0.13,
   0.14,
   0.22,
   0.26,
   0.14,
   0.14
  ],
  [
   0.09,
   0.09,
   0.14,
   0.14,
   0.27,
   0.24
  ],
  [
   0.09,
   0.09,
   0.14,
   0.14,
   0.24,
   0.27
  ]
 ],
 "chain_pair_pae_min": [
  [
   0.76,
   5.42,
   11.48,
   10.95,
   18.32,
   18.53
  ],
  [
   5.4,
   0.77,
   10.21,
   11.69,
   18.44,
   18.39
  ],
  [
   12.37,
   10.93,
   0.76,
   6.29,
   12.8,
   12.73
  ],
  [
   11.88,
   13.14,
   6.26,
   0.76,
   11.63,
   12.54
  ],
  [
   18.04,
   18.56,
   11.79,
   10.79,
   0.77,
   6.25
  ],
  [
   18.75,
   18.29,
   11.31,
   11.99,
   6.07,
   0.76
  ]
 ],
 "chain_ptm": [
  0.26,
  0.26,
  0.26,
  0.26,
  0.27,
  0.27
 ],
 "fraction_disordered": 0.52,
 "has_clash": 0.0,
 "iptm": 0.25,
 "num_recycles": 10.0,
 "ptm": 0.27,
 "ranking_score": 0.51
}