{
 "chain_iptm": [
  0.11,
  0.11,
  0.12,
  0.11,
  0.1,
  0.1
 ],
 "chain_pair_iptm": [
  [
   0.25,
   0.22,
   0.12,
   0.11,
   0.06,
   0.06
  ],
  [
   0.22,
   0.25,
   0.12,
   0.11,
   0.06,
   0.06
  ],
  [
   0.12,
   0.12,
   0.24,
   0.19,
   0.08,
   0.08
  ],
  [
   0.11,
   0.11,
   0.19,
   0.24,
   0.08,
   0.08
  ],
  [
   0.06,
   0.06,
   0.08,
   0.08,
   0.26,
   0.21
  ],
  [
   0.06,
   0.06,
   0.08,
   0.08,
   0.21,
   0.25
  ]
 ],
 "chain_pair_pae_min": [
  [
   0.76,
   6.01,
   11.61,
   11.34,
   19.25,
   18.46
  ],
  [
   5.98,
   0.77,
   10.89,
   12.09,
   18.45,
   19.81
  ],
  [
   12.84,
   12.15,
   0.76,
   6.64,
   15.83,
   15.49
  ],
  [
   12.76,
   13.24,
   6.66,
   0.76,
   13.92,
   15.44
  ],
  [
   18.98,
   18.84,
   13.88,
   13.04,
   0.77,
   6.92
  ],
  [
   19.01,
   19.53,
   13.97,
   13.68,
   6.83,
   0.77
  ]
 ],
 "chain_ptm": [
  0.25,
  0.25,
  0.24,
  0.24,
  0.26,
  0.25
 ],
 "fraction_disordered": 0.81,
 "has_clash": 0.0,
 "iptm": 0.2,
 "num_recycles": 10.0,
 "ptm": 0.23,
 "ranking_score": 0.61
}