{
 "chain_iptm": [
  0.12,
  0.12,
  0.13,
  0.13,
  0.12,
  0.11
 ],
 "chain_pair_iptm": [
  [
   0.24,
   0.19,
   0.12,
   0.12,
   0.08,
   0.08
  ],
  [
   0.19,
   0.24,
   0.12,
   0.12,
   0.08,
   0.08
  ],
  [
   0.12,
   0.12,
   0.23,
   0.17,
   0.11,
   0.11
  ],
  [
   0.12,
   0.12,
   0.17,
   0.23,
   0.12,
   0.11
  ],
  [
   0.08,
   0.08,
   0.11,
   0.12,
   0.23,
   0.19
  ],
  [
   0.08,
   0.08,
   0.11,
   0.11,
   0.19,
   0.24
  ]
 ],
 "chain_pair_pae_min": [
  [
   0.76,
   6.35,
   11.53,
   10.83,
   17.55,
   18.96
  ],
  [
   6.45,
   0.76,
   10.42,
   11.91,
   18.8,
   17.85
  ],
  [
   12.5,
   11.06,
   0.76,
   7.55,
   13.56,
   11.98
  ],
  [
   11.59,
   13.25,
   7.54,
   0.76,
   11.32,
   13.24
  ],
  [
   17.15,
   17.51,
   12.31,
   10.51,
   0.76,
   7.02
  ],
  [
   17.99,
   17.26,
   10.54,
   12.14,
   7.1,
   0.76
  ]
 ],
 "chain_ptm": [
  0.24,
  0.24,
  0.23,
  0.23,
  0.23,
  0.24
 ],
 "fraction_disordered": 0.92,
 "has_clash": 0.0,
 "iptm": 0.22,
 "num_recycles": 10.0,
 "ptm": 0.24,
 "ranking_score": 0.68
}