{
 "chain_iptm": [
  0.12,
  0.13,
  0.13,
  0.12,
  0.12,
  0.12
 ],
 "chain_pair_iptm": [
  [
   0.34,
   0.19,
   0.11,
   0.08,
   0.09,
   0.15
  ],
  [
   0.19,
   0.33,
   0.18,
   0.1,
   0.07,
   0.09
  ],
  [
   0.11,
   0.18,
   0.34,
   0.17,
   0.09,
   0.08
  ],
  [
   0.08,
   0.1,
   0.17,
   0.34,
   0.17,
   0.1
  ],
  [
   0.09,
   0.07,
   0.09,
   0.17,
   0.34,
   0.17
  ],
  [
   0.15,
   0.09,
   0.08,
   0.1,
   0.17,
   0.35
  ]
 ],
 "chain_pair_pae_min": [
  [
   0.76,
   8.24,
   11.81,
   13.94,
   13.93,
   10.49
  ],
  [
   7.96,
   0.76,
   8.48,
   12.66,
   14.95,
   14.08
  ],
  [
   11.83,
   8.12,
   0.76,
   9.2,
   13.18,
   14.55
  ],
  [
   14.31,
   12.54,
   8.91,
   0.76,
   9.32,
   12.59
  ],
  [
   14.6,
   14.92,
   13.12,
   9.11,
   0.76,
   9.12
  ],
  [
   10.81,
   14.02,
   14.59,
   12.69,
   9.08,
   0.76
  ]
 ],
 "chain_ptm": [
  0.34,
  0.33,
  0.34,
  0.34,
  0.34,
  0.35
 ],
 "fraction_disordered": 1.0,
 "has_clash": 0.0,
 "iptm": 0.24,
 "num_recycles": 10.0,
 "ptm": 0.31,
 "ranking_score": 0.76
}