{
 "chain_iptm": [
  0.11,
  0.12,
  0.11,
  0.11,
  0.11,
  0.11
 ],
 "chain_pair_iptm": [
  [
   0.32,
   0.17,
   0.1,
   0.08,
   0.09,
   0.14
  ],
  [
   0.17,
   0.31,
   0.16,
   0.09,
   0.07,
   0.09
  ],
  [
   0.1,
   0.16,
   0.32,
   0.15,
   0.09,
   0.07
  ],
  [
   0.08,
   0.09,
   0.15,
   0.32,
   0.15,
   0.09
  ],
  [
   0.09,
   0.07,
   0.09,
   0.15,
   0.32,
   0.14
  ],
  [
   0.14,
   0.09,
   0.07,
   0.09,
   0.14,
   0.32
  ]
 ],
 "chain_pair_pae_min": [
  [
   0.77,
   8.97,
   12.2,
   14.33,
   13.53,
   10.47
  ],
  [
   8.69,
   0.77,
   9.85,
   13.08,
   15.34,
   14.12
  ],
  [
   11.61,
   9.27,
   0.77,
   9.99,
   13.57,
   15.42
  ],
  [
   14.32,
   12.54,
   9.69,
   0.77,
   10.02,
   13.25
  ],
  [
   13.94,
   15.11,
   12.8,
   9.61,
   0.77,
   10.23
  ],
  [
   10.38,
   13.79,
   14.53,
   12.14,
   9.67,
   0.77
  ]
 ],
 "chain_ptm": [
  0.32,
  0.31,
  0.32,
  0.32,
  0.32,
  0.32
 ],
 "fraction_disordered": 0.97,
 "has_clash": 0.0,
 "iptm": 0.23,
 "num_recycles": 10.0,
 "ptm": 0.3,
 "ranking_score": 0.73
}