{
 "chain_iptm": [
  0.11,
  0.11,
  0.11,
  0.11,
  0.11,
  0.11
 ],
 "chain_pair_iptm": [
  [
   0.3,
   0.16,
   0.1,
   0.08,
   0.09,
   0.13
  ],
  [
   0.16,
   0.29,
   0.15,
   0.09,
   0.07,
   0.09
  ],
  [
   0.1,
   0.15,
   0.29,
   0.15,
   0.09,
   0.08
  ],
  [
   0.08,
   0.09,
   0.15,
   0.29,
   0.14,
   0.09
  ],
  [
   0.09,
   0.07,
   0.09,
   0.14,
   0.3,
   0.14
  ],
  [
   0.13,
   0.09,
   0.08,
   0.09,
   0.14,
   0.3
  ]
 ],
 "chain_pair_pae_min": [
  [
   0.77,
   8.45,
   11.53,
   13.96,
   13.4,
   10.79
  ],
  [
   8.39,
   0.77,
   9.13,
   12.79,
   14.48,
   13.67
  ],
  [
   10.93,
   8.9,
   0.77,
   9.48,
   12.94,
   14.66
  ],
  [
   13.85,
   12.12,
   9.18,
   0.77,
   9.75,
   12.7
  ],
  [
   13.88,
   14.22,
   12.41,
   9.35,
   0.77,
   10.04
  ],
  [
   10.99,
   13.72,
   13.75,
   11.93,
   9.62,
   0.77
  ]
 ],
 "chain_ptm": [
  0.3,
  0.29,
  0.29,
  0.29,
  0.3,
  0.3
 ],
 "fraction_disordered": 0.88,
 "has_clash": 0.0,
 "iptm": 0.23,
 "num_recycles": 10.0,
 "ptm": 0.3,
 "ranking_score": 0.68
}