{
 "chain_iptm": [
  0.12,
  0.12,
  0.12,
  0.12,
  0.11,
  0.11
 ],
 "chain_pair_iptm": [
  [
   0.32,
   0.18,
   0.1,
   0.08,
   0.09,
   0.15
  ],
  [
   0.18,
   0.31,
   0.17,
   0.1,
   0.07,
   0.09
  ],
  [
   0.1,
   0.17,
   0.31,
   0.16,
   0.09,
   0.08
  ],
  [
   0.08,
   0.1,
   0.16,
   0.32,
   0.16,
   0.1
  ],
  [
   0.09,
   0.07,
   0.09,
   0.16,
   0.32,
   0.15
  ],
  [
   0.15,
   0.09,
   0.08,
   0.1,
   0.15,
   0.32
  ]
 ],
 "chain_pair_pae_min": [
  [
   0.77,
   8.02,
   11.48,
   13.74,
   13.55,
   10.62
  ],
  [
   7.76,
   0.77,
   8.54,
   12.87,
   14.87,
   13.27
  ],
  [
   11.1,
   8.29,
   0.77,
   8.94,
   13.27,
   14.76
  ],
  [
   13.99,
   12.03,
   8.71,
   0.77,
   9.14,
   12.74
  ],
  [
   13.92,
   14.28,
   12.19,
   8.72,
   0.77,
   9.67
  ],
  [
   10.25,
   13.84,
   13.94,
   11.47,
   9.23,
   0.77
  ]
 ],
 "chain_ptm": [
  0.32,
  0.31,
  0.31,
  0.32,
  0.32,
  0.32
 ],
 "fraction_disordered": 1.0,
 "has_clash": 0.0,
 "iptm": 0.24,
 "num_recycles": 10.0,
 "ptm": 0.31,
 "ranking_score": 0.75
}