{
 "chain_iptm": [
  0.13,
  0.13,
  0.13,
  0.13,
  0.12,
  0.12
 ],
 "chain_pair_iptm": [
  [
   0.33,
   0.19,
   0.12,
   0.08,
   0.1,
   0.16
  ],
  [
   0.19,
   0.33,
   0.18,
   0.1,
   0.08,
   0.1
  ],
  [
   0.12,
   0.18,
   0.33,
   0.17,
   0.1,
   0.08
  ],
  [
   0.08,
   0.1,
   0.17,
   0.33,
   0.17,
   0.1
  ],
  [
   0.1,
   0.08,
   0.1,
   0.17,
   0.33,
   0.16
  ],
  [
   0.16,
   0.1,
   0.08,
   0.1,
   0.16,
   0.34
  ]
 ],
 "chain_pair_pae_min": [
  [
   0.77,
   7.96,
   11.11,
   13.3,
   13.11,
   9.93
  ],
  [
   7.85,
   0.77,
   8.23,
   12.28,
   14.1,
   13.24
  ],
  [
   10.62,
   8.19,
   0.77,
   8.65,
   12.37,
   14.09
  ],
  [
   13.31,
   11.64,
   8.59,
   0.77,
   8.87,
   12.34
  ],
  [
   13.84,
   13.91,
   12.22,
   8.93,
   0.77,
   9.46
  ],
  [
   10.13,
   13.32,
   13.32,
   11.66,
   8.78,
   0.77
  ]
 ],
 "chain_ptm": [
  0.33,
  0.33,
  0.33,
  0.33,
  0.33,
  0.34
 ],
 "fraction_disordered": 0.91,
 "has_clash": 0.0,
 "iptm": 0.25,
 "num_recycles": 10.0,
 "ptm": 0.32,
 "ranking_score": 0.72
}