{
 "chain_iptm": [
  0.26,
  0.3,
  0.31,
  0.29,
  0.25
 ],
 "chain_pair_iptm": [
  [
   0.14,
   0.33,
   0.3,
   0.23,
   0.19
  ],
  [
   0.33,
   0.14,
   0.34,
   0.28,
   0.22
  ],
  [
   0.3,
   0.34,
   0.14,
   0.34,
   0.28
  ],
  [
   0.23,
   0.28,
   0.34,
   0.14,
   0.32
  ],
  [
   0.19,
   0.22,
   0.28,
   0.32,
   0.14
  ]
 ],
 "chain_pair_pae_min": [
  [
   0.76,
   1.91,
   2.89,
   4.77,
   6.16
  ],
  [
   1.74,
   0.76,
   1.99,
   2.96,
   4.83
  ],
  [
   2.97,
   1.94,
   0.76,
   1.91,
   3.46
  ],
  [
   4.89,
   3.07,
   1.99,
   0.76,
   1.81
  ],
  [
   6.42,
   4.94,
   3.34,
   2.11,
   0.76
  ]
 ],
 "chain_ptm": [
  0.14,
  0.14,
  0.14,
  0.14,
  0.14
 ],
 "fraction_disordered": 1.0,
 "has_clash": 0.0,
 "iptm": 0.5,
 "num_recycles": 10.0,
 "ptm": 0.51,
 "ranking_score": 1.0
}