{
 "chain_iptm": [
  0.23,
  0.26,
  0.28,
  0.26,
  0.22
 ],
 "chain_pair_iptm": [
  [
   0.12,
   0.3,
   0.26,
   0.2,
   0.15
  ],
  [
   0.3,
   0.13,
   0.31,
   0.25,
   0.19
  ],
  [
   0.26,
   0.31,
   0.13,
   0.31,
   0.24
  ],
  [
   0.2,
   0.25,
   0.31,
   0.13,
   0.29
  ],
  [
   0.15,
   0.19,
   0.24,
   0.29,
   0.12
  ]
 ],
 "chain_pair_pae_min": [
  [
   0.76,
   2.51,
   3.74,
   6.25,
   8.28
  ],
  [
   2.33,
   0.76,
   2.57,
   4.03,
   6.43
  ],
  [
   3.99,
   2.63,
   0.76,
   2.34,
   4.72
  ],
  [
   6.08,
   4.01,
   2.63,
   0.76,
   2.56
  ],
  [
   8.13,
   6.39,
   4.46,
   2.89,
   0.76
  ]
 ],
 "chain_ptm": [
  0.12,
  0.13,
  0.13,
  0.13,
  0.12
 ],
 "fraction_disordered": 1.0,
 "has_clash": 0.0,
 "iptm": 0.45,
 "num_recycles": 10.0,
 "ptm": 0.47,
 "ranking_score": 0.96
}