{
 "chain_iptm": [
  0.24,
  0.28,
  0.29,
  0.27,
  0.23
 ],
 "chain_pair_iptm": [
  [
   0.12,
   0.31,
   0.28,
   0.21,
   0.17
  ],
  [
   0.31,
   0.13,
   0.32,
   0.26,
   0.21
  ],
  [
   0.28,
   0.32,
   0.13,
   0.31,
   0.26
  ],
  [
   0.21,
   0.26,
   0.31,
   0.13,
   0.3
  ],
  [
   0.17,
   0.21,
   0.26,
   0.3,
   0.13
  ]
 ],
 "chain_pair_pae_min": [
  [
   0.76,
   2.2,
   3.3,
   5.44,
   7.21
  ],
  [
   2.09,
   0.76,
   2.15,
   3.56,
   5.49
  ],
  [
   3.38,
   2.11,
   0.76,
   2.33,
   3.87
  ],
  [
   5.52,
   3.54,
   2.41,
   0.76,
   2.1
  ],
  [
   7.18,
   5.74,
   3.76,
   2.5,
   0.76
  ]
 ],
 "chain_ptm": [
  0.12,
  0.13,
  0.13,
  0.13,
  0.13
 ],
 "fraction_disordered": 1.0,
 "has_clash": 0.0,
 "iptm": 0.47,
 "num_recycles": 10.0,
 "ptm": 0.49,
 "ranking_score": 0.98
}