{
 "chain_iptm": [
  0.14,
  0.17,
  0.18,
  0.16,
  0.13
 ],
 "chain_pair_iptm": [
  [
   0.12,
   0.2,
   0.17,
   0.12,
   0.08
  ],
  [
   0.2,
   0.13,
   0.2,
   0.15,
   0.11
  ],
  [
   0.17,
   0.2,
   0.13,
   0.2,
   0.16
  ],
  [
   0.12,
   0.15,
   0.2,
   0.12,
   0.19
  ],
  [
   0.08,
   0.11,
   0.16,
   0.19,
   0.12
  ]
 ],
 "chain_pair_pae_min": [
  [
   0.76,
   5.14,
   6.37,
   10.75,
   12.97
  ],
  [
   4.93,
   0.76,
   5.47,
   6.57,
   10.43
  ],
  [
   6.39,
   5.31,
   0.76,
   5.45,
   8.05
  ],
  [
   10.18,
   6.54,
   5.72,
   0.76,
   5.66
  ],
  [
   13.32,
   10.65,
   7.35,
   5.78,
   0.76
  ]
 ],
 "chain_ptm": [
  0.12,
  0.13,
  0.13,
  0.12,
  0.12
 ],
 "fraction_disordered": 1.0,
 "has_clash": 0.0,
 "iptm": 0.28,
 "num_recycles": 10.0,
 "ptm": 0.31,
 "ranking_score": 0.78
}