{
 "chain_iptm": [
  0.28,
  0.32,
  0.33,
  0.31,
  0.27
 ],
 "chain_pair_iptm": [
  [
   0.14,
   0.36,
   0.31,
   0.25,
   0.2
  ],
  [
   0.36,
   0.14,
   0.36,
   0.3,
   0.25
  ],
  [
   0.31,
   0.36,
   0.15,
   0.36,
   0.3
  ],
  [
   0.25,
   0.3,
   0.36,
   0.15,
   0.35
  ],
  [
   0.2,
   0.25,
   0.3,
   0.35,
   0.14
  ]
 ],
 "chain_pair_pae_min": [
  [
   0.76,
   1.71,
   2.82,
   4.31,
   5.74
  ],
  [
   1.53,
   0.76,
   1.79,
   2.86,
   4.48
  ],
  [
   2.81,
   1.78,
   0.76,
   1.7,
   3.13
  ],
  [
   4.23,
   2.91,
   1.85,
   0.76,
   1.66
  ],
  [
   5.67,
   4.57,
   3.02,
   1.97,
   0.76
  ]
 ],
 "chain_ptm": [
  0.14,
  0.14,
  0.15,
  0.15,
  0.14
 ],
 "fraction_disordered": 1.0,
 "has_clash": 0.0,
 "iptm": 0.52,
 "num_recycles": 10.0,
 "ptm": 0.54,
 "ranking_score": 1.03
}