{
 "chain_iptm": [
  0.05,
  0.06,
  0.06,
  0.06,
  0.05,
  0.05
 ],
 "chain_pair_iptm": [
  [
   0.24,
   0.07,
   0.05,
   0.05,
   0.05,
   0.06
  ],
  [
   0.07,
   0.24,
   0.06,
   0.05,
   0.05,
   0.05
  ],
  [
   0.05,
   0.06,
   0.24,
   0.06,
   0.05,
   0.05
  ],
  [
   0.05,
   0.05,
   0.06,
   0.24,
   0.06,
   0.05
  ],
  [
   0.05,
   0.05,
   0.05,
   0.06,
   0.24,
   0.07
  ],
  [
   0.06,
   0.05,
   0.05,
   0.05,
   0.07,
   0.24
  ]
 ],
 "chain_pair_pae_min": [
  [
   0.76,
   18.48,
   25.92,
   27.68,
   27.42,
   22.93
  ],
  [
   20.31,
   0.76,
   20.46,
   26.69,
   28.19,
   27.12
  ],
  [
   26.18,
   21.6,
   0.76,
   20.12,
   26.53,
   27.93
  ],
  [
   27.87,
   26.62,
   21.52,
   0.76,
   20.33,
   26.32
  ],
  [
   26.9,
   28.18,
   26.78,
   21.5,
   0.76,
   19.84
  ],
  [
   20.92,
   26.9,
   27.89,
   26.4,
   21.18,
   0.76
  ]
 ],
 "chain_ptm": [
  0.24,
  0.24,
  0.24,
  0.24,
  0.24,
  0.24
 ],
 "fraction_disordered": 0.45,
 "has_clash": 0.0,
 "iptm": 0.12,
 "num_recycles": 10.0,
 "ptm": 0.16,
 "ranking_score": 0.35
}