{
 "chain_iptm": [
  0.07,
  0.07,
  0.07,
  0.07,
  0.07,
  0.07
 ],
 "chain_pair_iptm": [
  [
   0.26,
   0.11,
   0.06,
   0.05,
   0.06,
   0.09
  ],
  [
   0.11,
   0.26,
   0.1,
   0.06,
   0.05,
   0.06
  ],
  [
   0.06,
   0.1,
   0.27,
   0.1,
   0.06,
   0.05
  ],
  [
   0.05,
   0.06,
   0.1,
   0.27,
   0.1,
   0.06
  ],
  [
   0.06,
   0.05,
   0.06,
   0.1,
   0.27,
   0.1
  ],
  [
   0.09,
   0.06,
   0.05,
   0.06,
   0.1,
   0.27
  ]
 ],
 "chain_pair_pae_min": [
  [
   0.76,
   13.93,
   21.07,
   23.66,
   22.92,
   18.31
  ],
  [
   15.15,
   0.76,
   15.37,
   21.83,
   24.24,
   23.26
  ],
  [
   21.7,
   16.01,
   0.76,
   15.32,
   22.25,
   24.46
  ],
  [
   23.64,
   22.15,
   16.25,
   0.76,
   15.55,
   22.14
  ],
  [
   22.15,
   24.22,
   22.22,
   16.13,
   0.76,
   14.81
  ],
  [
   17.79,
   22.38,
   24.0,
   22.18,
   15.68,
   0.76
  ]
 ],
 "chain_ptm": [
  0.26,
  0.26,
  0.27,
  0.27,
  0.27,
  0.27
 ],
 "fraction_disordered": 0.22,
 "has_clash": 0.0,
 "iptm": 0.14,
 "num_recycles": 10.0,
 "ptm": 0.18,
 "ranking_score": 0.26
}