{
 "chain_iptm": [
  0.06,
  0.06,
  0.06,
  0.06,
  0.06,
  0.06
 ],
 "chain_pair_iptm": [
  [
   0.25,
   0.09,
   0.05,
   0.05,
   0.05,
   0.07
  ],
  [
   0.09,
   0.25,
   0.08,
   0.05,
   0.05,
   0.05
  ],
  [
   0.05,
   0.08,
   0.25,
   0.08,
   0.05,
   0.05
  ],
  [
   0.05,
   0.05,
   0.08,
   0.25,
   0.08,
   0.05
  ],
  [
   0.05,
   0.05,
   0.05,
   0.08,
   0.25,
   0.08
  ],
  [
   0.07,
   0.05,
   0.05,
   0.05,
   0.08,
   0.26
  ]
 ],
 "chain_pair_pae_min": [
  [
   0.76,
   17.14,
   22.5,
   25.75,
   24.45,
   19.6
  ],
  [
   17.08,
   0.76,
   18.58,
   23.9,
   26.31,
   24.67
  ],
  [
   23.28,
   17.85,
   0.76,
   18.32,
   24.02,
   26.21
  ],
  [
   25.58,
   23.89,
   17.47,
   0.76,
   18.55,
   24.13
  ],
  [
   24.3,
   26.2,
   23.89,
   17.67,
   0.76,
   17.75
  ],
  [
   19.97,
   24.14,
   25.89,
   23.77,
   17.41,
   0.76
  ]
 ],
 "chain_ptm": [
  0.25,
  0.25,
  0.25,
  0.25,
  0.25,
  0.26
 ],
 "fraction_disordered": 0.27,
 "has_clash": 0.0,
 "iptm": 0.13,
 "num_recycles": 10.0,
 "ptm": 0.17,
 "ranking_score": 0.27
}