{
 "chain_iptm": [
  0.07,
  0.07,
  0.07,
  0.07,
  0.07,
  0.07
 ],
 "chain_pair_iptm": [
  [
   0.25,
   0.1,
   0.06,
   0.05,
   0.05,
   0.08
  ],
  [
   0.1,
   0.25,
   0.09,
   0.06,
   0.05,
   0.05
  ],
  [
   0.06,
   0.09,
   0.26,
   0.09,
   0.06,
   0.05
  ],
  [
   0.05,
   0.06,
   0.09,
   0.26,
   0.09,
   0.06
  ],
  [
   0.05,
   0.05,
   0.06,
   0.09,
   0.26,
   0.09
  ],
  [
   0.08,
   0.05,
   0.05,
   0.06,
   0.09,
   0.26
  ]
 ],
 "chain_pair_pae_min": [
  [
   0.76,
   14.44,
   21.57,
   24.33,
   23.32,
   18.49
  ],
  [
   15.55,
   0.76,
   15.98,
   22.44,
   25.01,
   23.79
  ],
  [
   22.36,
   16.72,
   0.76,
   15.79,
   22.71,
   25.27
  ],
  [
   24.25,
   22.7,
   16.46,
   0.76,
   16.11,
   22.74
  ],
  [
   22.67,
   24.32,
   23.01,
   16.97,
   0.76,
   15.68
  ],
  [
   18.05,
   22.93,
   24.58,
   22.47,
   16.08,
   0.76
  ]
 ],
 "chain_ptm": [
  0.25,
  0.25,
  0.26,
  0.26,
  0.26,
  0.26
 ],
 "fraction_disordered": 0.31,
 "has_clash": 0.0,
 "iptm": 0.13,
 "num_recycles": 10.0,
 "ptm": 0.18,
 "ranking_score": 0.3
}