{
 "chain_iptm": [
  0.05,
  0.05,
  0.05,
  0.05,
  0.05,
  0.05
 ],
 "chain_pair_iptm": [
  [
   0.24,
   0.07,
   0.05,
   0.04,
   0.05,
   0.06
  ],
  [
   0.07,
   0.24,
   0.06,
   0.05,
   0.04,
   0.05
  ],
  [
   0.05,
   0.06,
   0.25,
   0.06,
   0.05,
   0.04
  ],
  [
   0.04,
   0.05,
   0.06,
   0.25,
   0.06,
   0.05
  ],
  [
   0.05,
   0.04,
   0.05,
   0.06,
   0.25,
   0.07
  ],
  [
   0.06,
   0.05,
   0.04,
   0.05,
   0.07,
   0.25
  ]
 ],
 "chain_pair_pae_min": [
  [
   0.76,
   19.55,
   26.84,
   29.08,
   28.25,
   23.63
  ],
  [
   21.3,
   0.76,
   21.01,
   27.31,
   29.08,
   28.12
  ],
  [
   27.2,
   22.5,
   0.76,
   20.63,
   26.96,
   29.08
  ],
  [
   29.18,
   27.91,
   22.04,
   0.76,
   20.99,
   26.84
  ],
  [
   27.3,
   29.09,
   27.84,
   22.1,
   0.76,
   20.92
  ],
  [
   22.33,
   27.3,
   28.96,
   27.57,
   21.81,
   0.76
  ]
 ],
 "chain_ptm": [
  0.24,
  0.24,
  0.25,
  0.25,
  0.25,
  0.25
 ],
 "fraction_disordered": 0.46,
 "has_clash": 0.0,
 "iptm": 0.11,
 "num_recycles": 10.0,
 "ptm": 0.16,
 "ranking_score": 0.35
}