{
 "chain_iptm": [
  0.04,
  0.05,
  0.05,
  0.04,
  0.04,
  0.04,
  0.04,
  0.04
 ],
 "chain_pair_iptm": [
  [
   0.11,
   0.1,
   0.07,
   0.04,
   0.03,
   0.02,
   0.02,
   0.02
  ],
  [
   0.1,
   0.11,
   0.08,
   0.05,
   0.03,
   0.03,
   0.02,
   0.02
  ],
  [
   0.07,
   0.08,
   0.11,
   0.08,
   0.03,
   0.03,
   0.02,
   0.02
  ],
  [
   0.04,
   0.05,
   0.08,
   0.11,
   0.05,
   0.03,
   0.02,
   0.02
  ],
  [
   0.03,
   0.03,
   0.03,
   0.05,
   0.11,
   0.07,
   0.05,
   0.03
  ],
  [
   0.02,
   0.03,
   0.03,
   0.03,
   0.07,
   0.11,
   0.07,
   0.05
  ],
  [
   0.02,
   0.02,
   0.02,
   0.02,
   0.05,
   0.07,
   0.11,
   0.08
  ],
  [
   0.02,
   0.02,
   0.02,
   0.02,
   0.03,
   0.05,
   0.08,
   0.11
  ]
 ],
 "chain_pair_pae_min": [
  [
   0.77,
   7.36,
   11.8,
   18.81,
   21.17,
   22.27,
   23.08,
   23.79
  ],
  [
   7.68,
   0.77,
   9.49,
   16.73,
   18.5,
   21.25,
   23.42,
   24.21
  ],
  [
   11.79,
   9.4,
   0.77,
   10.44,
   18.26,
   21.24,
   23.59,
   25.35
  ],
  [
   18.27,
   14.74,
   8.99,
   0.77,
   12.52,
   16.8,
   22.53,
   25.22
  ],
  [
   20.05,
   17.36,
   16.56,
   12.68,
   0.77,
   9.42,
   16.14,
   21.08
  ],
  [
   21.16,
   20.21,
   21.2,
   18.26,
   10.36,
   0.77,
   11.24,
   17.08
  ],
  [
   22.06,
   21.79,
   23.18,
   22.41,
   15.86,
   10.94,
   0.77,
   9.42
  ],
  [
   22.67,
   22.2,
   23.41,
   25.04,
   19.6,
   14.6,
   8.94,
   0.77
  ]
 ],
 "chain_ptm": [
  0.11,
  0.11,
  0.11,
  0.11,
  0.11,
  0.11,
  0.11,
  0.11
 ],
 "fraction_disordered": 1.0,
 "has_clash": 0.0,
 "iptm": 0.12,
 "num_recycles": 10.0,
 "ptm": 0.14,
 "ranking_score": 0.62
}