{
 "chain_iptm": [
  0.09,
  0.1,
  0.1,
  0.09,
  0.09,
  0.1,
  0.1,
  0.09
 ],
 "chain_pair_iptm": [
  [
   0.16,
   0.21,
   0.19,
   0.14,
   0.02,
   0.02,
   0.02,
   0.02
  ],
  [
   0.21,
   0.17,
   0.22,
   0.17,
   0.02,
   0.02,
   0.02,
   0.02
  ],
  [
   0.19,
   0.22,
   0.18,
   0.21,
   0.03,
   0.03,
   0.02,
   0.02
  ],
  [
   0.14,
   0.17,
   0.21,
   0.18,
   0.03,
   0.03,
   0.02,
   0.02
  ],
  [
   0.02,
   0.02,
   0.03,
   0.03,
   0.18,
   0.22,
   0.18,
   0.13
  ],
  [
   0.02,
   0.02,
   0.03,
   0.03,
   0.22,
   0.19,
   0.23,
   0.17
  ],
  [
   0.02,
   0.02,
   0.02,
   0.02,
   0.18,
   0.23,
   0.19,
   0.22
  ],
  [
   0.02,
   0.02,
   0.02,
   0.02,
   0.13,
   0.17,
   0.22,
   0.17
  ]
 ],
 "chain_pair_pae_min": [
  [
   0.76,
   3.83,
   5.97,
   10.46,
   24.06,
   24.4,
   24.42,
   24.45
  ],
  [
   3.89,
   0.76,
   4.01,
   8.94,
   23.39,
   23.98,
   24.05,
   24.39
  ],
  [
   6.09,
   4.37,
   0.76,
   5.37,
   22.14,
   23.36,
   23.92,
   24.32
  ],
  [
   10.36,
   7.55,
   4.96,
   0.76,
   19.68,
   21.79,
   23.59,
   24.53
  ],
  [
   24.39,
   23.38,
   22.27,
   20.04,
   0.76,
   4.28,
   7.39,
   12.27
  ],
  [
   24.4,
   23.95,
   23.41,
   21.51,
   4.7,
   0.76,
   4.29,
   9.24
  ],
  [
   24.07,
   23.72,
   23.88,
   23.02,
   7.83,
   4.64,
   0.76,
   5.17
  ],
  [
   23.78,
   23.58,
   24.53,
   24.16,
   11.51,
   7.55,
   3.71,
   0.76
  ]
 ],
 "chain_ptm": [
  0.16,
  0.17,
  0.18,
  0.18,
  0.18,
  0.19,
  0.19,
  0.17
 ],
 "fraction_disordered": 1.0,
 "has_clash": 0.0,
 "iptm": 0.2,
 "num_recycles": 10.0,
 "ptm": 0.23,
 "ranking_score": 0.7
}