{
 "chain_iptm": [
  0.1,
  0.11,
  0.11,
  0.1,
  0.09,
  0.1,
  0.1,
  0.09
 ],
 "chain_pair_iptm": [
  [
   0.16,
   0.23,
   0.21,
   0.16,
   0.03,
   0.03,
   0.03,
   0.03
  ],
  [
   0.23,
   0.18,
   0.24,
   0.19,
   0.03,
   0.03,
   0.03,
   0.03
  ],
  [
   0.21,
   0.24,
   0.19,
   0.22,
   0.04,
   0.04,
   0.03,
   0.03
  ],
  [
   0.16,
   0.19,
   0.22,
   0.18,
   0.04,
   0.04,
   0.03,
   0.03
  ],
  [
   0.03,
   0.03,
   0.04,
   0.04,
   0.17,
   0.21,
   0.16,
   0.11
  ],
  [
   0.03,
   0.03,
   0.04,
   0.04,
   0.21,
   0.19,
   0.22,
   0.16
  ],
  [
   0.03,
   0.03,
   0.03,
   0.03,
   0.16,
   0.22,
   0.19,
   0.21
  ],
  [
   0.03,
   0.03,
   0.03,
   0.03,
   0.11,
   0.16,
   0.21,
   0.17
  ]
 ],
 "chain_pair_pae_min": [
  [
   0.76,
   3.26,
   5.31,
   9.26,
   20.67,
   20.71,
   20.67,
   21.71
  ],
  [
   3.35,
   0.76,
   3.55,
   8.23,
   19.73,
   20.1,
   20.66,
   21.51
  ],
  [
   5.07,
   3.63,
   0.76,
   5.24,
   17.56,
   19.22,
   20.77,
   22.1
  ],
  [
   8.81,
   6.75,
   4.59,
   0.76,
   13.44,
   16.44,
   19.46,
   21.71
  ],
  [
   21.22,
   19.27,
   17.22,
   14.0,
   0.76,
   4.3,
   7.9,
   12.49
  ],
  [
   21.81,
   20.15,
   19.26,
   17.52,
   4.43,
   0.76,
   4.66,
   9.46
  ],
  [
   20.97,
   20.27,
   20.0,
   19.85,
   8.8,
   4.36,
   0.76,
   5.01
  ],
  [
   20.16,
   20.19,
   20.41,
   21.3,
   12.41,
   7.7,
   3.86,
   0.76
  ]
 ],
 "chain_ptm": [
  0.16,
  0.18,
  0.19,
  0.18,
  0.17,
  0.19,
  0.19,
  0.17
 ],
 "fraction_disordered": 1.0,
 "has_clash": 0.0,
 "iptm": 0.22,
 "num_recycles": 10.0,
 "ptm": 0.24,
 "ranking_score": 0.72
}