{
 "chain_iptm": [
  0.06,
  0.06,
  0.06,
  0.05,
  0.05,
  0.06,
  0.05,
  0.04
 ],
 "chain_pair_iptm": [
  [
   0.12,
   0.14,
   0.1,
   0.06,
   0.03,
   0.03,
   0.03,
   0.02
  ],
  [
   0.14,
   0.13,
   0.12,
   0.08,
   0.03,
   0.03,
   0.03,
   0.02
  ],
  [
   0.1,
   0.12,
   0.13,
   0.11,
   0.04,
   0.03,
   0.03,
   0.02
  ],
  [
   0.06,
   0.08,
   0.11,
   0.13,
   0.04,
   0.03,
   0.02,
   0.02
  ],
  [
   0.03,
   0.03,
   0.04,
   0.04,
   0.12,
   0.1,
   0.07,
   0.05
  ],
  [
   0.03,
   0.03,
   0.03,
   0.03,
   0.1,
   0.14,
   0.1,
   0.07
  ],
  [
   0.03,
   0.03,
   0.03,
   0.02,
   0.07,
   0.1,
   0.13,
   0.1
  ],
  [
   0.02,
   0.02,
   0.02,
   0.02,
   0.05,
   0.07,
   0.1,
   0.12
  ]
 ],
 "chain_pair_pae_min": [
  [
   0.77,
   5.94,
   9.88,
   16.16,
   17.76,
   19.21,
   22.08,
   23.55
  ],
  [
   5.96,
   0.76,
   8.08,
   13.38,
   17.46,
   20.46,
   22.83,
   24.58
  ],
  [
   10.33,
   8.07,
   0.77,
   9.78,
   17.85,
   21.1,
   23.34,
   24.79
  ],
  [
   16.3,
   12.63,
   9.06,
   0.77,
   15.24,
   20.35,
   23.89,
   25.25
  ],
  [
   18.5,
   17.74,
   16.87,
   13.87,
   0.77,
   8.27,
   14.66,
   19.36
  ],
  [
   19.62,
   19.79,
   20.79,
   20.96,
   9.0,
   0.77,
   9.49,
   15.31
  ],
  [
   21.02,
   21.81,
   23.05,
   23.21,
   14.46,
   8.57,
   0.77,
   10.01
  ],
  [
   22.34,
   23.8,
   24.75,
   25.11,
   17.66,
   13.79,
   7.91,
   0.77
  ]
 ],
 "chain_ptm": [
  0.12,
  0.13,
  0.13,
  0.13,
  0.12,
  0.14,
  0.13,
  0.12
 ],
 "fraction_disordered": 1.0,
 "has_clash": 0.0,
 "iptm": 0.14,
 "num_recycles": 10.0,
 "ptm": 0.16,
 "ranking_score": 0.65
}