{
 "chain_iptm": [
  0.12,
  0.13,
  0.13,
  0.11,
  0.11,
  0.13,
  0.12,
  0.11
 ],
 "chain_pair_iptm": [
  [
   0.2,
   0.29,
   0.25,
   0.18,
   0.03,
   0.03,
   0.03,
   0.03
  ],
  [
   0.29,
   0.21,
   0.28,
   0.21,
   0.03,
   0.03,
   0.03,
   0.03
  ],
  [
   0.25,
   0.28,
   0.21,
   0.25,
   0.04,
   0.04,
   0.04,
   0.03
  ],
  [
   0.18,
   0.21,
   0.25,
   0.2,
   0.04,
   0.04,
   0.04,
   0.03
  ],
  [
   0.03,
   0.03,
   0.04,
   0.04,
   0.2,
   0.26,
   0.21,
   0.16
  ],
  [
   0.03,
   0.03,
   0.04,
   0.04,
   0.26,
   0.22,
   0.27,
   0.21
  ],
  [
   0.03,
   0.03,
   0.04,
   0.04,
   0.21,
   0.27,
   0.22,
   0.26
  ],
  [
   0.03,
   0.03,
   0.03,
   0.03,
   0.16,
   0.21,
   0.26,
   0.2
  ]
 ],
 "chain_pair_pae_min": [
  [
   0.76,
   2.1,
   3.91,
   8.44,
   20.85,
   22.41,
   22.02,
   22.24
  ],
  [
   2.04,
   0.76,
   2.37,
   6.82,
   20.8,
   21.34,
   21.41,
   21.81
  ],
  [
   4.18,
   2.71,
   0.76,
   3.38,
   19.09,
   20.74,
   21.45,
   22.61
  ],
  [
   7.78,
   5.45,
   3.34,
   0.76,
   14.65,
   18.26,
   20.56,
   21.72
  ],
  [
   21.9,
   19.23,
   18.29,
   14.86,
   0.76,
   2.89,
   6.22,
   8.98
  ],
  [
   22.18,
   20.87,
   19.6,
   17.45,
   2.87,
   0.76,
   2.99,
   6.67
  ],
  [
   22.19,
   20.94,
   20.84,
   19.94,
   6.49,
   3.1,
   0.76,
   2.89
  ],
  [
   21.07,
   20.42,
   21.08,
   21.01,
   9.75,
   5.84,
   2.68,
   0.76
  ]
 ],
 "chain_ptm": [
  0.2,
  0.21,
  0.21,
  0.2,
  0.2,
  0.22,
  0.22,
  0.2
 ],
 "fraction_disordered": 1.0,
 "has_clash": 0.0,
 "iptm": 0.23,
 "num_recycles": 10.0,
 "ptm": 0.27,
 "ranking_score": 0.74
}