{
 "chain_iptm": [
  0.27,
  0.31,
  0.32,
  0.32,
  0.31,
  0.27
 ],
 "chain_pair_iptm": [
  [
   0.11,
   0.35,
   0.31,
   0.27,
   0.23,
   0.19
  ],
  [
   0.35,
   0.12,
   0.36,
   0.31,
   0.28,
   0.23
  ],
  [
   0.31,
   0.36,
   0.12,
   0.36,
   0.31,
   0.27
  ],
  [
   0.27,
   0.31,
   0.36,
   0.12,
   0.36,
   0.3
  ],
  [
   0.23,
   0.28,
   0.31,
   0.36,
   0.12,
   0.36
  ],
  [
   0.19,
   0.23,
   0.27,
   0.3,
   0.36,
   0.12
  ]
 ],
 "chain_pair_pae_min": [
  [
   0.76,
   2.92,
   4.56,
   5.03,
   6.01,
   7.51
  ],
  [
   3.37,
   0.76,
   3.05,
   4.41,
   4.75,
   6.16
  ],
  [
   5.2,
   3.12,
   0.76,
   2.95,
   4.83,
   5.75
  ],
  [
   5.27,
   4.35,
   3.01,
   0.76,
   3.22,
   5.34
  ],
  [
   6.27,
   4.7,
   4.56,
   3.14,
   0.76,
   3.52
  ],
  [
   7.43,
   6.13,
   5.19,
   4.8,
   2.88,
   0.76
  ]
 ],
 "chain_ptm": [
  0.11,
  0.12,
  0.12,
  0.12,
  0.12,
  0.12
 ],
 "fraction_disordered": 1.0,
 "has_clash": 0.0,
 "iptm": 0.52,
 "num_recycles": 10.0,
 "ptm": 0.54,
 "ranking_score": 1.03
}