{
 "chain_iptm": [
  0.21,
  0.24,
  0.26,
  0.26,
  0.24,
  0.21
 ],
 "chain_pair_iptm": [
  [
   0.1,
   0.3,
   0.25,
   0.2,
   0.17,
   0.13
  ],
  [
   0.3,
   0.11,
   0.29,
   0.25,
   0.21,
   0.17
  ],
  [
   0.25,
   0.29,
   0.11,
   0.3,
   0.25,
   0.2
  ],
  [
   0.2,
   0.25,
   0.3,
   0.11,
   0.29,
   0.24
  ],
  [
   0.17,
   0.21,
   0.25,
   0.29,
   0.11,
   0.3
  ],
  [
   0.13,
   0.17,
   0.2,
   0.24,
   0.3,
   0.11
  ]
 ],
 "chain_pair_pae_min": [
  [
   0.76,
   4.15,
   5.85,
   6.63,
   7.7,
   10.01
  ],
  [
   4.74,
   0.76,
   4.01,
   5.92,
   6.56,
   8.52
  ],
  [
   6.07,
   4.52,
   0.76,
   4.26,
   6.22,
   7.5
  ],
  [
   7.12,
   5.49,
   4.5,
   0.76,
   4.77,
   7.08
  ],
  [
   7.85,
   6.59,
   6.05,
   4.28,
   0.76,
   5.06
  ],
  [
   9.86,
   7.84,
   7.08,
   6.49,
   4.22,
   0.76
  ]
 ],
 "chain_ptm": [
  0.1,
  0.11,
  0.11,
  0.11,
  0.11,
  0.11
 ],
 "fraction_disordered": 1.0,
 "has_clash": 0.0,
 "iptm": 0.43,
 "num_recycles": 10.0,
 "ptm": 0.46,
 "ranking_score": 0.93
}