{
 "chain_iptm": [
  0.28,
  0.32,
  0.33,
  0.33,
  0.32,
  0.28
 ],
 "chain_pair_iptm": [
  [
   0.12,
   0.36,
   0.32,
   0.28,
   0.24,
   0.19
  ],
  [
   0.36,
   0.12,
   0.37,
   0.33,
   0.28,
   0.24
  ],
  [
   0.32,
   0.37,
   0.12,
   0.37,
   0.32,
   0.28
  ],
  [
   0.28,
   0.33,
   0.37,
   0.12,
   0.37,
   0.31
  ],
  [
   0.24,
   0.28,
   0.32,
   0.37,
   0.12,
   0.37
  ],
  [
   0.19,
   0.24,
   0.28,
   0.31,
   0.37,
   0.12
  ]
 ],
 "chain_pair_pae_min": [
  [
   0.76,
   2.68,
   4.29,
   4.84,
   5.79,
   7.26
  ],
  [
   3.01,
   0.76,
   2.79,
   4.22,
   4.45,
   6.03
  ],
  [
   4.86,
   2.92,
   0.76,
   2.87,
   4.63,
   5.53
  ],
  [
   5.06,
   4.08,
   2.8,
   0.76,
   2.99,
   5.1
  ],
  [
   6.03,
   4.47,
   4.38,
   2.95,
   0.76,
   3.31
  ],
  [
   7.09,
   5.78,
   5.0,
   4.65,
   2.68,
   0.76
  ]
 ],
 "chain_ptm": [
  0.12,
  0.12,
  0.12,
  0.12,
  0.12,
  0.12
 ],
 "fraction_disordered": 1.0,
 "has_clash": 0.0,
 "iptm": 0.54,
 "num_recycles": 10.0,
 "ptm": 0.56,
 "ranking_score": 1.04
}