{
 "chain_iptm": [
  0.21,
  0.24,
  0.26,
  0.26,
  0.24,
  0.21
 ],
 "chain_pair_iptm": [
  [
   0.11,
   0.29,
   0.25,
   0.2,
   0.17,
   0.13
  ],
  [
   0.29,
   0.11,
   0.29,
   0.25,
   0.21,
   0.17
  ],
  [
   0.25,
   0.29,
   0.11,
   0.3,
   0.25,
   0.21
  ],
  [
   0.2,
   0.25,
   0.3,
   0.11,
   0.29,
   0.24
  ],
  [
   0.17,
   0.21,
   0.25,
   0.29,
   0.11,
   0.3
  ],
  [
   0.13,
   0.17,
   0.21,
   0.24,
   0.3,
   0.11
  ]
 ],
 "chain_pair_pae_min": [
  [
   0.76,
   4.23,
   5.86,
   6.7,
   7.94,
   9.9
  ],
  [
   4.77,
   0.76,
   4.08,
   5.99,
   6.9,
   8.43
  ],
  [
   6.37,
   4.58,
   0.76,
   3.97,
   5.95,
   7.34
  ],
  [
   6.95,
   5.48,
   4.3,
   0.76,
   4.73,
   7.1
  ],
  [
   7.81,
   6.87,
   5.97,
   4.13,
   0.76,
   5.16
  ],
  [
   9.73,
   7.91,
   6.99,
   6.25,
   4.09,
   0.76
  ]
 ],
 "chain_ptm": [
  0.11,
  0.11,
  0.11,
  0.11,
  0.11,
  0.11
 ],
 "fraction_disordered": 1.0,
 "has_clash": 0.0,
 "iptm": 0.43,
 "num_recycles": 10.0,
 "ptm": 0.46,
 "ranking_score": 0.93
}