{
 "chain_iptm": [
  0.21,
  0.24,
  0.26,
  0.25,
  0.24,
  0.21
 ],
 "chain_pair_iptm": [
  [
   0.1,
   0.3,
   0.25,
   0.2,
   0.17,
   0.13
  ],
  [
   0.3,
   0.11,
   0.29,
   0.25,
   0.21,
   0.17
  ],
  [
   0.25,
   0.29,
   0.11,
   0.3,
   0.24,
   0.21
  ],
  [
   0.2,
   0.25,
   0.3,
   0.11,
   0.28,
   0.24
  ],
  [
   0.17,
   0.21,
   0.24,
   0.28,
   0.11,
   0.3
  ],
  [
   0.13,
   0.17,
   0.21,
   0.24,
   0.3,
   0.11
  ]
 ],
 "chain_pair_pae_min": [
  [
   0.76,
   4.03,
   5.47,
   6.71,
   7.83,
   9.77
  ],
  [
   4.53,
   0.76,
   4.06,
   5.96,
   6.91,
   8.44
  ],
  [
   6.24,
   4.26,
   0.76,
   4.28,
   6.02,
   7.2
  ],
  [
   7.15,
   5.48,
   4.53,
   0.76,
   4.78,
   6.85
  ],
  [
   8.01,
   6.63,
   6.2,
   4.27,
   0.76,
   4.87
  ],
  [
   9.8,
   7.55,
   6.73,
   5.97,
   3.93,
   0.76
  ]
 ],
 "chain_ptm": [
  0.1,
  0.11,
  0.11,
  0.11,
  0.11,
  0.11
 ],
 "fraction_disordered": 1.0,
 "has_clash": 0.0,
 "iptm": 0.43,
 "num_recycles": 10.0,
 "ptm": 0.46,
 "ranking_score": 0.93
}