{
 "chain_iptm": [
  0.12,
  0.13,
  0.13,
  0.13,
  0.13,
  0.12
 ],
 "chain_pair_iptm": [
  [
   0.33,
   0.17,
   0.11,
   0.09,
   0.11,
   0.14
  ],
  [
   0.17,
   0.33,
   0.16,
   0.12,
   0.1,
   0.11
  ],
  [
   0.11,
   0.16,
   0.34,
   0.16,
   0.11,
   0.09
  ],
  [
   0.09,
   0.12,
   0.16,
   0.34,
   0.15,
   0.11
  ],
  [
   0.11,
   0.1,
   0.11,
   0.15,
   0.34,
   0.16
  ],
  [
   0.14,
   0.11,
   0.09,
   0.11,
   0.16,
   0.34
  ]
 ],
 "chain_pair_pae_min": [
  [
   0.76,
   6.59,
   10.16,
   11.16,
   10.66,
   9.46
  ],
  [
   7.13,
   0.76,
   7.8,
   10.0,
   11.37,
   10.93
  ],
  [
   10.26,
   7.5,
   0.76,
   7.21,
   9.92,
   11.63
  ],
  [
   11.33,
   9.68,
   7.34,
   0.76,
   8.25,
   10.58
  ],
  [
   10.74,
   11.11,
   10.08,
   8.08,
   0.76,
   7.79
  ],
  [
   9.56,
   10.6,
   11.39,
   10.26,
   7.84,
   0.76
  ]
 ],
 "chain_ptm": [
  0.33,
  0.33,
  0.34,
  0.34,
  0.34,
  0.34
 ],
 "fraction_disordered": 0.86,
 "has_clash": 0.0,
 "iptm": 0.23,
 "num_recycles": 10.0,
 "ptm": 0.28,
 "ranking_score": 0.67
}