{
 "chain_iptm": [
  0.13,
  0.13,
  0.13,
  0.13,
  0.13,
  0.12
 ],
 "chain_pair_iptm": [
  [
   0.33,
   0.17,
   0.12,
   0.1,
   0.11,
   0.14
  ],
  [
   0.17,
   0.33,
   0.16,
   0.12,
   0.11,
   0.11
  ],
  [
   0.12,
   0.16,
   0.33,
   0.17,
   0.12,
   0.1
  ],
  [
   0.1,
   0.12,
   0.17,
   0.33,
   0.16,
   0.11
  ],
  [
   0.11,
   0.11,
   0.12,
   0.16,
   0.33,
   0.16
  ],
  [
   0.14,
   0.11,
   0.1,
   0.11,
   0.16,
   0.33
  ]
 ],
 "chain_pair_pae_min": [
  [
   0.76,
   6.62,
   9.73,
   11.01,
   10.43,
   9.41
  ],
  [
   6.79,
   0.76,
   7.76,
   9.86,
   11.0,
   10.58
  ],
  [
   9.83,
   7.35,
   0.76,
   7.1,
   9.82,
   11.11
  ],
  [
   10.95,
   9.6,
   7.09,
   0.76,
   8.09,
   10.28
  ],
  [
   10.57,
   10.71,
   9.86,
   7.8,
   0.76,
   7.81
  ],
  [
   9.44,
   10.15,
   10.98,
   10.14,
   7.51,
   0.76
  ]
 ],
 "chain_ptm": [
  0.33,
  0.33,
  0.33,
  0.33,
  0.33,
  0.33
 ],
 "fraction_disordered": 0.83,
 "has_clash": 0.0,
 "iptm": 0.24,
 "num_recycles": 10.0,
 "ptm": 0.28,
 "ranking_score": 0.66
}