{
 "chain_iptm": [
  0.12,
  0.13,
  0.13,
  0.13,
  0.13,
  0.12
 ],
 "chain_pair_iptm": [
  [
   0.33,
   0.17,
   0.12,
   0.1,
   0.11,
   0.13
  ],
  [
   0.17,
   0.33,
   0.16,
   0.12,
   0.1,
   0.11
  ],
  [
   0.12,
   0.16,
   0.33,
   0.16,
   0.12,
   0.1
  ],
  [
   0.1,
   0.12,
   0.16,
   0.33,
   0.15,
   0.11
  ],
  [
   0.11,
   0.1,
   0.12,
   0.15,
   0.33,
   0.16
  ],
  [
   0.13,
   0.11,
   0.1,
   0.11,
   0.16,
   0.33
  ]
 ],
 "chain_pair_pae_min": [
  [
   0.76,
   6.62,
   9.87,
   11.16,
   10.66,
   9.41
  ],
  [
   6.9,
   0.76,
   7.9,
   9.95,
   11.36,
   10.92
  ],
  [
   9.87,
   7.31,
   0.76,
   7.29,
   9.97,
   11.47
  ],
  [
   11.23,
   9.65,
   7.12,
   0.76,
   8.26,
   10.46
  ],
  [
   10.77,
   10.98,
   10.03,
   7.9,
   0.76,
   8.03
  ],
  [
   9.5,
   10.22,
   11.07,
   10.36,
   7.58,
   0.76
  ]
 ],
 "chain_ptm": [
  0.33,
  0.33,
  0.33,
  0.33,
  0.33,
  0.33
 ],
 "fraction_disordered": 0.87,
 "has_clash": 0.0,
 "iptm": 0.24,
 "num_recycles": 10.0,
 "ptm": 0.28,
 "ranking_score": 0.68
}