{
 "chain_iptm": [
  0.13,
  0.13,
  0.13,
  0.13,
  0.13,
  0.13
 ],
 "chain_pair_iptm": [
  [
   0.33,
   0.17,
   0.12,
   0.1,
   0.11,
   0.14
  ],
  [
   0.17,
   0.33,
   0.16,
   0.12,
   0.1,
   0.11
  ],
  [
   0.12,
   0.16,
   0.33,
   0.17,
   0.12,
   0.1
  ],
  [
   0.1,
   0.12,
   0.17,
   0.33,
   0.16,
   0.12
  ],
  [
   0.11,
   0.1,
   0.12,
   0.16,
   0.33,
   0.16
  ],
  [
   0.14,
   0.11,
   0.1,
   0.12,
   0.16,
   0.33
  ]
 ],
 "chain_pair_pae_min": [
  [
   0.76,
   6.52,
   9.71,
   11.18,
   10.56,
   9.23
  ],
  [
   6.7,
   0.76,
   7.69,
   9.96,
   11.36,
   10.8
  ],
  [
   9.86,
   7.38,
   0.76,
   7.16,
   9.89,
   11.13
  ],
  [
   11.29,
   9.66,
   7.07,
   0.76,
   8.11,
   10.26
  ],
  [
   10.75,
   11.01,
   10.01,
   7.85,
   0.76,
   7.78
  ],
  [
   9.53,
   10.06,
   11.06,
   10.2,
   7.56,
   0.76
  ]
 ],
 "chain_ptm": [
  0.33,
  0.33,
  0.33,
  0.33,
  0.33,
  0.33
 ],
 "fraction_disordered": 0.84,
 "has_clash": 0.0,
 "iptm": 0.24,
 "num_recycles": 10.0,
 "ptm": 0.29,
 "ranking_score": 0.67
}