{
 "chain_iptm": [
  0.13,
  0.13,
  0.13,
  0.13,
  0.13,
  0.12
 ],
 "chain_pair_iptm": [
  [
   0.33,
   0.17,
   0.12,
   0.1,
   0.11,
   0.14
  ],
  [
   0.17,
   0.33,
   0.16,
   0.12,
   0.1,
   0.11
  ],
  [
   0.12,
   0.16,
   0.33,
   0.17,
   0.12,
   0.1
  ],
  [
   0.1,
   0.12,
   0.17,
   0.33,
   0.16,
   0.11
  ],
  [
   0.11,
   0.1,
   0.12,
   0.16,
   0.33,
   0.16
  ],
  [
   0.14,
   0.11,
   0.1,
   0.11,
   0.16,
   0.33
  ]
 ],
 "chain_pair_pae_min": [
  [
   0.76,
   6.53,
   9.79,
   11.11,
   10.63,
   9.44
  ],
  [
   6.91,
   0.76,
   7.92,
   9.79,
   11.27,
   10.82
  ],
  [
   9.77,
   7.3,
   0.76,
   7.19,
   9.8,
   11.35
  ],
  [
   11.07,
   9.59,
   7.07,
   0.76,
   8.3,
   10.32
  ],
  [
   10.68,
   10.83,
   9.9,
   7.9,
   0.76,
   7.86
  ],
  [
   9.37,
   10.14,
   10.95,
   10.09,
   7.58,
   0.76
  ]
 ],
 "chain_ptm": [
  0.33,
  0.33,
  0.33,
  0.33,
  0.33,
  0.33
 ],
 "fraction_disordered": 0.89,
 "has_clash": 0.0,
 "iptm": 0.24,
 "num_recycles": 10.0,
 "ptm": 0.28,
 "ranking_score": 0.69
}