{
 "chain_iptm": [
  0.18,
  0.18,
  0.17,
  0.16,
  0.18,
  0.19,
  0.17,
  0.13,
  0.13
 ],
 "chain_pair_iptm": [
  [
   0.16,
   0.34,
   0.28,
   0.11,
   0.13,
   0.13,
   0.11,
   0.09,
   0.22
  ],
  [
   0.34,
   0.17,
   0.34,
   0.13,
   0.14,
   0.14,
   0.11,
   0.09,
   0.18
  ],
  [
   0.28,
   0.34,
   0.16,
   0.13,
   0.14,
   0.13,
   0.1,
   0.07,
   0.15
  ],
  [
   0.11,
   0.13,
   0.13,
   0.16,
   0.31,
   0.23,
   0.15,
   0.11,
   0.07
  ],
  [
   0.13,
   0.14,
   0.14,
   0.31,
   0.16,
   0.31,
   0.21,
   0.14,
   0.09
  ],
  [
   0.13,
   0.14,
   0.13,
   0.23,
   0.31,
   0.16,
   0.29,
   0.2,
   0.1
  ],
  [
   0.11,
   0.11,
   0.1,
   0.15,
   0.21,
   0.29,
   0.16,
   0.27,
   0.1
  ],
  [
   0.09,
   0.09,
   0.07,
   0.11,
   0.14,
   0.2,
   0.27,
   0.14,
   0.09
  ],
  [
   0.22,
   0.18,
   0.15,
   0.07,
   0.09,
   0.1,
   0.1,
   0.09,
   0.14
  ]
 ],
 "chain_pair_pae_min": [
  [
   0.76,
   3.34,
   4.33,
   10.45,
   9.21,
   8.71,
   10.27,
   12.22,
   8.81
  ],
  [
   3.34,
   0.76,
   3.85,
   8.45,
   8.03,
   8.48,
   10.4,
   12.18,
   9.93
  ],
  [
   4.39,
   3.8,
   0.76,
   6.62,
   7.01,
   8.68,
   11.17,
   13.39,
   11.63
  ],
  [
   9.31,
   7.57,
   6.57,
   0.76,
   3.78,
   5.85,
   9.38,
   12.03,
   12.87
  ],
  [
   8.98,
   8.11,
   7.54,
   4.37,
   0.76,
   3.95,
   5.87,
   10.36,
   11.22
  ],
  [
   8.93,
   8.54,
   9.08,
   6.42,
   4.05,
   0.76,
   4.01,
   7.79,
   10.76
  ],
  [
   9.48,
   9.41,
   9.87,
   9.2,
   6.0,
   4.16,
   0.76,
   4.81,
   9.29
  ],
  [
   9.24,
   10.47,
   11.5,
   11.54,
   9.12,
   6.27,
   4.25,
   0.76,
   7.39
  ],
  [
   6.06,
   7.74,
   10.5,
   13.72,
   11.34,
   9.32,
   8.28,
   8.37,
   0.76
  ]
 ],
 "chain_ptm": [
  0.16,
  0.17,
  0.16,
  0.16,
  0.16,
  0.16,
  0.16,
  0.14,
  0.14
 ],
 "fraction_disordered": 1.0,
 "has_clash": 0.0,
 "iptm": 0.36,
 "num_recycles": 10.0,
 "ptm": 0.39,
 "ranking_score": 0.87
}