{
 "chain_iptm": [
  0.05,
  0.05,
  0.05,
  0.04,
  0.05,
  0.05,
  0.05,
  0.04,
  0.03
 ],
 "chain_pair_iptm": [
  [
   0.14,
   0.09,
   0.05,
   0.03,
   0.03,
   0.04,
   0.05,
   0.04,
   0.05
  ],
  [
   0.09,
   0.14,
   0.08,
   0.05,
   0.05,
   0.05,
   0.04,
   0.03,
   0.03
  ],
  [
   0.05,
   0.08,
   0.14,
   0.09,
   0.07,
   0.05,
   0.03,
   0.02,
   0.02
  ],
  [
   0.03,
   0.05,
   0.09,
   0.13,
   0.09,
   0.04,
   0.02,
   0.02,
   0.01
  ],
  [
   0.03,
   0.05,
   0.07,
   0.09,
   0.14,
   0.08,
   0.04,
   0.02,
   0.02
  ],
  [
   0.04,
   0.05,
   0.05,
   0.04,
   0.08,
   0.14,
   0.08,
   0.04,
   0.02
  ],
  [
   0.05,
   0.04,
   0.03,
   0.02,
   0.04,
   0.08,
   0.14,
   0.07,
   0.04
  ],
  [
   0.04,
   0.03,
   0.02,
   0.02,
   0.02,
   0.04,
   0.07,
   0.13,
   0.06
  ],
  [
   0.05,
   0.03,
   0.02,
   0.01,
   0.02,
   0.02,
   0.04,
   0.06,
   0.13
  ]
 ],
 "chain_pair_pae_min": [
  [
   0.76,
   6.62,
   12.72,
   18.64,
   17.8,
   15.99,
   14.37,
   14.96,
   11.94
  ],
  [
   6.8,
   0.76,
   8.75,
   13.9,
   14.67,
   13.79,
   16.02,
   19.38,
   17.27
  ],
  [
   12.59,
   8.78,
   0.76,
   8.65,
   10.53,
   14.24,
   17.82,
   20.96,
   20.09
  ],
  [
   18.03,
   13.02,
   8.63,
   0.76,
   7.21,
   13.26,
   20.63,
   24.09,
   24.12
  ],
  [
   16.85,
   13.89,
   10.29,
   8.43,
   0.76,
   8.52,
   14.12,
   19.3,
   21.22
  ],
  [
   15.39,
   12.93,
   13.77,
   12.9,
   8.83,
   0.76,
   8.73,
   14.75,
   19.2
  ],
  [
   14.27,
   15.82,
   18.17,
   19.68,
   13.56,
   9.18,
   0.76,
   9.13,
   14.82
  ],
  [
   14.42,
   19.09,
   21.77,
   23.83,
   19.53,
   14.07,
   9.34,
   0.76,
   10.39
  ],
  [
   11.11,
   17.99,
   22.05,
   25.27,
   22.05,
   20.43,
   13.82,
   9.72,
   0.76
  ]
 ],
 "chain_ptm": [
  0.14,
  0.14,
  0.14,
  0.13,
  0.14,
  0.14,
  0.14,
  0.13,
  0.13
 ],
 "fraction_disordered": 1.0,
 "has_clash": 0.0,
 "iptm": 0.16,
 "num_recycles": 10.0,
 "ptm": 0.2,
 "ranking_score": 0.67
}