{
 "chain_iptm": [
  0.17,
  0.18,
  0.16,
  0.15,
  0.17,
  0.18,
  0.16,
  0.12,
  0.11
 ],
 "chain_pair_iptm": [
  [
   0.17,
   0.32,
   0.26,
   0.12,
   0.13,
   0.14,
   0.12,
   0.09,
   0.19
  ],
  [
   0.32,
   0.17,
   0.31,
   0.13,
   0.14,
   0.14,
   0.11,
   0.08,
   0.15
  ],
  [
   0.26,
   0.31,
   0.16,
   0.14,
   0.14,
   0.13,
   0.11,
   0.07,
   0.11
  ],
  [
   0.12,
   0.13,
   0.14,
   0.16,
   0.29,
   0.22,
   0.14,
   0.09,
   0.07
  ],
  [
   0.13,
   0.14,
   0.14,
   0.29,
   0.16,
   0.29,
   0.2,
   0.12,
   0.08
  ],
  [
   0.14,
   0.14,
   0.13,
   0.22,
   0.29,
   0.16,
   0.27,
   0.18,
   0.09
  ],
  [
   0.12,
   0.11,
   0.11,
   0.14,
   0.2,
   0.27,
   0.16,
   0.27,
   0.09
  ],
  [
   0.09,
   0.08,
   0.07,
   0.09,
   0.12,
   0.18,
   0.27,
   0.15,
   0.08
  ],
  [
   0.19,
   0.15,
   0.11,
   0.07,
   0.08,
   0.09,
   0.09,
   0.08,
   0.15
  ]
 ],
 "chain_pair_pae_min": [
  [
   0.76,
   3.66,
   5.06,
   10.26,
   9.38,
   8.41,
   9.94,
   12.41,
   10.45
  ],
  [
   3.48,
   0.76,
   4.57,
   8.64,
   7.94,
   8.13,
   10.34,
   12.28,
   11.98
  ],
  [
   4.89,
   4.11,
   0.76,
   6.97,
   7.22,
   8.87,
   10.84,
   14.1,
   13.67
  ],
  [
   9.85,
   7.68,
   6.33,
   0.76,
   4.02,
   5.77,
   9.79,
   13.17,
   14.22
  ],
  [
   9.58,
   9.0,
   7.96,
   5.07,
   0.76,
   4.36,
   6.78,
   11.43,
   12.46
  ],
  [
   8.61,
   8.95,
   9.89,
   7.19,
   4.48,
   0.76,
   4.58,
   8.57,
   11.72
  ],
  [
   10.04,
   10.15,
   10.81,
   10.53,
   6.99,
   4.83,
   0.76,
   5.26,
   9.68
  ],
  [
   10.53,
   11.35,
   12.58,
   12.73,
   10.09,
   7.45,
   5.19,
   0.76,
   7.74
  ],
  [
   8.94,
   9.42,
   13.67,
   14.9,
   12.74,
   11.04,
   8.78,
   8.99,
   0.76
  ]
 ],
 "chain_ptm": [
  0.17,
  0.17,
  0.16,
  0.16,
  0.16,
  0.16,
  0.16,
  0.15,
  0.15
 ],
 "fraction_disordered": 1.0,
 "has_clash": 0.0,
 "iptm": 0.35,
 "num_recycles": 10.0,
 "ptm": 0.37,
 "ranking_score": 0.85
}