{
 "chain_iptm": [
  0.21,
  0.2,
  0.18,
  0.18,
  0.21,
  0.21,
  0.18,
  0.14,
  0.16
 ],
 "chain_pair_iptm": [
  [
   0.17,
   0.36,
   0.29,
   0.16,
   0.18,
   0.17,
   0.14,
   0.15,
   0.23
  ],
  [
   0.36,
   0.18,
   0.33,
   0.17,
   0.17,
   0.17,
   0.13,
   0.12,
   0.17
  ],
  [
   0.29,
   0.33,
   0.16,
   0.16,
   0.16,
   0.14,
   0.11,
   0.1,
   0.14
  ],
  [
   0.16,
   0.17,
   0.16,
   0.16,
   0.32,
   0.26,
   0.18,
   0.08,
   0.11
  ],
  [
   0.18,
   0.17,
   0.16,
   0.32,
   0.17,
   0.33,
   0.25,
   0.1,
   0.13
  ],
  [
   0.17,
   0.17,
   0.14,
   0.26,
   0.33,
   0.17,
   0.33,
   0.12,
   0.14
  ],
  [
   0.14,
   0.13,
   0.11,
   0.18,
   0.25,
   0.33,
   0.16,
   0.13,
   0.13
  ],
  [
   0.15,
   0.12,
   0.1,
   0.08,
   0.1,
   0.12,
   0.13,
   0.16,
   0.28
  ],
  [
   0.23,
   0.17,
   0.14,
   0.11,
   0.13,
   0.14,
   0.13,
   0.28,
   0.17
  ]
 ],
 "chain_pair_pae_min": [
  [
   0.76,
   3.22,
   4.87,
   8.28,
   7.19,
   7.38,
   9.89,
   11.24,
   7.67
  ],
  [
   3.35,
   0.76,
   4.17,
   6.88,
   7.08,
   8.33,
   9.92,
   12.07,
   9.6
  ],
  [
   4.4,
   3.97,
   0.76,
   5.96,
   6.98,
   9.06,
   11.41,
   12.83,
   11.24
  ],
  [
   7.95,
   6.46,
   6.64,
   0.76,
   4.07,
   5.09,
   8.86,
   12.39,
   10.9
  ],
  [
   7.42,
   7.36,
   8.32,
   4.54,
   0.76,
   3.79,
   6.14,
   10.78,
   9.92
  ],
  [
   7.71,
   8.27,
   9.21,
   6.08,
   4.0,
   0.76,
   4.35,
   9.56,
   8.48
  ],
  [
   9.29,
   9.55,
   10.65,
   9.29,
   6.2,
   4.27,
   0.76,
   6.86,
   7.62
  ],
  [
   9.22,
   11.35,
   13.07,
   11.75,
   10.57,
   8.42,
   6.83,
   0.76,
   5.67
  ],
  [
   7.94,
   8.75,
   11.74,
   11.11,
   10.13,
   9.31,
   8.31,
   5.51,
   0.76
  ]
 ],
 "chain_ptm": [
  0.17,
  0.18,
  0.16,
  0.16,
  0.17,
  0.17,
  0.16,
  0.16,
  0.17
 ],
 "fraction_disordered": 1.0,
 "has_clash": 0.0,
 "iptm": 0.39,
 "num_recycles": 10.0,
 "ptm": 0.42,
 "ranking_score": 0.9
}