{
 "chain_iptm": [
  0.3,
  0.32,
  0.33,
  0.3,
  0.28,
  0.32,
  0.33,
  0.31,
  0.25
 ],
 "chain_pair_iptm": [
  [
   0.15,
   0.39,
   0.35,
   0.3,
   0.23,
   0.27,
   0.29,
   0.3,
   0.25
  ],
  [
   0.39,
   0.17,
   0.4,
   0.34,
   0.27,
   0.31,
   0.32,
   0.31,
   0.25
  ],
  [
   0.35,
   0.4,
   0.17,
   0.38,
   0.3,
   0.33,
   0.34,
   0.31,
   0.24
  ],
  [
   0.3,
   0.34,
   0.38,
   0.16,
   0.29,
   0.31,
   0.3,
   0.27,
   0.2
  ],
  [
   0.23,
   0.27,
   0.3,
   0.29,
   0.16,
   0.37,
   0.32,
   0.27,
   0.2
  ],
  [
   0.27,
   0.31,
   0.33,
   0.31,
   0.37,
   0.17,
   0.39,
   0.34,
   0.24
  ],
  [
   0.29,
   0.32,
   0.34,
   0.3,
   0.32,
   0.39,
   0.17,
   0.39,
   0.29
  ],
  [
   0.3,
   0.31,
   0.31,
   0.27,
   0.27,
   0.34,
   0.39,
   0.16,
   0.33
  ],
  [
   0.25,
   0.25,
   0.24,
   0.2,
   0.2,
   0.24,
   0.29,
   0.33,
   0.14
  ]
 ],
 "chain_pair_pae_min": [
  [
   0.76,
   1.56,
   2.58,
   4.13,
   5.58,
   4.17,
   3.6,
   4.08,
   5.3
  ],
  [
   1.4,
   0.76,
   1.47,
   3.21,
   4.96,
   3.45,
   2.99,
   3.77,
   6.57
  ],
  [
   2.63,
   1.48,
   0.76,
   1.93,
   4.42,
   3.07,
   3.0,
   3.97,
   6.85
  ],
  [
   4.17,
   2.89,
   2.09,
   0.76,
   3.66,
   3.43,
   3.57,
   4.48,
   7.65
  ],
  [
   5.23,
   4.38,
   3.81,
   3.73,
   0.76,
   2.28,
   3.76,
   4.94,
   7.55
  ],
  [
   4.24,
   3.74,
   3.26,
   3.64,
   2.14,
   0.76,
   1.5,
   3.27,
   6.27
  ],
  [
   4.14,
   3.24,
   3.07,
   4.12,
   4.09,
   1.6,
   0.76,
   1.54,
   5.53
  ],
  [
   4.5,
   3.98,
   3.75,
   4.67,
   5.19,
   3.09,
   1.7,
   0.76,
   2.8
  ],
  [
   4.64,
   5.2,
   5.69,
   6.29,
   6.92,
   5.95,
   4.18,
   2.83,
   0.76
  ]
 ],
 "chain_ptm": [
  0.15,
  0.17,
  0.17,
  0.16,
  0.16,
  0.17,
  0.17,
  0.16,
  0.14
 ],
 "fraction_disordered": 1.0,
 "has_clash": 0.0,
 "iptm": 0.58,
 "num_recycles": 10.0,
 "ptm": 0.6,
 "ranking_score": 1.08
}