{
 "chain_iptm": [
  0.05,
  0.05,
  0.05,
  0.05,
  0.05,
  0.05,
  0.04
 ],
 "chain_pair_iptm": [
  [
   0.21,
   0.09,
   0.05,
   0.03,
   0.03,
   0.03,
   0.04
  ],
  [
   0.09,
   0.21,
   0.07,
   0.04,
   0.03,
   0.03,
   0.03
  ],
  [
   0.05,
   0.07,
   0.21,
   0.07,
   0.04,
   0.03,
   0.03
  ],
  [
   0.03,
   0.04,
   0.07,
   0.22,
   0.07,
   0.04,
   0.03
  ],
  [
   0.03,
   0.03,
   0.04,
   0.07,
   0.22,
   0.07,
   0.04
  ],
  [
   0.03,
   0.03,
   0.03,
   0.04,
   0.07,
   0.22,
   0.09
  ],
  [
   0.04,
   0.03,
   0.03,
   0.03,
   0.04,
   0.09,
   0.22
  ]
 ],
 "chain_pair_pae_min": [
  [
   0.77,
   7.92,
   12.68,
   19.52,
   21.09,
   21.21,
   18.31
  ],
  [
   8.92,
   0.77,
   9.63,
   16.59,
   20.09,
   21.75,
   21.82
  ],
  [
   12.71,
   10.02,
   0.77,
   10.35,
   16.74,
   21.2,
   23.34
  ],
  [
   19.74,
   16.46,
   10.92,
   0.77,
   9.72,
   16.27,
   21.75
  ],
  [
   21.54,
   19.55,
   16.6,
   9.97,
   0.77,
   10.47,
   17.19
  ],
  [
   20.99,
   20.59,
   20.14,
   16.15,
   10.47,
   0.77,
   10.72
  ],
  [
   16.97,
   20.88,
   22.1,
   20.33,
   15.81,
   9.46,
   0.77
  ]
 ],
 "chain_ptm": [
  0.21,
  0.21,
  0.21,
  0.22,
  0.22,
  0.22,
  0.22
 ],
 "fraction_disordered": 1.0,
 "has_clash": 0.0,
 "iptm": 0.12,
 "num_recycles": 10.0,
 "ptm": 0.17,
 "ranking_score": 0.63
}