{
 "chain_iptm": [
  0.05,
  0.05,
  0.05,
  0.05,
  0.05,
  0.05,
  0.04
 ],
 "chain_pair_iptm": [
  [
   0.23,
   0.1,
   0.05,
   0.03,
   0.03,
   0.03,
   0.04
  ],
  [
   0.1,
   0.23,
   0.08,
   0.04,
   0.03,
   0.03,
   0.03
  ],
  [
   0.05,
   0.08,
   0.24,
   0.07,
   0.04,
   0.03,
   0.03
  ],
  [
   0.03,
   0.04,
   0.07,
   0.25,
   0.08,
   0.04,
   0.03
  ],
  [
   0.03,
   0.03,
   0.04,
   0.08,
   0.25,
   0.08,
   0.04
  ],
  [
   0.03,
   0.03,
   0.03,
   0.04,
   0.08,
   0.25,
   0.1
  ],
  [
   0.04,
   0.03,
   0.03,
   0.03,
   0.04,
   0.1,
   0.26
  ]
 ],
 "chain_pair_pae_min": [
  [
   0.77,
   9.19,
   15.92,
   21.16,
   21.38,
   20.71,
   17.69
  ],
  [
   9.97,
   0.77,
   10.99,
   18.68,
   21.63,
   22.23,
   22.16
  ],
  [
   16.2,
   10.75,
   0.77,
   11.84,
   18.74,
   21.99,
   23.09
  ],
  [
   21.4,
   17.59,
   11.7,
   0.77,
   11.18,
   18.37,
   22.32
  ],
  [
   22.2,
   21.61,
   17.77,
   10.72,
   0.77,
   11.66,
   19.71
  ],
  [
   21.57,
   21.85,
   21.54,
   17.5,
   10.62,
   0.77,
   11.05
  ],
  [
   19.18,
   21.82,
   22.23,
   21.47,
   17.66,
   9.78,
   0.77
  ]
 ],
 "chain_ptm": [
  0.23,
  0.23,
  0.24,
  0.25,
  0.25,
  0.25,
  0.26
 ],
 "fraction_disordered": 1.0,
 "has_clash": 0.0,
 "iptm": 0.13,
 "num_recycles": 10.0,
 "ptm": 0.17,
 "ranking_score": 0.64
}