{
 "chain_iptm": [
  0.12,
  0.13,
  0.12,
  0.14,
  0.16,
  0.16,
  0.14
 ],
 "chain_pair_iptm": [
  [
   0.18,
   0.27,
   0.24,
   0.05,
   0.06,
   0.06,
   0.05
  ],
  [
   0.27,
   0.2,
   0.27,
   0.06,
   0.06,
   0.06,
   0.05
  ],
  [
   0.24,
   0.27,
   0.19,
   0.06,
   0.07,
   0.06,
   0.05
  ],
  [
   0.05,
   0.06,
   0.06,
   0.2,
   0.27,
   0.23,
   0.18
  ],
  [
   0.06,
   0.06,
   0.07,
   0.27,
   0.21,
   0.28,
   0.23
  ],
  [
   0.06,
   0.06,
   0.06,
   0.23,
   0.28,
   0.21,
   0.28
  ],
  [
   0.05,
   0.05,
   0.05,
   0.18,
   0.23,
   0.28,
   0.2
  ]
 ],
 "chain_pair_pae_min": [
  [
   0.76,
   2.15,
   4.13,
   16.18,
   17.09,
   18.37,
   19.52
  ],
  [
   2.23,
   0.76,
   2.82,
   15.09,
   15.82,
   17.89,
   19.45
  ],
  [
   3.89,
   3.05,
   0.76,
   12.56,
   14.41,
   17.18,
   19.34
  ],
  [
   15.56,
   13.83,
   12.39,
   0.76,
   2.88,
   4.94,
   7.72
  ],
  [
   16.48,
   15.27,
   14.38,
   3.2,
   0.76,
   2.91,
   5.15
  ],
  [
   16.73,
   16.32,
   16.29,
   4.99,
   2.71,
   0.76,
   3.23
  ],
  [
   17.33,
   17.88,
   17.89,
   7.0,
   4.58,
   2.61,
   0.76
  ]
 ],
 "chain_ptm": [
  0.18,
  0.2,
  0.19,
  0.2,
  0.21,
  0.21,
  0.2
 ],
 "fraction_disordered": 1.0,
 "has_clash": 0.0,
 "iptm": 0.28,
 "num_recycles": 10.0,
 "ptm": 0.31,
 "ranking_score": 0.78
}