{
 "chain_iptm": [
  0.05,
  0.04,
  0.04,
  0.05,
  0.05,
  0.05,
  0.04
 ],
 "chain_pair_iptm": [
  [
   0.19,
   0.08,
   0.06,
   0.04,
   0.03,
   0.03,
   0.03
  ],
  [
   0.08,
   0.18,
   0.05,
   0.03,
   0.03,
   0.03,
   0.03
  ],
  [
   0.06,
   0.05,
   0.19,
   0.06,
   0.04,
   0.03,
   0.03
  ],
  [
   0.04,
   0.03,
   0.06,
   0.19,
   0.07,
   0.04,
   0.03
  ],
  [
   0.03,
   0.03,
   0.04,
   0.07,
   0.19,
   0.07,
   0.05
  ],
  [
   0.03,
   0.03,
   0.03,
   0.04,
   0.07,
   0.19,
   0.08
  ],
  [
   0.03,
   0.03,
   0.03,
   0.03,
   0.05,
   0.08,
   0.2
  ]
 ],
 "chain_pair_pae_min": [
  [
   0.77,
   8.2,
   10.8,
   16.72,
   19.85,
   21.53,
   21.74
  ],
  [
   8.11,
   0.77,
   13.21,
   19.44,
   20.3,
   20.68,
   17.8
  ],
  [
   10.12,
   12.94,
   0.77,
   11.16,
   16.26,
   20.95,
   22.55
  ],
  [
   17.33,
   19.01,
   11.3,
   0.77,
   10.04,
   14.86,
   20.79
  ],
  [
   20.39,
   20.38,
   17.59,
   10.62,
   0.76,
   11.26,
   16.2
  ],
  [
   21.76,
   19.12,
   21.05,
   15.91,
   10.93,
   0.76,
   11.33
  ],
  [
   21.27,
   17.73,
   22.08,
   20.92,
   14.82,
   9.63,
   0.77
  ]
 ],
 "chain_ptm": [
  0.19,
  0.18,
  0.19,
  0.19,
  0.19,
  0.19,
  0.2
 ],
 "fraction_disordered": 1.0,
 "has_clash": 0.0,
 "iptm": 0.12,
 "num_recycles": 10.0,
 "ptm": 0.16,
 "ranking_score": 0.63
}