{
 "chain_iptm": [
  0.05,
  0.05,
  0.05,
  0.05,
  0.05,
  0.05,
  0.04
 ],
 "chain_pair_iptm": [
  [
   0.19,
   0.09,
   0.05,
   0.03,
   0.03,
   0.03,
   0.03
  ],
  [
   0.09,
   0.19,
   0.07,
   0.04,
   0.03,
   0.03,
   0.03
  ],
  [
   0.05,
   0.07,
   0.19,
   0.06,
   0.04,
   0.03,
   0.03
  ],
  [
   0.03,
   0.04,
   0.06,
   0.2,
   0.07,
   0.04,
   0.03
  ],
  [
   0.03,
   0.03,
   0.04,
   0.07,
   0.19,
   0.07,
   0.05
  ],
  [
   0.03,
   0.03,
   0.03,
   0.04,
   0.07,
   0.19,
   0.08
  ],
  [
   0.03,
   0.03,
   0.03,
   0.03,
   0.05,
   0.08,
   0.2
  ]
 ],
 "chain_pair_pae_min": [
  [
   0.77,
   8.48,
   13.67,
   19.47,
   20.52,
   20.87,
   17.12
  ],
  [
   9.17,
   0.77,
   10.7,
   17.21,
   20.1,
   21.52,
   21.73
  ],
  [
   12.14,
   9.66,
   0.77,
   11.0,
   16.95,
   20.46,
   22.49
  ],
  [
   20.2,
   16.54,
   11.33,
   0.77,
   9.38,
   15.16,
   21.1
  ],
  [
   21.39,
   20.25,
   17.11,
   10.38,
   0.77,
   11.02,
   16.22
  ],
  [
   21.16,
   21.5,
   21.25,
   15.63,
   10.81,
   0.77,
   10.79
  ],
  [
   18.24,
   21.69,
   21.72,
   20.82,
   15.58,
   10.45,
   0.77
  ]
 ],
 "chain_ptm": [
  0.19,
  0.19,
  0.19,
  0.2,
  0.19,
  0.19,
  0.2
 ],
 "fraction_disordered": 1.0,
 "has_clash": 0.0,
 "iptm": 0.12,
 "num_recycles": 10.0,
 "ptm": 0.16,
 "ranking_score": 0.63
}