{
 "chain_iptm": [
  0.04,
  0.04,
  0.04,
  0.04,
  0.04,
  0.04,
  0.03,
  0.04,
  0.04,
  0.05,
  0.05,
  0.05,
  0.05,
  0.05,
  0.04,
  0.03
 ],
 "chain_pair_iptm": [
  [
   0.14,
   0.15,
   0.11,
   0.06,
   0.03,
   0.02,
   0.02,
   0.02,
   0.02,
   0.02,
   0.02,
   0.02,
   0.02,
   0.02,
   0.02,
   0.02
  ],
  [
   0.15,
   0.15,
   0.13,
   0.08,
   0.04,
   0.03,
   0.02,
   0.02,
   0.02,
   0.02,
   0.02,
   0.02,
   0.02,
   0.02,
   0.02,
   0.02
  ],
  [
   0.11,
   0.13,
   0.15,
   0.12,
   0.07,
   0.04,
   0.03,
   0.02,
   0.02,
   0.02,
   0.02,
   0.02,
   0.02,
   0.02,
   0.02,
   0.01
  ],
  [
   0.06,
   0.08,
   0.12,
   0.15,
   0.12,
   0.07,
   0.04,
   0.02,
   0.02,
   0.02,
   0.02,
   0.02,
   0.02,
   0.02,
   0.02,
   0.01
  ],
  [
   0.03,
   0.04,
   0.07,
   0.12,
   0.15,
   0.12,
   0.08,
   0.03,
   0.02,
   0.02,
   0.02,
   0.02,
   0.02,
   0.02,
   0.01,
   0.01
  ],
  [
   0.02,
   0.03,
   0.04,
   0.07,
   0.12,
   0.16,
   0.12,
   0.03,
   0.03,
   0.02,
   0.02,
   0.02,
   0.02,
   0.02,
   0.01,
   0.01
  ],
  [
   0.02,
   0.02,
   0.03,
   0.04,
   0.08,
   0.12,
   0.14,
   0.04,
   0.03,
   0.02,
   0.02,
   0.02,
   0.02,
   0.01,
   0.01,
   0.01
  ],
  [
   0.02,
   0.02,
   0.02,
   0.02,
   0.03,
   0.03,
   0.04,
   0.15,
   0.13,
   0.08,
   0.05,
   0.03,
   0.02,
   0.02,
   0.02,
   0.01
  ],
  [
   0.02,
   0.02,
   0.02,
   0.02,
   0.02,
   0.03,
   0.03,
   0.13,
   0.16,
   0.14,
   0.08,
   0.05,
   0.03,
   0.02,
   0.02,
   0.02
  ],
  [
   0.02,
   0.02,
   0.02,
   0.02,
   0.02,
   0.02,
   0.02,
   0.08,
   0.14,
   0.16,
   0.13,
   0.08,
   0.05,
   0.03,
   0.02,
   0.02
  ],
  [
   0.02,
   0.02,
   0.02,
   0.02,
   0.02,
   0.02,
   0.02,
   0.05,
   0.08,
   0.13,
   0.16,
   0.13,
   0.08,
   0.05,
   0.03,
   0.02
  ],
  [
   0.02,
   0.02,
   0.02,
   0.02,
   0.02,
   0.02,
   0.02,
   0.03,
   0.05,
   0.08,
   0.13,
   0.16,
   0.14,
   0.08,
   0.05,
   0.03
  ],
  [
   0.02,
   0.02,
   0.02,
   0.02,
   0.02,
   0.02,
   0.02,
   0.02,
   0.03,
   0.05,
   0.08,
   0.14,
   0.16,
   0.14,
   0.08,
   0.05
  ],
  [
   0.02,
   0.02,
   0.02,
   0.02,
   0.02,
   0.02,
   0.01,
   0.02,
   0.02,
   0.03,
   0.05,
   0.08,
   0.14,
   0.16,
   0.14,
   0.08
  ],
  [
   0.02,
   0.02,
   0.02,
   0.02,
   0.01,
   0.01,
   0.01,
   0.02,
   0.02,
   0.02,
   0.03,
   0.05,
   0.08,
   0.14,
   0.16,
   0.14
  ],
  [
   0.02,
   0.02,
   0.01,
   0.01,
   0.01,
   0.01,
   0.01,
   0.01,
   0.02,
   0.02,
   0.02,
   0.03,
   0.05,
   0.08,
   0.14,
   0.15
  ]
 ],
 "chain_pair_pae_min": [
  [
   0.76,
   6.17,
   10.19,
   18.18,
   22.79,
   25.79,
   26.93,
   27.93,
   27.88,
   27.72,
   26.99,
   26.09,
   25.8,
   25.92,
   26.75,
   27.74
  ],
  [
   7.5,
   0.76,
   7.59,
   14.68,
   20.99,
   24.13,
   26.19,
   27.25,
   27.29,
   26.96,
   26.29,
   26.02,
   26.22,
   26.89,
   27.68,
   28.31
  ],
  [
   10.58,
   8.13,
   0.76,
   9.42,
   16.88,
   21.78,
   24.48,
   26.55,
   26.73,
   26.42,
   26.0,
   26.42,
   27.27,
   27.98,
   28.23,
   28.72
  ],
  [
   19.53,
   15.02,
   9.48,
   0.76,
   8.77,
   16.65,
   21.6,
   25.33,
   25.39,
   25.35,
   26.01,
   27.0,
   28.1,
   28.44,
   28.71,
   28.99
  ],
  [
   23.29,
   21.74,
   17.48,
   9.25,
   0.76,
   8.0,
   16.45,
   22.41,
   22.96,
   24.32,
   26.05,
   27.38,
   28.29,
   28.59,
   28.84,
   29.23
  ],
  [
   25.71,
   24.57,
   22.16,
   17.15,
   8.27,
   0.76,
   8.67,
   18.5,
   21.17,
   24.39,
   26.54,
   27.53,
   28.25,
   28.67,
   29.06,
   29.43
  ],
  [
   27.42,
   26.73,
   25.15,
   21.97,
   15.89,
   9.08,
   0.76,
   15.5,
   18.74,
   23.74,
   26.44,
   27.66,
   28.39,
   28.92,
   29.32,
   29.76
  ],
  [
   28.39,
   27.99,
   27.24,
   24.98,
   22.41,
   18.25,
   15.82,
   0.76,
   7.49,
   15.47,
   20.84,
   24.25,
   26.76,
   27.75,
   28.53,
   28.99
  ],
  [
   28.02,
   27.41,
   26.3,
   24.55,
   21.96,
   20.22,
   19.91,
   8.3,
   0.76,
   8.21,
   15.66,
   21.3,
   24.15,
   26.39,
   27.54,
   28.26
  ],
  [
   27.57,
   26.68,
   25.78,
   23.94,
   23.5,
   24.11,
   23.91,
   15.62,
   8.3,
   0.76,
   8.7,
   15.6,
   21.12,
   24.18,
   26.52,
   27.5
  ],
  [
   26.88,
   25.82,
   25.16,
   25.11,
   25.56,
   25.98,
   26.35,
   20.81,
   16.2,
   8.49,
   0.76,
   8.76,
   15.35,
   20.86,
   24.51,
   26.57
  ],
  [
   25.91,
   25.1,
   25.36,
   25.89,
   26.88,
   27.52,
   27.33,
   24.69,
   21.54,
   16.31,
   8.47,
   0.76,
   8.7,
   15.31,
   21.06,
   24.68
  ],
  [
   25.09,
   24.89,
   25.56,
   26.78,
   27.78,
   27.97,
   27.93,
   26.34,
   24.49,
   21.16,
   16.24,
   8.31,
   0.76,
   8.7,
   15.75,
   21.24
  ],
  [
   25.0,
   25.43,
   26.43,
   27.66,
   28.06,
   28.31,
   28.47,
   27.4,
   26.24,
   24.24,
   20.74,
   15.84,
   8.33,
   0.76,
   9.5,
   16.09
  ],
  [
   26.05,
   26.79,
   27.69,
   28.02,
   28.41,
   28.76,
   28.98,
   28.1,
   27.52,
   26.21,
   24.04,
   20.99,
   15.85,
   8.84,
   0.76,
   9.99
  ],
  [
   26.75,
   27.66,
   28.22,
   28.54,
   29.04,
   29.33,
   29.5,
   28.89,
   28.4,
   27.7,
   26.19,
   23.78,
   20.17,
   15.14,
   8.41,
   0.76
  ]
 ],
 "chain_ptm": [
  0.14,
  0.15,
  0.15,
  0.15,
  0.15,
  0.16,
  0.14,
  0.15,
  0.16,
  0.16,
  0.16,
  0.16,
  0.16,
  0.16,
  0.16,
  0.15
 ],
 "fraction_disordered": 1.0,
 "has_clash": 0.0,
 "iptm": 0.16,
 "num_recycles": 10.0,
 "ptm": 0.18,
 "ranking_score": 0.66
}