{
 "chain_iptm": [
  0.04,
  0.04,
  0.04,
  0.04,
  0.04,
  0.04,
  0.04,
  0.05,
  0.04,
  0.05,
  0.05,
  0.05,
  0.05,
  0.04,
  0.04,
  0.03
 ],
 "chain_pair_iptm": [
  [
   0.15,
   0.15,
   0.11,
   0.07,
   0.04,
   0.03,
   0.02,
   0.02,
   0.01,
   0.01,
   0.01,
   0.01,
   0.01,
   0.01,
   0.02,
   0.02
  ],
  [
   0.15,
   0.15,
   0.13,
   0.09,
   0.05,
   0.03,
   0.02,
   0.02,
   0.01,
   0.01,
   0.01,
   0.01,
   0.01,
   0.01,
   0.01,
   0.02
  ],
  [
   0.11,
   0.13,
   0.15,
   0.12,
   0.08,
   0.05,
   0.03,
   0.02,
   0.01,
   0.01,
   0.01,
   0.01,
   0.01,
   0.01,
   0.01,
   0.01
  ],
  [
   0.07,
   0.09,
   0.12,
   0.15,
   0.12,
   0.08,
   0.05,
   0.03,
   0.01,
   0.01,
   0.01,
   0.01,
   0.01,
   0.01,
   0.01,
   0.01
  ],
  [
   0.04,
   0.05,
   0.08,
   0.12,
   0.16,
   0.12,
   0.08,
   0.05,
   0.02,
   0.02,
   0.01,
   0.01,
   0.01,
   0.01,
   0.01,
   0.01
  ],
  [
   0.03,
   0.03,
   0.05,
   0.08,
   0.12,
   0.15,
   0.12,
   0.07,
   0.02,
   0.02,
   0.02,
   0.01,
   0.01,
   0.01,
   0.01,
   0.01
  ],
  [
   0.02,
   0.02,
   0.03,
   0.05,
   0.08,
   0.12,
   0.15,
   0.11,
   0.02,
   0.02,
   0.02,
   0.01,
   0.01,
   0.01,
   0.01,
   0.01
  ],
  [
   0.02,
   0.02,
   0.02,
   0.03,
   0.05,
   0.07,
   0.11,
   0.14,
   0.12,
   0.08,
   0.05,
   0.04,
   0.03,
   0.02,
   0.02,
   0.02
  ],
  [
   0.01,
   0.01,
   0.01,
   0.01,
   0.02,
   0.02,
   0.02,
   0.12,
   0.17,
   0.13,
   0.09,
   0.06,
   0.04,
   0.03,
   0.02,
   0.02
  ],
  [
   0.01,
   0.01,
   0.01,
   0.01,
   0.02,
   0.02,
   0.02,
   0.08,
   0.13,
   0.17,
   0.14,
   0.09,
   0.06,
   0.04,
   0.03,
   0.02
  ],
  [
   0.01,
   0.01,
   0.01,
   0.01,
   0.01,
   0.02,
   0.02,
   0.05,
   0.09,
   0.14,
   0.17,
   0.13,
   0.08,
   0.05,
   0.03,
   0.03
  ],
  [
   0.01,
   0.01,
   0.01,
   0.01,
   0.01,
   0.01,
   0.01,
   0.04,
   0.06,
   0.09,
   0.13,
   0.16,
   0.13,
   0.08,
   0.05,
   0.03
  ],
  [
   0.01,
   0.01,
   0.01,
   0.01,
   0.01,
   0.01,
   0.01,
   0.03,
   0.04,
   0.06,
   0.08,
   0.13,
   0.16,
   0.13,
   0.08,
   0.05
  ],
  [
   0.01,
   0.01,
   0.01,
   0.01,
   0.01,
   0.01,
   0.01,
   0.02,
   0.03,
   0.04,
   0.05,
   0.08,
   0.13,
   0.16,
   0.12,
   0.08
  ],
  [
   0.02,
   0.01,
   0.01,
   0.01,
   0.01,
   0.01,
   0.01,
   0.02,
   0.02,
   0.03,
   0.03,
   0.05,
   0.08,
   0.12,
   0.16,
   0.12
  ],
  [
   0.02,
   0.02,
   0.01,
   0.01,
   0.01,
   0.01,
   0.01,
   0.02,
   0.02,
   0.02,
   0.03,
   0.03,
   0.05,
   0.08,
   0.12,
   0.15
  ]
 ],
 "chain_pair_pae_min": [
  [
   0.76,
   6.14,
   10.05,
   17.36,
   21.58,
   24.7,
   26.39,
   27.72,
   28.57,
   28.52,
   28.22,
   27.37,
   26.57,
   26.51,
   26.75,
   27.09
  ],
  [
   6.99,
   0.76,
   7.33,
   14.08,
   19.96,
   23.61,
   25.8,
   27.25,
   28.21,
   28.16,
   27.68,
   27.26,
   26.97,
   27.15,
   27.29,
   27.49
  ],
  [
   10.67,
   7.23,
   0.76,
   8.89,
   15.95,
   20.96,
   24.16,
   26.44,
   27.66,
   27.69,
   27.73,
   27.46,
   27.68,
   27.85,
   27.97,
   28.15
  ],
  [
   18.57,
   13.97,
   8.62,
   0.76,
   8.94,
   15.66,
   21.27,
   24.04,
   26.41,
   26.9,
   27.43,
   27.67,
   28.01,
   28.29,
   28.47,
   28.56
  ],
  [
   22.23,
   20.83,
   15.83,
   9.38,
   0.76,
   8.24,
   16.15,
   21.53,
   24.84,
   25.81,
   27.05,
   27.66,
   28.28,
   28.71,
   28.66,
   28.86
  ],
  [
   24.97,
   23.68,
   21.56,
   16.05,
   9.13,
   0.76,
   8.41,
   16.86,
   22.81,
   24.48,
   26.73,
   27.78,
   28.5,
   28.78,
   28.88,
   29.13
  ],
  [
   26.78,
   25.87,
   24.53,
   21.13,
   15.95,
   9.68,
   0.76,
   9.88,
   21.11,
   23.79,
   26.45,
   27.86,
   28.46,
   28.86,
   29.15,
   29.55
  ],
  [
   28.35,
   27.51,
   26.62,
   24.48,
   20.58,
   15.76,
   10.16,
   0.76,
   8.62,
   16.18,
   20.22,
   23.0,
   25.35,
   27.28,
   28.35,
   28.85
  ],
  [
   28.41,
   28.34,
   27.77,
   27.42,
   25.2,
   22.45,
   20.14,
   10.74,
   0.76,
   7.39,
   14.46,
   19.62,
   22.45,
   24.98,
   27.1,
   27.93
  ],
  [
   28.23,
   28.05,
   27.95,
   27.1,
   26.34,
   24.7,
   23.31,
   17.24,
   7.78,
   0.76,
   7.25,
   15.57,
   20.21,
   22.61,
   25.68,
   27.12
  ],
  [
   28.08,
   28.07,
   27.53,
   27.31,
   27.05,
   26.46,
   25.34,
   21.92,
   14.65,
   7.31,
   0.76,
   8.13,
   15.41,
   20.53,
   23.26,
   26.02
  ],
  [
   27.87,
   27.37,
   27.25,
   27.49,
   27.62,
   27.1,
   27.29,
   24.53,
   20.49,
   15.02,
   7.78,
   0.76,
   8.16,
   15.3,
   21.49,
   24.11
  ],
  [
   27.18,
   26.94,
   27.28,
   27.64,
   27.71,
   28.18,
   27.81,
   26.43,
   23.4,
   20.66,
   15.47,
   7.96,
   0.76,
   8.49,
   16.5,
   21.79
  ],
  [
   26.6,
   26.61,
   26.93,
   27.42,
   28.34,
   28.48,
   28.28,
   27.26,
   25.47,
   23.53,
   20.7,
   15.39,
   7.84,
   0.76,
   9.17,
   17.21
  ],
  [
   26.1,
   26.12,
   26.97,
   27.93,
   28.46,
   28.61,
   28.83,
   27.95,
   26.89,
   25.79,
   23.85,
   21.16,
   16.24,
   8.17,
   0.76,
   8.62
  ],
  [
   26.25,
   26.51,
   27.56,
   28.29,
   28.75,
   29.19,
   29.36,
   28.7,
   27.99,
   27.14,
   25.66,
   23.52,
   20.09,
   15.38,
   7.72,
   0.76
  ]
 ],
 "chain_ptm": [
  0.15,
  0.15,
  0.15,
  0.15,
  0.16,
  0.15,
  0.15,
  0.14,
  0.17,
  0.17,
  0.17,
  0.16,
  0.16,
  0.16,
  0.16,
  0.15
 ],
 "fraction_disordered": 1.0,
 "has_clash": 0.0,
 "iptm": 0.15,
 "num_recycles": 10.0,
 "ptm": 0.17,
 "ranking_score": 0.66
}