{
 "chain_iptm": [
  0.03,
  0.04,
  0.04,
  0.04,
  0.04,
  0.04,
  0.04,
  0.03,
  0.03,
  0.04,
  0.04,
  0.04,
  0.04,
  0.04,
  0.03,
  0.03
 ],
 "chain_pair_iptm": [
  [
   0.14,
   0.14,
   0.11,
   0.06,
   0.03,
   0.02,
   0.02,
   0.02,
   0.01,
   0.01,
   0.01,
   0.01,
   0.01,
   0.01,
   0.02,
   0.02
  ],
  [
   0.14,
   0.15,
   0.13,
   0.08,
   0.04,
   0.03,
   0.02,
   0.02,
   0.01,
   0.01,
   0.01,
   0.01,
   0.01,
   0.01,
   0.02,
   0.02
  ],
  [
   0.11,
   0.13,
   0.15,
   0.11,
   0.07,
   0.04,
   0.03,
   0.02,
   0.01,
   0.01,
   0.01,
   0.01,
   0.01,
   0.01,
   0.01,
   0.01
  ],
  [
   0.06,
   0.08,
   0.11,
   0.15,
   0.1,
   0.07,
   0.04,
   0.03,
   0.02,
   0.02,
   0.01,
   0.01,
   0.01,
   0.01,
   0.01,
   0.01
  ],
  [
   0.03,
   0.04,
   0.07,
   0.1,
   0.15,
   0.11,
   0.07,
   0.04,
   0.02,
   0.02,
   0.02,
   0.01,
   0.01,
   0.01,
   0.01,
   0.01
  ],
  [
   0.02,
   0.03,
   0.04,
   0.07,
   0.11,
   0.15,
   0.11,
   0.07,
   0.02,
   0.02,
   0.02,
   0.01,
   0.01,
   0.01,
   0.01,
   0.01
  ],
  [
   0.02,
   0.02,
   0.03,
   0.04,
   0.07,
   0.11,
   0.16,
   0.11,
   0.02,
   0.02,
   0.02,
   0.02,
   0.01,
   0.01,
   0.01,
   0.01
  ],
  [
   0.02,
   0.02,
   0.02,
   0.03,
   0.04,
   0.07,
   0.11,
   0.14,
   0.03,
   0.02,
   0.02,
   0.02,
   0.01,
   0.01,
   0.01,
   0.01
  ],
  [
   0.01,
   0.01,
   0.01,
   0.02,
   0.02,
   0.02,
   0.02,
   0.03,
   0.14,
   0.12,
   0.08,
   0.05,
   0.03,
   0.02,
   0.02,
   0.01
  ],
  [
   0.01,
   0.01,
   0.01,
   0.02,
   0.02,
   0.02,
   0.02,
   0.02,
   0.12,
   0.15,
   0.12,
   0.07,
   0.04,
   0.03,
   0.02,
   0.02
  ],
  [
   0.01,
   0.01,
   0.01,
   0.01,
   0.02,
   0.02,
   0.02,
   0.02,
   0.08,
   0.12,
   0.15,
   0.11,
   0.07,
   0.04,
   0.03,
   0.02
  ],
  [
   0.01,
   0.01,
   0.01,
   0.01,
   0.01,
   0.01,
   0.02,
   0.02,
   0.05,
   0.07,
   0.11,
   0.15,
   0.1,
   0.06,
   0.04,
   0.03
  ],
  [
   0.01,
   0.01,
   0.01,
   0.01,
   0.01,
   0.01,
   0.01,
   0.01,
   0.03,
   0.04,
   0.07,
   0.1,
   0.14,
   0.1,
   0.06,
   0.04
  ],
  [
   0.01,
   0.01,
   0.01,
   0.01,
   0.01,
   0.01,
   0.01,
   0.01,
   0.02,
   0.03,
   0.04,
   0.06,
   0.1,
   0.14,
   0.1,
   0.06
  ],
  [
   0.02,
   0.02,
   0.01,
   0.01,
   0.01,
   0.01,
   0.01,
   0.01,
   0.02,
   0.02,
   0.03,
   0.04,
   0.06,
   0.1,
   0.14,
   0.11
  ],
  [
   0.02,
   0.02,
   0.01,
   0.01,
   0.01,
   0.01,
   0.01,
   0.01,
   0.01,
   0.02,
   0.02,
   0.03,
   0.04,
   0.06,
   0.11,
   0.13
  ]
 ],
 "chain_pair_pae_min": [
  [
   0.76,
   6.71,
   10.26,
   18.45,
   22.74,
   25.42,
   27.15,
   28.28,
   29.07,
   28.79,
   28.58,
   28.19,
   27.69,
   26.98,
   26.64,
   26.59
  ],
  [
   6.8,
   0.76,
   7.81,
   14.98,
   21.17,
   24.32,
   26.48,
   27.69,
   28.44,
   28.27,
   28.18,
   27.83,
   27.39,
   26.9,
   26.86,
   27.38
  ],
  [
   10.3,
   8.36,
   0.76,
   9.74,
   17.37,
   22.54,
   25.03,
   26.7,
   28.01,
   28.16,
   28.13,
   27.8,
   27.49,
   27.5,
   27.93,
   28.2
  ],
  [
   19.21,
   14.78,
   9.3,
   0.76,
   9.96,
   17.93,
   22.23,
   25.1,
   27.36,
   27.79,
   27.73,
   27.36,
   27.72,
   28.27,
   28.45,
   28.51
  ],
  [
   23.15,
   21.75,
   16.73,
   10.2,
   0.76,
   9.59,
   17.4,
   21.9,
   26.32,
   26.49,
   26.72,
   27.21,
   28.19,
   28.64,
   28.5,
   28.68
  ],
  [
   25.55,
   24.16,
   22.63,
   17.33,
   9.73,
   0.76,
   9.64,
   17.07,
   23.72,
   24.22,
   25.98,
   27.52,
   28.31,
   28.48,
   28.64,
   28.9
  ],
  [
   26.98,
   26.16,
   25.0,
   22.62,
   16.98,
   9.92,
   0.76,
   10.2,
   20.08,
   22.77,
   25.47,
   27.22,
   27.96,
   28.44,
   28.74,
   29.11
  ],
  [
   28.11,
   27.58,
   26.79,
   25.14,
   21.56,
   16.43,
   9.77,
   0.76,
   14.96,
   20.02,
   24.62,
   26.67,
   27.97,
   28.6,
   29.05,
   29.39
  ],
  [
   28.73,
   28.09,
   27.61,
   26.96,
   25.78,
   23.45,
   19.63,
   14.96,
   0.76,
   8.14,
   15.26,
   20.72,
   24.57,
   26.69,
   27.86,
   28.63
  ],
  [
   28.34,
   27.97,
   27.71,
   27.38,
   26.61,
   24.3,
   22.47,
   21.32,
   9.85,
   0.76,
   8.92,
   16.93,
   21.84,
   24.7,
   26.95,
   27.73
  ],
  [
   28.19,
   27.97,
   27.81,
   27.63,
   26.85,
   25.94,
   25.23,
   25.02,
   17.02,
   9.6,
   0.76,
   9.37,
   17.75,
   22.17,
   25.28,
   26.96
  ],
  [
   28.1,
   27.91,
   27.79,
   27.58,
   27.4,
   27.46,
   27.31,
   26.76,
   22.35,
   17.77,
   10.31,
   0.76,
   9.37,
   17.79,
   22.87,
   25.48
  ],
  [
   27.67,
   27.42,
   27.59,
   27.49,
   28.01,
   28.2,
   28.02,
   27.92,
   24.99,
   22.18,
   18.07,
   10.44,
   0.76,
   9.15,
   18.5,
   22.97
  ],
  [
   27.25,
   27.09,
   27.37,
   27.89,
   28.41,
   28.39,
   28.48,
   28.55,
   26.73,
   24.66,
   22.09,
   17.94,
   10.4,
   0.76,
   10.67,
   17.5
  ],
  [
   26.81,
   26.19,
   27.69,
   28.01,
   28.39,
   28.64,
   28.86,
   29.07,
   27.92,
   27.03,
   25.1,
   22.26,
   18.34,
   11.03,
   0.76,
   10.72
  ],
  [
   26.35,
   26.18,
   27.44,
   28.26,
   28.73,
   28.98,
   29.32,
   29.54,
   29.0,
   28.23,
   27.14,
   24.83,
   21.56,
   17.22,
   9.9,
   0.76
  ]
 ],
 "chain_ptm": [
  0.14,
  0.15,
  0.15,
  0.15,
  0.15,
  0.15,
  0.16,
  0.14,
  0.14,
  0.15,
  0.15,
  0.15,
  0.14,
  0.14,
  0.14,
  0.13
 ],
 "fraction_disordered": 1.0,
 "has_clash": 0.0,
 "iptm": 0.14,
 "num_recycles": 10.0,
 "ptm": 0.16,
 "ranking_score": 0.65
}