{
 "chain_iptm": [
  0.03,
  0.03,
  0.03,
  0.03,
  0.03,
  0.03,
  0.03,
  0.02,
  0.03,
  0.03,
  0.03,
  0.03,
  0.03,
  0.03,
  0.03,
  0.02
 ],
 "chain_pair_iptm": [
  [
   0.12,
   0.1,
   0.08,
   0.04,
   0.02,
   0.02,
   0.02,
   0.01,
   0.01,
   0.01,
   0.01,
   0.01,
   0.01,
   0.01,
   0.01,
   0.01
  ],
  [
   0.1,
   0.13,
   0.09,
   0.06,
   0.03,
   0.02,
   0.02,
   0.01,
   0.01,
   0.01,
   0.01,
   0.01,
   0.01,
   0.01,
   0.01,
   0.01
  ],
  [
   0.08,
   0.09,
   0.13,
   0.08,
   0.05,
   0.03,
   0.02,
   0.02,
   0.01,
   0.01,
   0.01,
   0.01,
   0.01,
   0.01,
   0.01,
   0.01
  ],
  [
   0.04,
   0.06,
   0.08,
   0.13,
   0.07,
   0.05,
   0.03,
   0.02,
   0.01,
   0.01,
   0.01,
   0.01,
   0.01,
   0.01,
   0.01,
   0.01
  ],
  [
   0.02,
   0.03,
   0.05,
   0.07,
   0.13,
   0.07,
   0.05,
   0.03,
   0.01,
   0.01,
   0.01,
   0.01,
   0.01,
   0.01,
   0.01,
   0.01
  ],
  [
   0.02,
   0.02,
   0.03,
   0.05,
   0.07,
   0.13,
   0.08,
   0.05,
   0.02,
   0.02,
   0.02,
   0.01,
   0.01,
   0.01,
   0.01,
   0.01
  ],
  [
   0.02,
   0.02,
   0.02,
   0.03,
   0.05,
   0.08,
   0.13,
   0.08,
   0.02,
   0.02,
   0.02,
   0.01,
   0.01,
   0.01,
   0.01,
   0.01
  ],
  [
   0.01,
   0.01,
   0.02,
   0.02,
   0.03,
   0.05,
   0.08,
   0.12,
   0.02,
   0.02,
   0.02,
   0.01,
   0.01,
   0.01,
   0.01,
   0.01
  ],
  [
   0.01,
   0.01,
   0.01,
   0.01,
   0.01,
   0.02,
   0.02,
   0.02,
   0.13,
   0.09,
   0.06,
   0.04,
   0.02,
   0.02,
   0.02,
   0.01
  ],
  [
   0.01,
   0.01,
   0.01,
   0.01,
   0.01,
   0.02,
   0.02,
   0.02,
   0.09,
   0.14,
   0.09,
   0.05,
   0.03,
   0.02,
   0.02,
   0.02
  ],
  [
   0.01,
   0.01,
   0.01,
   0.01,
   0.01,
   0.02,
   0.02,
   0.02,
   0.06,
   0.09,
   0.13,
   0.09,
   0.05,
   0.03,
   0.02,
   0.02
  ],
  [
   0.01,
   0.01,
   0.01,
   0.01,
   0.01,
   0.01,
   0.01,
   0.01,
   0.04,
   0.05,
   0.09,
   0.13,
   0.08,
   0.05,
   0.03,
   0.02
  ],
  [
   0.01,
   0.01,
   0.01,
   0.01,
   0.01,
   0.01,
   0.01,
   0.01,
   0.02,
   0.03,
   0.05,
   0.08,
   0.13,
   0.08,
   0.05,
   0.03
  ],
  [
   0.01,
   0.01,
   0.01,
   0.01,
   0.01,
   0.01,
   0.01,
   0.01,
   0.02,
   0.02,
   0.03,
   0.05,
   0.08,
   0.13,
   0.08,
   0.05
  ],
  [
   0.01,
   0.01,
   0.01,
   0.01,
   0.01,
   0.01,
   0.01,
   0.01,
   0.02,
   0.02,
   0.02,
   0.03,
   0.05,
   0.08,
   0.13,
   0.08
  ],
  [
   0.01,
   0.01,
   0.01,
   0.01,
   0.01,
   0.01,
   0.01,
   0.01,
   0.01,
   0.02,
   0.02,
   0.02,
   0.03,
   0.05,
   0.08,
   0.12
  ]
 ],
 "chain_pair_pae_min": [
  [
   0.77,
   6.96,
   10.88,
   20.21,
   24.3,
   26.56,
   28.09,
   29.01,
   30.03,
   29.8,
   29.58,
   29.34,
   28.93,
   28.7,
   28.92,
   29.01
  ],
  [
   8.21,
   0.76,
   7.19,
   15.35,
   22.41,
   25.47,
   27.29,
   28.36,
   29.64,
   29.38,
   29.29,
   28.97,
   28.63,
   28.45,
   28.83,
   29.14
  ],
  [
   12.5,
   8.68,
   0.76,
   10.7,
   18.13,
   23.57,
   26.04,
   27.72,
   29.3,
   28.95,
   28.89,
   28.76,
   28.61,
   28.61,
   29.05,
   29.32
  ],
  [
   21.79,
   16.57,
   10.79,
   0.76,
   11.95,
   19.08,
   23.79,
   26.12,
   28.71,
   28.54,
   28.7,
   28.8,
   28.92,
   28.99,
   29.38,
   29.53
  ],
  [
   24.94,
   23.34,
   18.81,
   12.38,
   0.76,
   11.62,
   18.65,
   23.36,
   27.6,
   27.79,
   28.23,
   28.72,
   28.91,
   29.16,
   29.48,
   29.76
  ],
  [
   26.84,
   25.71,
   24.18,
   19.54,
   11.71,
   0.76,
   11.4,
   18.43,
   26.53,
   27.18,
   27.82,
   28.54,
   28.93,
   29.23,
   29.6,
   29.91
  ],
  [
   28.13,
   27.27,
   25.98,
   24.28,
   19.2,
   10.91,
   0.76,
   11.49,
   25.2,
   26.27,
   27.32,
   28.36,
   28.92,
   29.28,
   29.75,
   29.98
  ],
  [
   29.04,
   28.48,
   27.51,
   25.9,
   23.75,
   18.71,
   11.52,
   0.76,
   23.42,
   24.7,
   26.85,
   28.46,
   29.09,
   29.53,
   30.03,
   30.25
  ],
  [
   29.4,
   29.24,
   28.84,
   28.27,
   27.32,
   25.98,
   24.42,
   22.58,
   0.76,
   8.68,
   15.43,
   21.47,
   24.62,
   26.79,
   28.07,
   28.9
  ],
  [
   29.2,
   28.92,
   28.38,
   28.1,
   27.5,
   26.42,
   25.6,
   24.71,
   10.11,
   0.76,
   9.11,
   16.3,
   22.46,
   25.13,
   27.09,
   28.25
  ],
  [
   28.93,
   28.6,
   28.39,
   28.14,
   27.73,
   27.28,
   26.51,
   26.4,
   17.26,
   10.32,
   0.76,
   9.92,
   17.48,
   22.46,
   25.68,
   27.33
  ],
  [
   28.81,
   28.52,
   28.34,
   28.29,
   28.07,
   27.85,
   27.58,
   27.5,
   23.05,
   17.93,
   10.42,
   0.76,
   10.61,
   17.95,
   23.19,
   25.82
  ],
  [
   28.75,
   28.57,
   28.51,
   28.56,
   28.48,
   28.4,
   28.38,
   28.64,
   25.47,
   23.07,
   18.25,
   10.52,
   0.76,
   9.94,
   18.6,
   23.12
  ],
  [
   28.64,
   28.52,
   28.55,
   28.67,
   28.74,
   28.9,
   28.9,
   29.14,
   27.02,
   25.58,
   22.78,
   17.5,
   10.29,
   0.76,
   11.83,
   18.04
  ],
  [
   28.65,
   28.76,
   28.93,
   29.08,
   29.22,
   29.31,
   29.36,
   29.68,
   28.45,
   27.25,
   25.62,
   22.97,
   17.99,
   10.89,
   0.76,
   10.67
  ],
  [
   28.25,
   28.65,
   29.15,
   29.29,
   29.55,
   29.86,
   29.94,
   30.1,
   29.33,
   28.65,
   27.38,
   25.42,
   22.62,
   17.58,
   9.71,
   0.76
  ]
 ],
 "chain_ptm": [
  0.12,
  0.13,
  0.13,
  0.13,
  0.13,
  0.13,
  0.13,
  0.12,
  0.13,
  0.14,
  0.13,
  0.13,
  0.13,
  0.13,
  0.13,
  0.12
 ],
 "fraction_disordered": 1.0,
 "has_clash": 0.0,
 "iptm": 0.13,
 "num_recycles": 10.0,
 "ptm": 0.14,
 "ranking_score": 0.63
}