{
 "chain_iptm": [
  0.04,
  0.04,
  0.05,
  0.05,
  0.05,
  0.04,
  0.04,
  0.03,
  0.04,
  0.05,
  0.05,
  0.05,
  0.05,
  0.04,
  0.04,
  0.03
 ],
 "chain_pair_iptm": [
  [
   0.14,
   0.16,
   0.12,
   0.07,
   0.04,
   0.03,
   0.02,
   0.02,
   0.01,
   0.01,
   0.01,
   0.01,
   0.02,
   0.02,
   0.02,
   0.02
  ],
  [
   0.16,
   0.16,
   0.15,
   0.1,
   0.06,
   0.04,
   0.03,
   0.02,
   0.01,
   0.01,
   0.01,
   0.02,
   0.02,
   0.02,
   0.02,
   0.01
  ],
  [
   0.12,
   0.15,
   0.16,
   0.13,
   0.08,
   0.05,
   0.03,
   0.02,
   0.01,
   0.02,
   0.02,
   0.02,
   0.01,
   0.01,
   0.01,
   0.01
  ],
  [
   0.07,
   0.1,
   0.13,
   0.16,
   0.13,
   0.08,
   0.05,
   0.03,
   0.02,
   0.02,
   0.02,
   0.02,
   0.01,
   0.01,
   0.01,
   0.01
  ],
  [
   0.04,
   0.06,
   0.08,
   0.13,
   0.16,
   0.13,
   0.09,
   0.05,
   0.02,
   0.02,
   0.02,
   0.02,
   0.01,
   0.01,
   0.01,
   0.01
  ],
  [
   0.03,
   0.04,
   0.05,
   0.08,
   0.13,
   0.16,
   0.13,
   0.08,
   0.02,
   0.02,
   0.02,
   0.02,
   0.01,
   0.01,
   0.01,
   0.01
  ],
  [
   0.02,
   0.03,
   0.03,
   0.05,
   0.09,
   0.13,
   0.16,
   0.12,
   0.02,
   0.02,
   0.02,
   0.02,
   0.01,
   0.01,
   0.01,
   0.01
  ],
  [
   0.02,
   0.02,
   0.02,
   0.03,
   0.05,
   0.08,
   0.12,
   0.14,
   0.02,
   0.02,
   0.02,
   0.02,
   0.01,
   0.01,
   0.01,
   0.01
  ],
  [
   0.01,
   0.01,
   0.01,
   0.02,
   0.02,
   0.02,
   0.02,
   0.02,
   0.15,
   0.14,
   0.1,
   0.07,
   0.04,
   0.03,
   0.02,
   0.02
  ],
  [
   0.01,
   0.01,
   0.02,
   0.02,
   0.02,
   0.02,
   0.02,
   0.02,
   0.14,
   0.17,
   0.15,
   0.1,
   0.06,
   0.04,
   0.03,
   0.02
  ],
  [
   0.01,
   0.01,
   0.02,
   0.02,
   0.02,
   0.02,
   0.02,
   0.02,
   0.1,
   0.15,
   0.17,
   0.14,
   0.09,
   0.06,
   0.04,
   0.03
  ],
  [
   0.01,
   0.02,
   0.02,
   0.02,
   0.02,
   0.02,
   0.02,
   0.02,
   0.07,
   0.1,
   0.14,
   0.16,
   0.14,
   0.09,
   0.05,
   0.04
  ],
  [
   0.02,
   0.02,
   0.01,
   0.01,
   0.01,
   0.01,
   0.01,
   0.01,
   0.04,
   0.06,
   0.09,
   0.14,
   0.16,
   0.13,
   0.08,
   0.05
  ],
  [
   0.02,
   0.02,
   0.01,
   0.01,
   0.01,
   0.01,
   0.01,
   0.01,
   0.03,
   0.04,
   0.06,
   0.09,
   0.13,
   0.15,
   0.12,
   0.08
  ],
  [
   0.02,
   0.02,
   0.01,
   0.01,
   0.01,
   0.01,
   0.01,
   0.01,
   0.02,
   0.03,
   0.04,
   0.05,
   0.08,
   0.12,
   0.15,
   0.12
  ],
  [
   0.02,
   0.01,
   0.01,
   0.01,
   0.01,
   0.01,
   0.01,
   0.01,
   0.02,
   0.02,
   0.03,
   0.04,
   0.05,
   0.08,
   0.12,
   0.14
  ]
 ],
 "chain_pair_pae_min": [
  [
   0.76,
   5.74,
   9.78,
   17.4,
   21.79,
   24.6,
   26.63,
   27.7,
   28.45,
   28.41,
   28.22,
   27.76,
   27.31,
   27.08,
   26.98,
   27.58
  ],
  [
   7.14,
   0.76,
   6.81,
   13.54,
   20.39,
   23.52,
   25.91,
   26.79,
   27.81,
   27.83,
   27.63,
   27.44,
   27.31,
   27.36,
   27.4,
   27.9
  ],
  [
   10.11,
   7.05,
   0.76,
   8.63,
   16.65,
   21.66,
   24.3,
   26.19,
   27.49,
   27.52,
   27.57,
   27.56,
   27.82,
   28.03,
   28.08,
   28.45
  ],
  [
   18.0,
   13.75,
   8.32,
   0.76,
   9.15,
   16.61,
   21.59,
   24.57,
   26.93,
   26.98,
   27.25,
   27.8,
   28.21,
   28.36,
   28.61,
   28.88
  ],
  [
   22.03,
   20.08,
   16.11,
   9.12,
   0.76,
   8.47,
   16.36,
   21.63,
   24.98,
   26.18,
   27.11,
   27.95,
   28.4,
   28.63,
   28.77,
   29.2
  ],
  [
   24.87,
   23.41,
   21.26,
   16.54,
   8.78,
   0.76,
   8.6,
   16.94,
   23.99,
   24.85,
   27.03,
   27.91,
   28.43,
   28.73,
   28.97,
   29.36
  ],
  [
   26.66,
   25.65,
   24.25,
   21.26,
   15.24,
   9.06,
   0.76,
   8.71,
   20.66,
   24.14,
   26.53,
   27.67,
   28.32,
   28.74,
   29.09,
   29.46
  ],
  [
   28.24,
   27.43,
   26.44,
   24.27,
   21.32,
   15.11,
   9.57,
   0.76,
   20.04,
   23.57,
   26.06,
   27.67,
   28.57,
   29.14,
   29.55,
   29.89
  ],
  [
   28.44,
   27.99,
   27.65,
   27.14,
   25.35,
   23.69,
   21.46,
   20.32,
   0.76,
   7.18,
   13.59,
   18.34,
   22.12,
   24.68,
   26.88,
   27.75
  ],
  [
   28.05,
   27.75,
   27.68,
   26.9,
   26.17,
   25.26,
   24.97,
   23.67,
   8.1,
   0.76,
   7.61,
   14.97,
   19.32,
   22.38,
   25.22,
   26.68
  ],
  [
   27.93,
   27.7,
   27.48,
   27.29,
   26.97,
   26.76,
   26.45,
   25.96,
   14.44,
   7.59,
   0.76,
   7.63,
   15.22,
   19.73,
   23.36,
   25.58
  ],
  [
   27.74,
   27.4,
   27.45,
   27.54,
   27.51,
   27.53,
   27.31,
   27.15,
   19.83,
   14.93,
   7.58,
   0.76,
   7.6,
   15.66,
   20.58,
   23.46
  ],
  [
   27.29,
   27.32,
   27.61,
   27.89,
   27.88,
   27.93,
   27.82,
   27.8,
   22.76,
   19.55,
   14.92,
   7.28,
   0.76,
   7.27,
   16.48,
   20.97
  ],
  [
   26.83,
   27.19,
   27.74,
   27.92,
   28.0,
   28.13,
   28.37,
   28.56,
   25.16,
   22.99,
   19.69,
   14.76,
   7.54,
   0.76,
   8.19,
   16.01
  ],
  [
   26.57,
   27.01,
   27.96,
   28.04,
   28.36,
   28.65,
   28.91,
   29.09,
   26.7,
   25.63,
   23.5,
   20.51,
   15.0,
   7.93,
   0.76,
   8.25
  ],
  [
   26.83,
   27.33,
   28.14,
   28.65,
   29.1,
   29.36,
   29.56,
   29.79,
   28.04,
   27.05,
   25.68,
   23.13,
   20.1,
   14.39,
   7.67,
   0.76
  ]
 ],
 "chain_ptm": [
  0.14,
  0.16,
  0.16,
  0.16,
  0.16,
  0.16,
  0.16,
  0.14,
  0.15,
  0.17,
  0.17,
  0.16,
  0.16,
  0.15,
  0.15,
  0.14
 ],
 "fraction_disordered": 1.0,
 "has_clash": 0.0,
 "iptm": 0.16,
 "num_recycles": 10.0,
 "ptm": 0.18,
 "ranking_score": 0.67
}