{
 "chain_iptm": [
  0.13,
  0.15,
  0.16,
  0.14,
  0.13,
  0.16,
  0.17,
  0.16,
  0.13,
  0.1
 ],
 "chain_pair_iptm": [
  [
   0.15,
   0.33,
   0.27,
   0.19,
   0.06,
   0.07,
   0.08,
   0.07,
   0.06,
   0.05
  ],
  [
   0.33,
   0.17,
   0.33,
   0.24,
   0.08,
   0.09,
   0.09,
   0.08,
   0.07,
   0.05
  ],
  [
   0.27,
   0.33,
   0.17,
   0.31,
   0.1,
   0.1,
   0.1,
   0.09,
   0.07,
   0.05
  ],
  [
   0.19,
   0.24,
   0.31,
   0.16,
   0.11,
   0.11,
   0.1,
   0.08,
   0.06,
   0.05
  ],
  [
   0.06,
   0.08,
   0.1,
   0.11,
   0.16,
   0.31,
   0.23,
   0.15,
   0.1,
   0.06
  ],
  [
   0.07,
   0.09,
   0.1,
   0.11,
   0.31,
   0.17,
   0.31,
   0.22,
   0.13,
   0.08
  ],
  [
   0.08,
   0.09,
   0.1,
   0.1,
   0.23,
   0.31,
   0.17,
   0.29,
   0.19,
   0.11
  ],
  [
   0.07,
   0.08,
   0.09,
   0.08,
   0.15,
   0.22,
   0.29,
   0.17,
   0.26,
   0.17
  ],
  [
   0.06,
   0.07,
   0.07,
   0.06,
   0.1,
   0.13,
   0.19,
   0.26,
   0.16,
   0.25
  ],
  [
   0.05,
   0.05,
   0.05,
   0.05,
   0.06,
   0.08,
   0.11,
   0.17,
   0.25,
   0.14
  ]
 ],
 "chain_pair_pae_min": [
  [
   0.76,
   3.61,
   4.44,
   7.82,
   12.19,
   13.3,
   13.28,
   13.19,
   13.27,
   13.22
  ],
  [
   3.76,
   0.76,
   4.18,
   5.71,
   11.57,
   11.7,
   11.93,
   11.99,
   13.39,
   14.63
  ],
  [
   4.94,
   4.28,
   0.76,
   5.09,
   10.28,
   10.97,
   10.78,
   10.74,
   14.14,
   14.99
  ],
  [
   8.93,
   6.25,
   4.26,
   0.76,
   7.86,
   8.32,
   10.3,
   12.05,
   14.91,
   16.2
  ],
  [
   13.75,
   12.38,
   9.65,
   7.88,
   0.76,
   4.14,
   6.15,
   9.36,
   13.06,
   15.3
  ],
  [
   13.9,
   11.87,
   10.08,
   8.58,
   4.74,
   0.76,
   4.45,
   6.52,
   11.31,
   13.59
  ],
  [
   13.75,
   12.12,
   10.73,
   10.46,
   7.08,
   4.66,
   0.76,
   4.6,
   8.39,
   12.55
  ],
  [
   13.63,
   12.34,
   11.6,
   11.2,
   10.03,
   7.1,
   4.9,
   0.76,
   5.68,
   9.8
  ],
  [
   12.68,
   12.92,
   13.04,
   12.96,
   12.77,
   11.26,
   8.08,
   5.39,
   0.76,
   6.71
  ],
  [
   11.02,
   12.61,
   14.95,
   15.14,
   15.83,
   14.03,
   11.95,
   9.27,
   5.87,
   0.76
  ]
 ],
 "chain_ptm": [
  0.15,
  0.17,
  0.17,
  0.16,
  0.16,
  0.17,
  0.17,
  0.17,
  0.16,
  0.14
 ],
 "fraction_disordered": 1.0,
 "has_clash": 0.0,
 "iptm": 0.34,
 "num_recycles": 10.0,
 "ptm": 0.37,
 "ranking_score": 0.85
}