{
 "chain_iptm": [
  0.2,
  0.21,
  0.21,
  0.18,
  0.17,
  0.2,
  0.2,
  0.17,
  0.13,
  0.12
 ],
 "chain_pair_iptm": [
  [
   0.17,
   0.37,
   0.31,
   0.22,
   0.15,
   0.16,
   0.16,
   0.13,
   0.1,
   0.21
  ],
  [
   0.37,
   0.18,
   0.36,
   0.27,
   0.16,
   0.18,
   0.17,
   0.13,
   0.09,
   0.16
  ],
  [
   0.31,
   0.36,
   0.18,
   0.34,
   0.17,
   0.18,
   0.16,
   0.12,
   0.09,
   0.13
  ],
  [
   0.22,
   0.27,
   0.34,
   0.17,
   0.17,
   0.17,
   0.14,
   0.11,
   0.07,
   0.11
  ],
  [
   0.15,
   0.16,
   0.17,
   0.17,
   0.16,
   0.31,
   0.24,
   0.16,
   0.11,
   0.09
  ],
  [
   0.16,
   0.18,
   0.18,
   0.17,
   0.31,
   0.17,
   0.33,
   0.22,
   0.14,
   0.1
  ],
  [
   0.16,
   0.17,
   0.16,
   0.14,
   0.24,
   0.33,
   0.17,
   0.29,
   0.19,
   0.1
  ],
  [
   0.13,
   0.13,
   0.12,
   0.11,
   0.16,
   0.22,
   0.29,
   0.16,
   0.27,
   0.1
  ],
  [
   0.1,
   0.09,
   0.09,
   0.07,
   0.11,
   0.14,
   0.19,
   0.27,
   0.15,
   0.09
  ],
  [
   0.21,
   0.16,
   0.13,
   0.11,
   0.09,
   0.1,
   0.1,
   0.1,
   0.09,
   0.15
  ]
 ],
 "chain_pair_pae_min": [
  [
   0.76,
   2.86,
   4.06,
   7.87,
   8.98,
   8.17,
   8.46,
   10.37,
   12.4,
   9.22
  ],
  [
   2.79,
   0.76,
   3.36,
   5.9,
   8.17,
   7.12,
   7.95,
   10.14,
   12.7,
   11.38
  ],
  [
   4.0,
   3.3,
   0.76,
   4.68,
   6.78,
   7.23,
   9.07,
   10.76,
   13.1,
   12.35
  ],
  [
   7.83,
   5.07,
   4.04,
   0.76,
   5.38,
   6.81,
   9.96,
   11.62,
   14.34,
   13.38
  ],
  [
   9.16,
   8.23,
   6.33,
   6.18,
   0.76,
   3.68,
   5.37,
   9.41,
   12.35,
   13.18
  ],
  [
   9.2,
   8.02,
   8.18,
   8.01,
   3.84,
   0.76,
   3.34,
   6.3,
   10.82,
   11.78
  ],
  [
   8.79,
   8.83,
   9.01,
   9.78,
   6.68,
   3.47,
   0.76,
   3.93,
   8.41,
   10.9
  ],
  [
   10.08,
   10.41,
   10.49,
   10.91,
   9.63,
   6.48,
   4.36,
   0.76,
   5.51,
   9.62
  ],
  [
   10.79,
   12.36,
   12.54,
   13.56,
   12.01,
   10.11,
   7.07,
   4.66,
   0.76,
   7.88
  ],
  [
   7.72,
   9.35,
   12.1,
   14.06,
   13.06,
   11.47,
   10.35,
   8.78,
   8.58,
   0.76
  ]
 ],
 "chain_ptm": [
  0.17,
  0.18,
  0.18,
  0.17,
  0.16,
  0.17,
  0.17,
  0.16,
  0.15,
  0.15
 ],
 "fraction_disordered": 1.0,
 "has_clash": 0.0,
 "iptm": 0.41,
 "num_recycles": 10.0,
 "ptm": 0.44,
 "ranking_score": 0.92
}