{
 "chain_iptm": [
  0.29,
  0.3,
  0.29,
  0.25,
  0.26,
  0.29,
  0.3,
  0.27,
  0.21,
  0.2
 ],
 "chain_pair_iptm": [
  [
   0.16,
   0.39,
   0.35,
   0.27,
   0.26,
   0.3,
   0.32,
   0.29,
   0.22,
   0.26
  ],
  [
   0.39,
   0.16,
   0.38,
   0.31,
   0.28,
   0.32,
   0.32,
   0.29,
   0.21,
   0.24
  ],
  [
   0.35,
   0.38,
   0.16,
   0.35,
   0.29,
   0.31,
   0.3,
   0.26,
   0.18,
   0.21
  ],
  [
   0.27,
   0.31,
   0.35,
   0.14,
   0.26,
   0.26,
   0.25,
   0.2,
   0.14,
   0.17
  ],
  [
   0.26,
   0.28,
   0.29,
   0.26,
   0.15,
   0.35,
   0.3,
   0.24,
   0.17,
   0.15
  ],
  [
   0.3,
   0.32,
   0.31,
   0.26,
   0.35,
   0.16,
   0.37,
   0.31,
   0.21,
   0.18
  ],
  [
   0.32,
   0.32,
   0.3,
   0.25,
   0.3,
   0.37,
   0.16,
   0.35,
   0.26,
   0.2
  ],
  [
   0.29,
   0.29,
   0.26,
   0.2,
   0.24,
   0.31,
   0.35,
   0.15,
   0.3,
   0.21
  ],
  [
   0.22,
   0.21,
   0.18,
   0.14,
   0.17,
   0.21,
   0.26,
   0.3,
   0.14,
   0.2
  ],
  [
   0.26,
   0.24,
   0.21,
   0.17,
   0.15,
   0.18,
   0.2,
   0.21,
   0.2,
   0.14
  ]
 ],
 "chain_pair_pae_min": [
  [
   0.76,
   1.46,
   2.48,
   5.38,
   5.85,
   3.85,
   3.32,
   4.16,
   8.19,
   5.28
  ],
  [
   1.37,
   0.76,
   1.55,
   4.44,
   5.53,
   3.25,
   3.27,
   4.41,
   8.58,
   7.81
  ],
  [
   2.43,
   1.69,
   0.76,
   2.87,
   5.06,
   3.69,
   3.66,
   5.12,
   8.97,
   8.64
  ],
  [
   5.1,
   3.62,
   2.89,
   0.76,
   4.13,
   4.45,
   4.77,
   5.66,
   9.39,
   9.19
  ],
  [
   4.27,
   4.15,
   4.22,
   4.61,
   0.76,
   2.39,
   3.9,
   5.41,
   8.74,
   8.99
  ],
  [
   3.7,
   3.38,
   4.05,
   5.43,
   2.48,
   0.76,
   1.77,
   3.75,
   7.45,
   8.2
  ],
  [
   3.36,
   3.37,
   4.0,
   6.1,
   4.71,
   1.88,
   0.76,
   2.19,
   6.89,
   7.52
  ],
  [
   4.37,
   4.41,
   4.98,
   7.02,
   5.99,
   3.95,
   2.29,
   0.76,
   3.52,
   7.18
  ],
  [
   5.94,
   7.07,
   8.15,
   10.04,
   9.18,
   7.29,
   4.98,
   3.59,
   0.76,
   5.65
  ],
  [
   5.32,
   7.12,
   8.25,
   9.93,
   9.91,
   7.63,
   7.14,
   6.66,
   6.45,
   0.76
  ]
 ],
 "chain_ptm": [
  0.16,
  0.16,
  0.16,
  0.14,
  0.15,
  0.16,
  0.16,
  0.15,
  0.14,
  0.14
 ],
 "fraction_disordered": 1.0,
 "has_clash": 0.0,
 "iptm": 0.54,
 "num_recycles": 10.0,
 "ptm": 0.56,
 "ranking_score": 1.05
}