{
 "chain_iptm": [
  0.27,
  0.28,
  0.26,
  0.22,
  0.24,
  0.27,
  0.27,
  0.25,
  0.19,
  0.19
 ],
 "chain_pair_iptm": [
  [
   0.15,
   0.37,
   0.32,
   0.25,
   0.23,
   0.27,
   0.28,
   0.25,
   0.18,
   0.25
  ],
  [
   0.37,
   0.16,
   0.36,
   0.28,
   0.25,
   0.29,
   0.29,
   0.25,
   0.17,
   0.22
  ],
  [
   0.32,
   0.36,
   0.15,
   0.32,
   0.25,
   0.27,
   0.26,
   0.22,
   0.15,
   0.19
  ],
  [
   0.25,
   0.28,
   0.32,
   0.14,
   0.23,
   0.23,
   0.22,
   0.17,
   0.11,
   0.14
  ],
  [
   0.23,
   0.25,
   0.25,
   0.23,
   0.15,
   0.34,
   0.29,
   0.23,
   0.16,
   0.14
  ],
  [
   0.27,
   0.29,
   0.27,
   0.23,
   0.34,
   0.16,
   0.36,
   0.29,
   0.2,
   0.17
  ],
  [
   0.28,
   0.29,
   0.26,
   0.22,
   0.29,
   0.36,
   0.16,
   0.34,
   0.24,
   0.19
  ],
  [
   0.25,
   0.25,
   0.22,
   0.17,
   0.23,
   0.29,
   0.34,
   0.15,
   0.29,
   0.19
  ],
  [
   0.18,
   0.17,
   0.15,
   0.11,
   0.16,
   0.2,
   0.24,
   0.29,
   0.14,
   0.18
  ],
  [
   0.25,
   0.22,
   0.19,
   0.14,
   0.14,
   0.17,
   0.19,
   0.19,
   0.18,
   0.13
  ]
 ],
 "chain_pair_pae_min": [
  [
   0.76,
   1.62,
   2.82,
   6.24,
   6.55,
   4.59,
   3.91,
   5.25,
   9.61,
   5.46
  ],
  [
   1.5,
   0.76,
   1.85,
   5.41,
   6.19,
   3.78,
   3.9,
   5.78,
   10.06,
   8.49
  ],
  [
   3.0,
   1.97,
   0.76,
   3.6,
   5.65,
   4.46,
   4.55,
   6.45,
   10.64,
   9.53
  ],
  [
   5.92,
   4.58,
   3.6,
   0.76,
   4.72,
   5.4,
   6.0,
   7.0,
   11.33,
   10.63
  ],
  [
   4.93,
   4.78,
   5.04,
   5.19,
   0.76,
   2.6,
   4.35,
   6.14,
   10.06,
   9.87
  ],
  [
   4.47,
   4.05,
   4.89,
   6.42,
   2.72,
   0.76,
   1.99,
   4.47,
   8.41,
   9.24
  ],
  [
   4.06,
   3.94,
   4.72,
   7.15,
   4.97,
   2.17,
   0.76,
   2.54,
   7.36,
   8.24
  ],
  [
   5.45,
   5.4,
   6.01,
   8.23,
   6.88,
   4.55,
   2.64,
   0.76,
   3.89,
   7.83
  ],
  [
   7.12,
   7.89,
   9.2,
   11.67,
   10.02,
   7.95,
   5.52,
   3.97,
   0.76,
   6.15
  ],
  [
   5.72,
   7.88,
   8.83,
   11.34,
   10.9,
   8.37,
   7.75,
   7.39,
   7.28,
   0.76
  ]
 ],
 "chain_ptm": [
  0.15,
  0.16,
  0.15,
  0.14,
  0.15,
  0.16,
  0.16,
  0.15,
  0.14,
  0.13
 ],
 "fraction_disordered": 1.0,
 "has_clash": 0.0,
 "iptm": 0.5,
 "num_recycles": 10.0,
 "ptm": 0.52,
 "ranking_score": 1.01
}