{
 "chain_iptm": [
  0.11,
  0.12,
  0.12,
  0.1,
  0.1,
  0.12,
  0.12,
  0.11,
  0.09,
  0.07
 ],
 "chain_pair_iptm": [
  [
   0.14,
   0.3,
   0.22,
   0.14,
   0.05,
   0.05,
   0.04,
   0.04,
   0.04,
   0.13
  ],
  [
   0.3,
   0.15,
   0.28,
   0.18,
   0.06,
   0.05,
   0.05,
   0.04,
   0.04,
   0.1
  ],
  [
   0.22,
   0.28,
   0.15,
   0.25,
   0.06,
   0.06,
   0.05,
   0.04,
   0.04,
   0.08
  ],
  [
   0.14,
   0.18,
   0.25,
   0.14,
   0.07,
   0.07,
   0.05,
   0.04,
   0.04,
   0.06
  ],
  [
   0.05,
   0.06,
   0.06,
   0.07,
   0.14,
   0.26,
   0.19,
   0.12,
   0.08,
   0.03
  ],
  [
   0.05,
   0.05,
   0.06,
   0.07,
   0.26,
   0.15,
   0.27,
   0.18,
   0.11,
   0.04
  ],
  [
   0.04,
   0.05,
   0.05,
   0.05,
   0.19,
   0.27,
   0.15,
   0.26,
   0.17,
   0.04
  ],
  [
   0.04,
   0.04,
   0.04,
   0.04,
   0.12,
   0.18,
   0.26,
   0.15,
   0.24,
   0.05
  ],
  [
   0.04,
   0.04,
   0.04,
   0.04,
   0.08,
   0.11,
   0.17,
   0.24,
   0.14,
   0.05
  ],
  [
   0.13,
   0.1,
   0.08,
   0.06,
   0.03,
   0.04,
   0.04,
   0.05,
   0.05,
   0.12
  ]
 ],
 "chain_pair_pae_min": [
  [
   0.76,
   3.52,
   5.01,
   9.24,
   13.69,
   14.31,
   13.96,
   15.16,
   15.54,
   12.01
  ],
  [
   3.42,
   0.76,
   4.34,
   6.29,
   12.66,
   13.15,
   14.0,
   15.49,
   16.44,
   13.88
  ],
  [
   4.92,
   4.56,
   0.76,
   5.72,
   10.35,
   11.83,
   13.19,
   15.97,
   17.06,
   15.22
  ],
  [
   9.33,
   6.25,
   4.75,
   0.76,
   9.03,
   9.89,
   13.19,
   15.31,
   17.25,
   16.18
  ],
  [
   13.11,
   12.23,
   9.74,
   8.89,
   0.76,
   4.04,
   6.29,
   10.62,
   13.4,
   16.25
  ],
  [
   14.43,
   12.96,
   11.54,
   9.76,
   4.85,
   0.76,
   4.45,
   6.64,
   11.38,
   14.89
  ],
  [
   14.61,
   13.39,
   12.84,
   12.95,
   7.36,
   4.88,
   0.76,
   4.66,
   8.83,
   14.07
  ],
  [
   14.73,
   14.24,
   14.55,
   14.7,
   11.22,
   7.37,
   4.89,
   0.76,
   5.57,
   12.11
  ],
  [
   13.56,
   14.48,
   15.91,
   16.34,
   13.37,
   11.16,
   7.75,
   4.74,
   0.76,
   11.41
  ],
  [
   9.07,
   11.45,
   15.24,
   17.28,
   18.39,
   16.17,
   13.23,
   11.78,
   11.16,
   0.76
  ]
 ],
 "chain_ptm": [
  0.14,
  0.15,
  0.15,
  0.14,
  0.14,
  0.15,
  0.15,
  0.15,
  0.14,
  0.12
 ],
 "fraction_disordered": 1.0,
 "has_clash": 0.0,
 "iptm": 0.27,
 "num_recycles": 10.0,
 "ptm": 0.3,
 "ranking_score": 0.78
}