{
 "chain_iptm": [
  0.03,
  0.03,
  0.03,
  0.03,
  0.03,
  0.03,
  0.03,
  0.03,
  0.03
 ],
 "chain_pair_iptm": [
  [
   0.18,
   0.08,
   0.04,
   0.02,
   0.02,
   0.02,
   0.02,
   0.02,
   0.03
  ],
  [
   0.08,
   0.17,
   0.06,
   0.03,
   0.02,
   0.02,
   0.02,
   0.02,
   0.02
  ],
  [
   0.04,
   0.06,
   0.18,
   0.06,
   0.03,
   0.02,
   0.02,
   0.02,
   0.02
  ],
  [
   0.02,
   0.03,
   0.06,
   0.18,
   0.06,
   0.03,
   0.02,
   0.02,
   0.02
  ],
  [
   0.02,
   0.02,
   0.03,
   0.06,
   0.19,
   0.06,
   0.03,
   0.02,
   0.02
  ],
  [
   0.02,
   0.02,
   0.02,
   0.03,
   0.06,
   0.19,
   0.06,
   0.03,
   0.02
  ],
  [
   0.02,
   0.02,
   0.02,
   0.02,
   0.03,
   0.06,
   0.19,
   0.06,
   0.03
  ],
  [
   0.02,
   0.02,
   0.02,
   0.02,
   0.02,
   0.03,
   0.06,
   0.19,
   0.07
  ],
  [
   0.03,
   0.02,
   0.02,
   0.02,
   0.02,
   0.02,
   0.03,
   0.07,
   0.18
  ]
 ],
 "chain_pair_pae_min": [
  [
   0.76,
   9.47,
   18.07,
   23.52,
   25.87,
   27.0,
   26.73,
   25.14,
   20.51
  ],
  [
   11.08,
   0.76,
   11.47,
   20.55,
   24.4,
   26.37,
   27.3,
   27.11,
   24.6
  ],
  [
   18.15,
   12.04,
   0.76,
   11.74,
   21.38,
   24.74,
   26.71,
   27.5,
   26.67
  ],
  [
   24.32,
   19.26,
   13.02,
   0.76,
   11.79,
   21.55,
   24.65,
   26.84,
   27.74
  ],
  [
   26.41,
   24.83,
   20.37,
   12.93,
   0.76,
   11.68,
   21.45,
   24.73,
   27.06
  ],
  [
   27.27,
   26.85,
   25.31,
   20.16,
   12.64,
   0.76,
   12.35,
   20.96,
   24.86
  ],
  [
   26.99,
   27.32,
   27.08,
   25.1,
   19.96,
   12.17,
   0.76,
   12.57,
   20.37
  ],
  [
   25.52,
   27.02,
   27.55,
   27.08,
   25.25,
   20.71,
   12.3,
   0.76,
   12.31
  ],
  [
   20.13,
   25.41,
   27.0,
   27.51,
   27.18,
   25.73,
   20.54,
   11.84,
   0.76
  ]
 ],
 "chain_ptm": [
  0.18,
  0.17,
  0.18,
  0.18,
  0.19,
  0.19,
  0.19,
  0.19,
  0.18
 ],
 "fraction_disordered": 1.0,
 "has_clash": 0.0,
 "iptm": 0.1,
 "num_recycles": 10.0,
 "ptm": 0.14,
 "ranking_score": 0.61
}