{
 "chain_iptm": [
  0.03,
  0.04,
  0.04,
  0.04,
  0.04,
  0.04,
  0.04,
  0.03,
  0.03
 ],
 "chain_pair_iptm": [
  [
   0.11,
   0.08,
   0.05,
   0.03,
   0.02,
   0.02,
   0.02,
   0.02,
   0.03
  ],
  [
   0.08,
   0.11,
   0.07,
   0.04,
   0.02,
   0.02,
   0.02,
   0.02,
   0.02
  ],
  [
   0.05,
   0.07,
   0.11,
   0.07,
   0.03,
   0.02,
   0.02,
   0.02,
   0.02
  ],
  [
   0.03,
   0.04,
   0.07,
   0.11,
   0.06,
   0.03,
   0.02,
   0.02,
   0.02
  ],
  [
   0.02,
   0.02,
   0.03,
   0.06,
   0.12,
   0.07,
   0.04,
   0.03,
   0.02
  ],
  [
   0.02,
   0.02,
   0.02,
   0.03,
   0.07,
   0.12,
   0.06,
   0.04,
   0.02
  ],
  [
   0.02,
   0.02,
   0.02,
   0.02,
   0.04,
   0.06,
   0.11,
   0.06,
   0.04
  ],
  [
   0.02,
   0.02,
   0.02,
   0.02,
   0.03,
   0.04,
   0.06,
   0.12,
   0.07
  ],
  [
   0.03,
   0.02,
   0.02,
   0.02,
   0.02,
   0.02,
   0.04,
   0.07,
   0.11
  ]
 ],
 "chain_pair_pae_min": [
  [
   0.76,
   7.72,
   11.3,
   20.15,
   24.11,
   24.39,
   24.42,
   23.85,
   21.59
  ],
  [
   7.58,
   0.76,
   9.95,
   16.62,
   23.02,
   23.94,
   24.62,
   25.43,
   25.23
  ],
  [
   11.97,
   9.15,
   0.76,
   11.57,
   19.97,
   22.88,
   24.12,
   25.34,
   26.14
  ],
  [
   19.4,
   15.18,
   10.68,
   0.76,
   13.92,
   19.41,
   23.84,
   25.52,
   26.36
  ],
  [
   23.79,
   22.88,
   19.78,
   13.49,
   0.76,
   9.66,
   15.35,
   21.17,
   24.88
  ],
  [
   24.44,
   23.87,
   23.02,
   19.98,
   9.53,
   0.76,
   10.1,
   17.26,
   22.47
  ],
  [
   24.16,
   24.34,
   24.44,
   23.76,
   16.04,
   10.15,
   0.76,
   11.16,
   17.87
  ],
  [
   23.34,
   24.53,
   25.21,
   25.04,
   21.12,
   16.78,
   10.85,
   0.76,
   12.21
  ],
  [
   21.8,
   23.72,
   25.73,
   26.12,
   24.59,
   20.9,
   16.07,
   10.35,
   0.76
  ]
 ],
 "chain_ptm": [
  0.11,
  0.11,
  0.11,
  0.11,
  0.12,
  0.12,
  0.11,
  0.12,
  0.11
 ],
 "fraction_disordered": 1.0,
 "has_clash": 0.0,
 "iptm": 0.11,
 "num_recycles": 10.0,
 "ptm": 0.13,
 "ranking_score": 0.61
}