{
 "chain_iptm": [
  0.09,
  0.09,
  0.09,
  0.08,
  0.09,
  0.1,
  0.11,
  0.1,
  0.08
 ],
 "chain_pair_iptm": [
  [
   0.17,
   0.22,
   0.19,
   0.14,
   0.03,
   0.03,
   0.03,
   0.03,
   0.02
  ],
  [
   0.22,
   0.18,
   0.22,
   0.17,
   0.03,
   0.03,
   0.03,
   0.03,
   0.02
  ],
  [
   0.19,
   0.22,
   0.19,
   0.2,
   0.03,
   0.03,
   0.03,
   0.03,
   0.02
  ],
  [
   0.14,
   0.17,
   0.2,
   0.18,
   0.04,
   0.03,
   0.03,
   0.03,
   0.02
  ],
  [
   0.03,
   0.03,
   0.03,
   0.04,
   0.18,
   0.21,
   0.17,
   0.11,
   0.08
  ],
  [
   0.03,
   0.03,
   0.03,
   0.03,
   0.21,
   0.2,
   0.23,
   0.16,
   0.11
  ],
  [
   0.03,
   0.03,
   0.03,
   0.03,
   0.17,
   0.23,
   0.2,
   0.22,
   0.16
  ],
  [
   0.03,
   0.03,
   0.03,
   0.03,
   0.11,
   0.16,
   0.22,
   0.2,
   0.22
  ],
  [
   0.02,
   0.02,
   0.02,
   0.02,
   0.08,
   0.11,
   0.16,
   0.22,
   0.18
  ]
 ],
 "chain_pair_pae_min": [
  [
   0.76,
   3.75,
   6.26,
   11.25,
   23.84,
   23.94,
   23.85,
   23.79,
   23.78
  ],
  [
   4.15,
   0.76,
   4.15,
   9.69,
   22.87,
   23.06,
   23.23,
   23.59,
   24.36
  ],
  [
   5.99,
   4.42,
   0.76,
   6.01,
   20.88,
   21.9,
   22.79,
   23.86,
   24.68
  ],
  [
   10.58,
   8.01,
   5.27,
   0.76,
   18.45,
   20.15,
   22.05,
   24.07,
   25.28
  ],
  [
   24.24,
   22.66,
   20.89,
   18.09,
   0.76,
   4.47,
   8.39,
   13.85,
   17.07
  ],
  [
   23.98,
   23.2,
   21.73,
   19.67,
   5.02,
   0.76,
   4.4,
   9.74,
   14.89
  ],
  [
   23.9,
   23.22,
   22.56,
   21.88,
   10.0,
   4.32,
   0.76,
   5.0,
   11.4
  ],
  [
   23.4,
   22.84,
   23.1,
   23.47,
   14.88,
   9.01,
   4.56,
   0.76,
   5.41
  ],
  [
   22.61,
   22.67,
   23.87,
   24.69,
   16.96,
   13.56,
   8.5,
   4.18,
   0.76
  ]
 ],
 "chain_ptm": [
  0.17,
  0.18,
  0.19,
  0.18,
  0.18,
  0.2,
  0.2,
  0.2,
  0.18
 ],
 "fraction_disordered": 1.0,
 "has_clash": 0.0,
 "iptm": 0.21,
 "num_recycles": 10.0,
 "ptm": 0.24,
 "ranking_score": 0.72
}