{
 "chain_iptm": [
  0.09,
  0.1,
  0.11,
  0.1,
  0.08,
  0.08,
  0.09,
  0.09,
  0.07
 ],
 "chain_pair_iptm": [
  [
   0.16,
   0.22,
   0.19,
   0.13,
   0.09,
   0.02,
   0.02,
   0.02,
   0.02
  ],
  [
   0.22,
   0.18,
   0.23,
   0.17,
   0.11,
   0.02,
   0.02,
   0.02,
   0.02
  ],
  [
   0.19,
   0.23,
   0.19,
   0.21,
   0.15,
   0.03,
   0.02,
   0.02,
   0.02
  ],
  [
   0.13,
   0.17,
   0.21,
   0.19,
   0.2,
   0.03,
   0.03,
   0.02,
   0.02
  ],
  [
   0.09,
   0.11,
   0.15,
   0.2,
   0.18,
   0.03,
   0.03,
   0.02,
   0.02
  ],
  [
   0.02,
   0.02,
   0.03,
   0.03,
   0.03,
   0.17,
   0.21,
   0.16,
   0.11
  ],
  [
   0.02,
   0.02,
   0.02,
   0.03,
   0.03,
   0.21,
   0.19,
   0.21,
   0.15
  ],
  [
   0.02,
   0.02,
   0.02,
   0.02,
   0.02,
   0.16,
   0.21,
   0.19,
   0.2
  ],
  [
   0.02,
   0.02,
   0.02,
   0.02,
   0.02,
   0.11,
   0.15,
   0.2,
   0.17
  ]
 ],
 "chain_pair_pae_min": [
  [
   0.76,
   3.59,
   5.94,
   10.84,
   15.72,
   24.79,
   24.59,
   24.42,
   24.3
  ],
  [
   4.08,
   0.76,
   4.15,
   8.63,
   15.15,
   24.05,
   24.01,
   24.19,
   24.45
  ],
  [
   6.58,
   4.2,
   0.76,
   5.13,
   11.63,
   22.77,
   23.52,
   24.24,
   25.05
  ],
  [
   11.58,
   8.74,
   5.11,
   0.76,
   5.79,
   20.33,
   22.38,
   24.08,
   24.89
  ],
  [
   16.28,
   14.14,
   9.88,
   5.37,
   0.76,
   18.81,
   21.34,
   23.58,
   25.35
  ],
  [
   25.23,
   24.05,
   22.67,
   20.99,
   19.18,
   0.76,
   4.83,
   9.19,
   14.44
  ],
  [
   25.06,
   24.16,
   23.38,
   22.61,
   21.57,
   5.35,
   0.76,
   5.16,
   10.93
  ],
  [
   24.24,
   23.68,
   23.77,
   23.65,
   23.57,
   9.95,
   5.09,
   0.76,
   5.75
  ],
  [
   23.45,
   22.94,
   23.74,
   24.77,
   24.72,
   14.51,
   9.11,
   4.5,
   0.76
  ]
 ],
 "chain_ptm": [
  0.16,
  0.18,
  0.19,
  0.19,
  0.18,
  0.17,
  0.19,
  0.19,
  0.17
 ],
 "fraction_disordered": 1.0,
 "has_clash": 0.0,
 "iptm": 0.21,
 "num_recycles": 10.0,
 "ptm": 0.24,
 "ranking_score": 0.72
}