{
 "chain_iptm": [
  0.09,
  0.1,
  0.11,
  0.1,
  0.1,
  0.12,
  0.12,
  0.11,
  0.09
 ],
 "chain_pair_iptm": [
  [
   0.16,
   0.21,
   0.18,
   0.13,
   0.04,
   0.04,
   0.04,
   0.04,
   0.04
  ],
  [
   0.21,
   0.17,
   0.21,
   0.16,
   0.05,
   0.05,
   0.05,
   0.05,
   0.04
  ],
  [
   0.18,
   0.21,
   0.18,
   0.2,
   0.06,
   0.06,
   0.06,
   0.05,
   0.04
  ],
  [
   0.13,
   0.16,
   0.2,
   0.17,
   0.07,
   0.07,
   0.06,
   0.05,
   0.04
  ],
  [
   0.04,
   0.05,
   0.06,
   0.07,
   0.17,
   0.21,
   0.16,
   0.11,
   0.08
  ],
  [
   0.04,
   0.05,
   0.06,
   0.07,
   0.21,
   0.19,
   0.23,
   0.16,
   0.11
  ],
  [
   0.04,
   0.05,
   0.06,
   0.06,
   0.16,
   0.23,
   0.19,
   0.21,
   0.15
  ],
  [
   0.04,
   0.05,
   0.05,
   0.05,
   0.11,
   0.16,
   0.21,
   0.19,
   0.2
  ],
  [
   0.04,
   0.04,
   0.04,
   0.04,
   0.08,
   0.11,
   0.15,
   0.2,
   0.17
  ]
 ],
 "chain_pair_pae_min": [
  [
   0.76,
   3.62,
   5.43,
   10.91,
   20.18,
   19.85,
   19.69,
   19.9,
   20.9
  ],
  [
   3.81,
   0.76,
   3.99,
   8.94,
   19.05,
   18.77,
   19.13,
   20.01,
   21.37
  ],
  [
   6.0,
   4.16,
   0.76,
   5.29,
   16.09,
   16.98,
   18.14,
   19.99,
   21.85
  ],
  [
   10.85,
   8.15,
   4.93,
   0.76,
   12.12,
   14.18,
   16.68,
   19.84,
   21.76
  ],
  [
   19.8,
   17.95,
   15.02,
   12.46,
   0.76,
   4.31,
   7.97,
   13.49,
   17.13
  ],
  [
   20.07,
   18.55,
   16.15,
   14.09,
   4.61,
   0.76,
   4.0,
   9.79,
   14.67
  ],
  [
   19.46,
   18.41,
   17.14,
   16.57,
   9.41,
   3.91,
   0.76,
   4.64,
   11.68
  ],
  [
   19.28,
   18.82,
   18.85,
   19.71,
   14.6,
   9.47,
   4.58,
   0.76,
   5.71
  ],
  [
   19.06,
   19.03,
   20.22,
   21.47,
   16.94,
   13.81,
   9.27,
   4.84,
   0.76
  ]
 ],
 "chain_ptm": [
  0.16,
  0.17,
  0.18,
  0.17,
  0.17,
  0.19,
  0.19,
  0.19,
  0.17
 ],
 "fraction_disordered": 1.0,
 "has_clash": 0.0,
 "iptm": 0.24,
 "num_recycles": 10.0,
 "ptm": 0.26,
 "ranking_score": 0.74
}