{
 "chain_iptm": [
  0.13,
  0.15,
  0.13,
  0.14,
  0.16,
  0.16,
  0.12
 ],
 "chain_pair_iptm": [
  [
   0.14,
   0.27,
   0.21,
   0.08,
   0.09,
   0.09,
   0.07
  ],
  [
   0.27,
   0.15,
   0.26,
   0.09,
   0.1,
   0.09,
   0.07
  ],
  [
   0.21,
   0.26,
   0.14,
   0.1,
   0.09,
   0.08,
   0.06
  ],
  [
   0.08,
   0.09,
   0.1,
   0.14,
   0.26,
   0.19,
   0.12
  ],
  [
   0.09,
   0.1,
   0.09,
   0.26,
   0.15,
   0.27,
   0.18
  ],
  [
   0.09,
   0.09,
   0.08,
   0.19,
   0.27,
   0.15,
   0.24
  ],
  [
   0.07,
   0.07,
   0.06,
   0.12,
   0.18,
   0.24,
   0.13
  ]
 ],
 "chain_pair_pae_min": [
  [
   0.76,
   4.69,
   5.46,
   11.46,
   10.89,
   11.04,
   12.14
  ],
  [
   4.22,
   0.76,
   5.56,
   10.26,
   10.41,
   11.16,
   12.53
  ],
  [
   5.57,
   4.95,
   0.76,
   8.89,
   9.4,
   11.58,
   14.08
  ],
  [
   11.92,
   10.19,
   8.68,
   0.76,
   5.18,
   6.52,
   10.74
  ],
  [
   11.38,
   10.37,
   10.02,
   5.48,
   0.76,
   5.24,
   7.23
  ],
  [
   11.06,
   11.02,
   11.21,
   7.52,
   5.35,
   0.76,
   6.18
  ],
  [
   11.79,
   12.16,
   13.41,
   11.27,
   7.42,
   6.09,
   0.76
  ]
 ],
 "chain_ptm": [
  0.14,
  0.15,
  0.14,
  0.14,
  0.15,
  0.15,
  0.13
 ],
 "fraction_disordered": 1.0,
 "has_clash": 0.0,
 "iptm": 0.29,
 "num_recycles": 10.0,
 "ptm": 0.33,
 "ranking_score": 0.8
}