{
 "chain_iptm": [
  0.4,
  0.41,
  0.39,
  0.39,
  0.42,
  0.41,
  0.37
 ],
 "chain_pair_iptm": [
  [
   0.18,
   0.46,
   0.41,
   0.35,
   0.39,
   0.4,
   0.37
  ],
  [
   0.46,
   0.18,
   0.45,
   0.38,
   0.41,
   0.41,
   0.36
  ],
  [
   0.41,
   0.45,
   0.18,
   0.39,
   0.4,
   0.38,
   0.33
  ],
  [
   0.35,
   0.38,
   0.39,
   0.17,
   0.45,
   0.41,
   0.34
  ],
  [
   0.39,
   0.41,
   0.4,
   0.45,
   0.19,
   0.46,
   0.39
  ],
  [
   0.4,
   0.41,
   0.38,
   0.41,
   0.46,
   0.19,
   0.42
  ],
  [
   0.37,
   0.36,
   0.33,
   0.34,
   0.39,
   0.42,
   0.17
  ]
 ],
 "chain_pair_pae_min": [
  [
   0.76,
   1.27,
   1.71,
   3.52,
   2.91,
   2.82,
   3.15
  ],
  [
   1.06,
   0.76,
   1.22,
   3.1,
   2.77,
   2.84,
   3.65
  ],
  [
   1.68,
   1.41,
   0.76,
   2.57,
   2.65,
   3.01,
   4.3
  ],
  [
   3.35,
   2.44,
   2.3,
   0.76,
   1.44,
   2.0,
   4.27
  ],
  [
   3.03,
   2.59,
   2.14,
   1.3,
   0.76,
   1.27,
   2.8
  ],
  [
   2.61,
   2.63,
   3.16,
   2.28,
   1.3,
   0.76,
   1.63
  ],
  [
   2.68,
   2.92,
   3.84,
   3.69,
   2.24,
   1.74,
   0.76
  ]
 ],
 "chain_ptm": [
  0.18,
  0.18,
  0.18,
  0.17,
  0.19,
  0.19,
  0.17
 ],
 "fraction_disordered": 1.0,
 "has_clash": 0.0,
 "iptm": 0.65,
 "num_recycles": 10.0,
 "ptm": 0.66,
 "ranking_score": 1.16
}