{
 "chain_iptm": [
  0.19,
  0.21,
  0.23,
  0.21,
  0.17,
  0.19,
  0.18
 ],
 "chain_pair_iptm": [
  [
   0.13,
   0.31,
   0.26,
   0.2,
   0.1,
   0.11,
   0.12
  ],
  [
   0.31,
   0.14,
   0.31,
   0.24,
   0.12,
   0.14,
   0.14
  ],
  [
   0.26,
   0.31,
   0.15,
   0.3,
   0.15,
   0.17,
   0.16
  ],
  [
   0.2,
   0.24,
   0.3,
   0.14,
   0.18,
   0.19,
   0.15
  ],
  [
   0.1,
   0.12,
   0.15,
   0.18,
   0.13,
   0.28,
   0.22
  ],
  [
   0.11,
   0.14,
   0.17,
   0.19,
   0.28,
   0.14,
   0.29
  ],
  [
   0.12,
   0.14,
   0.16,
   0.15,
   0.22,
   0.29,
   0.14
  ]
 ],
 "chain_pair_pae_min": [
  [
   0.76,
   2.45,
   4.01,
   6.5,
   10.35,
   9.65,
   7.71
  ],
  [
   2.42,
   0.76,
   2.36,
   5.08,
   9.81,
   7.73,
   7.49
  ],
  [
   4.91,
   2.66,
   0.76,
   2.98,
   7.77,
   6.67,
   7.21
  ],
  [
   7.12,
   4.46,
   2.98,
   0.76,
   5.96,
   5.54,
   7.38
  ],
  [
   11.89,
   9.78,
   6.29,
   5.19,
   0.76,
   3.6,
   5.76
  ],
  [
   10.32,
   8.33,
   6.81,
   5.57,
   3.93,
   0.76,
   3.68
  ],
  [
   8.84,
   8.13,
   7.08,
   7.43,
   6.11,
   3.54,
   0.76
  ]
 ],
 "chain_ptm": [
  0.13,
  0.14,
  0.15,
  0.14,
  0.13,
  0.14,
  0.14
 ],
 "fraction_disordered": 1.0,
 "has_clash": 0.0,
 "iptm": 0.4,
 "num_recycles": 10.0,
 "ptm": 0.43,
 "ranking_score": 0.91
}