{
 "chain_iptm": [
  0.07,
  0.08,
  0.08,
  0.08,
  0.08,
  0.07,
  0.06
 ],
 "chain_pair_iptm": [
  [
   0.15,
   0.12,
   0.08,
   0.06,
   0.05,
   0.05,
   0.07
  ],
  [
   0.12,
   0.15,
   0.11,
   0.08,
   0.05,
   0.04,
   0.05
  ],
  [
   0.08,
   0.11,
   0.16,
   0.12,
   0.08,
   0.05,
   0.04
  ],
  [
   0.06,
   0.08,
   0.12,
   0.16,
   0.12,
   0.07,
   0.05
  ],
  [
   0.05,
   0.05,
   0.08,
   0.12,
   0.15,
   0.1,
   0.06
  ],
  [
   0.05,
   0.04,
   0.05,
   0.07,
   0.1,
   0.14,
   0.09
  ],
  [
   0.07,
   0.05,
   0.04,
   0.05,
   0.06,
   0.09,
   0.15
  ]
 ],
 "chain_pair_pae_min": [
  [
   0.76,
   6.26,
   10.89,
   13.22,
   14.43,
   13.2,
   9.61
  ],
  [
   6.38,
   0.76,
   7.57,
   11.13,
   13.85,
   15.12,
   12.98
  ],
  [
   10.39,
   7.49,
   0.76,
   7.28,
   11.23,
   14.03,
   15.02
  ],
  [
   11.93,
   10.37,
   7.34,
   0.76,
   7.08,
   11.95,
   15.0
  ],
  [
   13.72,
   12.59,
   10.32,
   7.24,
   0.76,
   8.03,
   13.27
  ],
  [
   13.75,
   14.75,
   13.23,
   10.85,
   7.88,
   0.76,
   8.49
  ],
  [
   8.96,
   13.64,
   14.75,
   14.18,
   11.92,
   8.44,
   0.76
  ]
 ],
 "chain_ptm": [
  0.15,
  0.15,
  0.16,
  0.16,
  0.15,
  0.14,
  0.15
 ],
 "fraction_disordered": 1.0,
 "has_clash": 0.0,
 "iptm": 0.2,
 "num_recycles": 10.0,
 "ptm": 0.25,
 "ranking_score": 0.71
}