{
 "chain_iptm": [
  0.07,
  0.08,
  0.08,
  0.08,
  0.07,
  0.07,
  0.06
 ],
 "chain_pair_iptm": [
  [
   0.15,
   0.15,
   0.09,
   0.05,
   0.04,
   0.05,
   0.07
  ],
  [
   0.15,
   0.15,
   0.12,
   0.07,
   0.05,
   0.04,
   0.05
  ],
  [
   0.09,
   0.12,
   0.15,
   0.12,
   0.07,
   0.05,
   0.04
  ],
  [
   0.05,
   0.07,
   0.12,
   0.15,
   0.11,
   0.06,
   0.04
  ],
  [
   0.04,
   0.05,
   0.07,
   0.11,
   0.15,
   0.11,
   0.05
  ],
  [
   0.05,
   0.04,
   0.05,
   0.06,
   0.11,
   0.15,
   0.08
  ],
  [
   0.07,
   0.05,
   0.04,
   0.04,
   0.05,
   0.08,
   0.15
  ]
 ],
 "chain_pair_pae_min": [
  [
   0.76,
   5.4,
   8.68,
   13.68,
   15.73,
   14.55,
   9.42
  ],
  [
   5.44,
   0.76,
   6.91,
   10.69,
   14.32,
   15.1,
   13.27
  ],
  [
   9.01,
   7.07,
   0.76,
   7.08,
   11.73,
   14.3,
   15.25
  ],
  [
   15.0,
   10.73,
   6.73,
   0.76,
   7.25,
   11.88,
   16.19
  ],
  [
   15.62,
   14.48,
   11.92,
   7.49,
   0.76,
   6.15,
   12.71
  ],
  [
   13.48,
   14.42,
   13.87,
   11.83,
   8.2,
   0.76,
   9.23
  ],
  [
   8.76,
   12.97,
   15.52,
   15.04,
   12.94,
   8.99,
   0.76
  ]
 ],
 "chain_ptm": [
  0.15,
  0.15,
  0.15,
  0.15,
  0.15,
  0.15,
  0.15
 ],
 "fraction_disordered": 1.0,
 "has_clash": 0.0,
 "iptm": 0.18,
 "num_recycles": 10.0,
 "ptm": 0.23,
 "ranking_score": 0.69
}