{
 "chain_iptm": [
  0.06,
  0.06,
  0.06,
  0.06,
  0.06,
  0.06,
  0.06
 ],
 "chain_pair_iptm": [
  [
   0.28,
   0.07,
   0.07,
   0.05,
   0.05,
   0.05,
   0.06
  ],
  [
   0.07,
   0.28,
   0.07,
   0.05,
   0.05,
   0.05,
   0.06
  ],
  [
   0.07,
   0.07,
   0.28,
   0.08,
   0.05,
   0.05,
   0.05
  ],
  [
   0.05,
   0.05,
   0.08,
   0.27,
   0.07,
   0.06,
   0.05
  ],
  [
   0.05,
   0.05,
   0.05,
   0.07,
   0.28,
   0.08,
   0.07
  ],
  [
   0.05,
   0.05,
   0.05,
   0.06,
   0.08,
   0.28,
   0.08
  ],
  [
   0.06,
   0.06,
   0.05,
   0.05,
   0.07,
   0.08,
   0.28
  ]
 ],
 "chain_pair_pae_min": [
  [
   0.77,
   11.37,
   13.82,
   17.9,
   18.75,
   18.19,
   15.49
  ],
  [
   11.47,
   0.76,
   12.69,
   16.31,
   17.8,
   18.39,
   16.94
  ],
  [
   12.74,
   12.79,
   0.76,
   12.17,
   15.85,
   18.04,
   18.34
  ],
  [
   16.79,
   15.61,
   12.21,
   0.76,
   12.63,
   16.29,
   18.09
  ],
  [
   17.84,
   17.19,
   14.99,
   12.4,
   0.77,
   12.24,
   15.63
  ],
  [
   17.63,
   17.51,
   17.75,
   15.43,
   11.52,
   0.77,
   12.57
  ],
  [
   14.79,
   16.45,
   17.96,
   17.36,
   14.16,
   11.62,
   0.77
  ]
 ],
 "chain_ptm": [
  0.28,
  0.28,
  0.28,
  0.27,
  0.28,
  0.28,
  0.28
 ],
 "fraction_disordered": 0.62,
 "has_clash": 0.0,
 "iptm": 0.14,
 "num_recycles": 10.0,
 "ptm": 0.19,
 "ranking_score": 0.46
}