{
 "chain_iptm": [
  0.07,
  0.07,
  0.07,
  0.07,
  0.06,
  0.06,
  0.06
 ],
 "chain_pair_iptm": [
  [
   0.3,
   0.09,
   0.07,
   0.05,
   0.06,
   0.05,
   0.07
  ],
  [
   0.09,
   0.3,
   0.09,
   0.07,
   0.05,
   0.05,
   0.06
  ],
  [
   0.07,
   0.09,
   0.3,
   0.09,
   0.05,
   0.06,
   0.05
  ],
  [
   0.05,
   0.07,
   0.09,
   0.29,
   0.06,
   0.07,
   0.05
  ],
  [
   0.06,
   0.05,
   0.05,
   0.06,
   0.29,
   0.08,
   0.07
  ],
  [
   0.05,
   0.05,
   0.06,
   0.07,
   0.08,
   0.3,
   0.06
  ],
  [
   0.07,
   0.06,
   0.05,
   0.05,
   0.07,
   0.06,
   0.29
  ]
 ],
 "chain_pair_pae_min": [
  [
   0.77,
   10.35,
   13.4,
   16.57,
   15.86,
   17.7,
   14.25
  ],
  [
   10.12,
   0.77,
   11.06,
   14.75,
   17.77,
   18.38,
   16.6
  ],
  [
   12.74,
   10.64,
   0.77,
   11.76,
   17.61,
   16.57,
   18.88
  ],
  [
   15.57,
   13.19,
   10.93,
   0.76,
   13.66,
   13.67,
   18.39
  ],
  [
   15.77,
   17.24,
   17.33,
   13.92,
   0.77,
   11.44,
   13.86
  ],
  [
   17.48,
   17.81,
   15.47,
   13.25,
   11.8,
   0.76,
   14.41
  ],
  [
   13.26,
   16.34,
   18.13,
   17.52,
   11.77,
   14.24,
   0.77
  ]
 ],
 "chain_ptm": [
  0.3,
  0.3,
  0.3,
  0.29,
  0.29,
  0.3,
  0.29
 ],
 "fraction_disordered": 0.82,
 "has_clash": 0.0,
 "iptm": 0.15,
 "num_recycles": 10.0,
 "ptm": 0.2,
 "ranking_score": 0.57
}