{
 "chain_iptm": [
  0.06,
  0.06,
  0.06,
  0.06,
  0.06,
  0.06,
  0.06
 ],
 "chain_pair_iptm": [
  [
   0.28,
   0.1,
   0.06,
   0.07,
   0.05,
   0.05,
   0.05
  ],
  [
   0.1,
   0.29,
   0.08,
   0.06,
   0.04,
   0.04,
   0.06
  ],
  [
   0.06,
   0.08,
   0.29,
   0.05,
   0.06,
   0.05,
   0.06
  ],
  [
   0.07,
   0.06,
   0.05,
   0.28,
   0.07,
   0.08,
   0.05
  ],
  [
   0.05,
   0.04,
   0.06,
   0.07,
   0.28,
   0.09,
   0.07
  ],
  [
   0.05,
   0.04,
   0.05,
   0.08,
   0.09,
   0.29,
   0.06
  ],
  [
   0.05,
   0.06,
   0.06,
   0.05,
   0.07,
   0.06,
   0.29
  ]
 ],
 "chain_pair_pae_min": [
  [
   0.77,
   10.37,
   13.33,
   14.52,
   19.96,
   19.18,
   19.95
  ],
  [
   9.66,
   0.76,
   9.97,
   16.44,
   20.1,
   21.37,
   18.03
  ],
  [
   13.64,
   9.6,
   0.77,
   19.23,
   16.06,
   19.7,
   15.34
  ],
  [
   14.05,
   16.46,
   19.44,
   0.76,
   14.35,
   13.9,
   18.63
  ],
  [
   19.67,
   19.95,
   16.11,
   14.07,
   0.77,
   10.99,
   11.46
  ],
  [
   18.58,
   21.01,
   19.48,
   14.04,
   11.3,
   0.77,
   13.97
  ],
  [
   19.17,
   17.18,
   14.42,
   18.01,
   11.38,
   14.38,
   0.77
  ]
 ],
 "chain_ptm": [
  0.28,
  0.29,
  0.29,
  0.28,
  0.28,
  0.29,
  0.29
 ],
 "fraction_disordered": 0.93,
 "has_clash": 0.0,
 "iptm": 0.14,
 "num_recycles": 10.0,
 "ptm": 0.19,
 "ranking_score": 0.62
}