{
 "chain_iptm": [
  0.06,
  0.07,
  0.07,
  0.06,
  0.07,
  0.07,
  0.06
 ],
 "chain_pair_iptm": [
  [
   0.3,
   0.07,
   0.08,
   0.05,
   0.05,
   0.06,
   0.07
  ],
  [
   0.07,
   0.29,
   0.09,
   0.07,
   0.06,
   0.05,
   0.05
  ],
  [
   0.08,
   0.09,
   0.29,
   0.07,
   0.05,
   0.05,
   0.06
  ],
  [
   0.05,
   0.07,
   0.07,
   0.29,
   0.09,
   0.07,
   0.05
  ],
  [
   0.05,
   0.06,
   0.05,
   0.09,
   0.3,
   0.09,
   0.06
  ],
  [
   0.06,
   0.05,
   0.05,
   0.07,
   0.09,
   0.3,
   0.08
  ],
  [
   0.07,
   0.05,
   0.06,
   0.05,
   0.06,
   0.08,
   0.29
  ]
 ],
 "chain_pair_pae_min": [
  [
   0.76,
   13.11,
   11.47,
   17.17,
   17.45,
   15.89,
   13.76
  ],
  [
   13.02,
   0.76,
   10.69,
   13.54,
   15.78,
   18.14,
   18.94
  ],
  [
   11.76,
   10.92,
   0.76,
   14.48,
   16.98,
   17.52,
   16.47
  ],
  [
   16.51,
   12.31,
   13.28,
   0.76,
   11.31,
   14.98,
   18.65
  ],
  [
   17.34,
   15.02,
   15.87,
   11.09,
   0.77,
   11.47,
   15.21
  ],
  [
   15.73,
   17.33,
   16.62,
   13.8,
   11.02,
   0.76,
   11.84
  ],
  [
   13.5,
   18.21,
   15.31,
   17.59,
   13.81,
   10.84,
   0.77
  ]
 ],
 "chain_ptm": [
  0.3,
  0.29,
  0.29,
  0.29,
  0.3,
  0.3,
  0.29
 ],
 "fraction_disordered": 0.87,
 "has_clash": 0.0,
 "iptm": 0.15,
 "num_recycles": 10.0,
 "ptm": 0.2,
 "ranking_score": 0.6
}