{
 "chain_iptm": [
  0.06,
  0.07,
  0.07,
  0.07,
  0.06,
  0.06,
  0.06
 ],
 "chain_pair_iptm": [
  [
   0.28,
   0.09,
   0.07,
   0.05,
   0.05,
   0.06,
   0.06
  ],
  [
   0.09,
   0.29,
   0.08,
   0.07,
   0.05,
   0.06,
   0.05
  ],
  [
   0.07,
   0.08,
   0.29,
   0.08,
   0.06,
   0.05,
   0.05
  ],
  [
   0.05,
   0.07,
   0.08,
   0.29,
   0.08,
   0.05,
   0.06
  ],
  [
   0.05,
   0.05,
   0.06,
   0.08,
   0.29,
   0.07,
   0.07
  ],
  [
   0.06,
   0.06,
   0.05,
   0.05,
   0.07,
   0.29,
   0.08
  ],
  [
   0.06,
   0.05,
   0.05,
   0.06,
   0.07,
   0.08,
   0.29
  ]
 ],
 "chain_pair_pae_min": [
  [
   0.77,
   10.57,
   13.55,
   16.24,
   16.85,
   14.35,
   15.67
  ],
  [
   10.23,
   0.77,
   11.22,
   14.57,
   16.9,
   15.7,
   17.26
  ],
  [
   12.72,
   10.96,
   0.77,
   12.12,
   14.89,
   17.55,
   17.88
  ],
  [
   15.25,
   12.96,
   11.28,
   0.76,
   11.58,
   17.12,
   16.23
  ],
  [
   16.52,
   16.03,
   13.62,
   11.07,
   0.77,
   13.8,
   13.76
  ],
  [
   13.82,
   15.95,
   17.11,
   16.52,
   13.29,
   0.76,
   11.63
  ],
  [
   15.72,
   16.76,
   16.54,
   14.54,
   12.41,
   11.72,
   0.77
  ]
 ],
 "chain_ptm": [
  0.28,
  0.29,
  0.29,
  0.29,
  0.29,
  0.29,
  0.29
 ],
 "fraction_disordered": 0.83,
 "has_clash": 0.0,
 "iptm": 0.15,
 "num_recycles": 10.0,
 "ptm": 0.2,
 "ranking_score": 0.57
}