{
 "chain_iptm": [
  0.09,
  0.11,
  0.11,
  0.12,
  0.14,
  0.13,
  0.1
 ],
 "chain_pair_iptm": [
  [
   0.14,
   0.24,
   0.18,
   0.04,
   0.04,
   0.03,
   0.03
  ],
  [
   0.24,
   0.14,
   0.23,
   0.06,
   0.05,
   0.04,
   0.03
  ],
  [
   0.18,
   0.23,
   0.13,
   0.08,
   0.06,
   0.04,
   0.04
  ],
  [
   0.04,
   0.06,
   0.08,
   0.14,
   0.26,
   0.18,
   0.11
  ],
  [
   0.04,
   0.05,
   0.06,
   0.26,
   0.15,
   0.25,
   0.17
  ],
  [
   0.03,
   0.04,
   0.04,
   0.18,
   0.25,
   0.15,
   0.23
  ],
  [
   0.03,
   0.03,
   0.04,
   0.11,
   0.17,
   0.23,
   0.14
  ]
 ],
 "chain_pair_pae_min": [
  [
   0.76,
   4.89,
   6.59,
   14.93,
   17.97,
   20.6,
   22.36
  ],
  [
   4.63,
   0.76,
   5.12,
   10.76,
   15.09,
   17.61,
   20.29
  ],
  [
   5.91,
   5.03,
   0.76,
   7.49,
   11.68,
   16.23,
   19.11
  ],
  [
   15.29,
   11.58,
   9.05,
   0.76,
   4.35,
   6.34,
   12.26
  ],
  [
   16.82,
   14.29,
   12.07,
   4.5,
   0.76,
   4.58,
   9.21
  ],
  [
   19.47,
   16.83,
   13.78,
   7.31,
   5.52,
   0.76,
   6.61
  ],
  [
   21.58,
   19.58,
   16.85,
   12.81,
   8.07,
   6.37,
   0.76
  ]
 ],
 "chain_ptm": [
  0.14,
  0.14,
  0.13,
  0.14,
  0.15,
  0.15,
  0.14
 ],
 "fraction_disordered": 1.0,
 "has_clash": 0.0,
 "iptm": 0.25,
 "num_recycles": 10.0,
 "ptm": 0.29,
 "ranking_score": 0.76
}