{
 "chain_iptm": [
  0.37,
  0.38,
  0.37,
  0.36,
  0.39,
  0.39,
  0.35
 ],
 "chain_pair_iptm": [
  [
   0.17,
   0.44,
   0.39,
   0.33,
   0.36,
   0.37,
   0.35
  ],
  [
   0.44,
   0.18,
   0.43,
   0.35,
   0.38,
   0.37,
   0.34
  ],
  [
   0.39,
   0.43,
   0.17,
   0.35,
   0.37,
   0.35,
   0.32
  ],
  [
   0.33,
   0.35,
   0.35,
   0.17,
   0.43,
   0.39,
   0.32
  ],
  [
   0.36,
   0.38,
   0.37,
   0.43,
   0.18,
   0.44,
   0.37
  ],
  [
   0.37,
   0.37,
   0.35,
   0.39,
   0.44,
   0.18,
   0.41
  ],
  [
   0.35,
   0.34,
   0.32,
   0.32,
   0.37,
   0.41,
   0.16
  ]
 ],
 "chain_pair_pae_min": [
  [
   0.76,
   1.21,
   1.81,
   3.12,
   2.92,
   2.59,
   2.95
  ],
  [
   1.08,
   0.76,
   1.19,
   2.86,
   2.45,
   2.69,
   3.25
  ],
  [
   1.86,
   1.27,
   0.76,
   2.58,
   2.43,
   3.01,
   3.5
  ],
  [
   2.69,
   2.87,
   2.53,
   0.76,
   1.43,
   2.5,
   3.34
  ],
  [
   2.72,
   2.59,
   2.46,
   1.31,
   0.76,
   1.21,
   2.87
  ],
  [
   2.8,
   2.79,
   3.16,
   2.52,
   1.25,
   0.76,
   1.55
  ],
  [
   2.92,
   3.11,
   3.06,
   3.26,
   2.27,
   1.66,
   0.76
  ]
 ],
 "chain_ptm": [
  0.17,
  0.18,
  0.17,
  0.17,
  0.18,
  0.18,
  0.16
 ],
 "fraction_disordered": 1.0,
 "has_clash": 0.0,
 "iptm": 0.63,
 "num_recycles": 10.0,
 "ptm": 0.64,
 "ranking_score": 1.13
}