{
 "chain_iptm": [
  0.27,
  0.29,
  0.27,
  0.28,
  0.31,
  0.3,
  0.25
 ],
 "chain_pair_iptm": [
  [
   0.19,
   0.42,
   0.35,
   0.2,
   0.23,
   0.23,
   0.2
  ],
  [
   0.42,
   0.2,
   0.4,
   0.23,
   0.26,
   0.24,
   0.21
  ],
  [
   0.35,
   0.4,
   0.19,
   0.24,
   0.24,
   0.22,
   0.17
  ],
  [
   0.2,
   0.23,
   0.24,
   0.19,
   0.4,
   0.34,
   0.25
  ],
  [
   0.23,
   0.26,
   0.24,
   0.4,
   0.2,
   0.41,
   0.32
  ],
  [
   0.23,
   0.24,
   0.22,
   0.34,
   0.41,
   0.2,
   0.38
  ],
  [
   0.2,
   0.21,
   0.17,
   0.25,
   0.32,
   0.38,
   0.18
  ]
 ],
 "chain_pair_pae_min": [
  [
   0.76,
   2.65,
   4.01,
   7.92,
   7.23,
   6.74,
   7.76
  ],
  [
   2.54,
   0.76,
   3.2,
   6.42,
   6.36,
   6.88,
   8.36
  ],
  [
   4.1,
   3.29,
   0.76,
   5.46,
   5.91,
   7.46,
   9.02
  ],
  [
   7.63,
   6.14,
   5.58,
   0.76,
   3.12,
   4.53,
   7.28
  ],
  [
   6.96,
   6.29,
   5.89,
   3.23,
   0.76,
   3.01,
   5.2
  ],
  [
   7.05,
   6.52,
   7.19,
   5.09,
   2.95,
   0.76,
   3.92
  ],
  [
   6.95,
   7.24,
   8.33,
   7.24,
   5.15,
   3.75,
   0.76
  ]
 ],
 "chain_ptm": [
  0.19,
  0.2,
  0.19,
  0.19,
  0.2,
  0.2,
  0.18
 ],
 "fraction_disordered": 1.0,
 "has_clash": 0.0,
 "iptm": 0.5,
 "num_recycles": 10.0,
 "ptm": 0.53,
 "ranking_score": 1.01
}