{
 "chain_iptm": [
  0.13,
  0.14,
  0.13,
  0.13,
  0.14,
  0.14,
  0.11
 ],
 "chain_pair_iptm": [
  [
   0.14,
   0.23,
   0.17,
   0.08,
   0.1,
   0.1,
   0.11
  ],
  [
   0.23,
   0.14,
   0.21,
   0.11,
   0.11,
   0.1,
   0.09
  ],
  [
   0.17,
   0.21,
   0.13,
   0.13,
   0.12,
   0.09,
   0.07
  ],
  [
   0.08,
   0.11,
   0.13,
   0.14,
   0.21,
   0.15,
   0.09
  ],
  [
   0.1,
   0.11,
   0.12,
   0.21,
   0.14,
   0.2,
   0.12
  ],
  [
   0.1,
   0.1,
   0.09,
   0.15,
   0.2,
   0.13,
   0.18
  ],
  [
   0.11,
   0.09,
   0.07,
   0.09,
   0.12,
   0.18,
   0.13
  ]
 ],
 "chain_pair_pae_min": [
  [
   0.76,
   3.82,
   5.4,
   10.17,
   9.05,
   9.2,
   8.79
  ],
  [
   3.85,
   0.76,
   4.68,
   8.58,
   8.92,
   9.21,
   9.6
  ],
  [
   5.43,
   4.59,
   0.76,
   6.69,
   7.6,
   8.41,
   11.59
  ],
  [
   10.94,
   8.41,
   6.42,
   0.76,
   4.59,
   6.46,
   11.85
  ],
  [
   9.54,
   8.62,
   7.71,
   5.26,
   0.76,
   5.06,
   8.95
  ],
  [
   8.58,
   9.32,
   9.26,
   8.04,
   5.27,
   0.76,
   6.22
  ],
  [
   7.91,
   9.35,
   11.65,
   12.19,
   8.67,
   6.62,
   0.76
  ]
 ],
 "chain_ptm": [
  0.14,
  0.14,
  0.13,
  0.14,
  0.14,
  0.13,
  0.13
 ],
 "fraction_disordered": 1.0,
 "has_clash": 0.0,
 "iptm": 0.3,
 "num_recycles": 10.0,
 "ptm": 0.33,
 "ranking_score": 0.8
}