{
 "chain_iptm": [
  0.23,
  0.26,
  0.26,
  0.22,
  0.23,
  0.24,
  0.22
 ],
 "chain_pair_iptm": [
  [
   0.16,
   0.36,
   0.3,
   0.22,
   0.15,
   0.17,
   0.16
  ],
  [
   0.36,
   0.18,
   0.37,
   0.28,
   0.18,
   0.19,
   0.18
  ],
  [
   0.3,
   0.37,
   0.19,
   0.34,
   0.2,
   0.2,
   0.17
  ],
  [
   0.22,
   0.28,
   0.34,
   0.16,
   0.18,
   0.17,
   0.14
  ],
  [
   0.15,
   0.18,
   0.2,
   0.18,
   0.17,
   0.37,
   0.29
  ],
  [
   0.17,
   0.19,
   0.2,
   0.17,
   0.37,
   0.19,
   0.36
  ],
  [
   0.16,
   0.18,
   0.17,
   0.14,
   0.29,
   0.36,
   0.17
  ]
 ],
 "chain_pair_pae_min": [
  [
   0.76,
   3.3,
   4.37,
   8.04,
   9.16,
   8.26,
   8.6
  ],
  [
   3.03,
   0.76,
   3.55,
   5.66,
   8.12,
   7.23,
   8.46
  ],
  [
   4.25,
   3.68,
   0.76,
   4.43,
   6.74,
   6.71,
   8.58
  ],
  [
   7.89,
   5.42,
   3.95,
   0.76,
   7.09,
   7.51,
   10.04
  ],
  [
   9.07,
   7.79,
   6.64,
   7.01,
   0.76,
   3.73,
   5.07
  ],
  [
   8.41,
   6.87,
   7.08,
   8.03,
   3.92,
   0.76,
   4.37
  ],
  [
   8.34,
   7.44,
   8.28,
   9.91,
   5.77,
   4.24,
   0.76
  ]
 ],
 "chain_ptm": [
  0.16,
  0.18,
  0.19,
  0.16,
  0.17,
  0.19,
  0.17
 ],
 "fraction_disordered": 1.0,
 "has_clash": 0.0,
 "iptm": 0.43,
 "num_recycles": 10.0,
 "ptm": 0.46,
 "ranking_score": 0.94
}