{
 "chain_iptm": [
  0.02,
  0.03,
  0.03,
  0.03,
  0.03,
  0.02,
  0.02,
  0.02,
  0.02,
  0.02,
  0.02,
  0.02,
  0.02,
  0.02,
  0.02,
  0.01
 ],
 "chain_pair_iptm": [
  [
   0.08,
   0.15,
   0.06,
   0.03,
   0.01,
   0.01,
   0.01,
   0.01,
   0.01,
   0.01,
   0.01,
   0.01,
   0.01,
   0.01,
   0.02,
   0.02
  ],
  [
   0.15,
   0.09,
   0.14,
   0.05,
   0.02,
   0.01,
   0.01,
   0.01,
   0.01,
   0.01,
   0.01,
   0.01,
   0.01,
   0.01,
   0.01,
   0.01
  ],
  [
   0.06,
   0.14,
   0.09,
   0.12,
   0.04,
   0.02,
   0.01,
   0.01,
   0.01,
   0.01,
   0.01,
   0.01,
   0.01,
   0.01,
   0.01,
   0.01
  ],
  [
   0.03,
   0.05,
   0.12,
   0.08,
   0.1,
   0.03,
   0.02,
   0.01,
   0.01,
   0.01,
   0.01,
   0.01,
   0.01,
   0.01,
   0.01,
   0.01
  ],
  [
   0.01,
   0.02,
   0.04,
   0.1,
   0.08,
   0.08,
   0.03,
   0.01,
   0.01,
   0.01,
   0.01,
   0.01,
   0.01,
   0.01,
   0.01,
   0.01
  ],
  [
   0.01,
   0.01,
   0.02,
   0.03,
   0.08,
   0.07,
   0.07,
   0.03,
   0.02,
   0.01,
   0.01,
   0.01,
   0.01,
   0.01,
   0.01,
   0.01
  ],
  [
   0.01,
   0.01,
   0.01,
   0.02,
   0.03,
   0.07,
   0.07,
   0.08,
   0.02,
   0.02,
   0.01,
   0.01,
   0.01,
   0.01,
   0.01,
   0.01
  ],
  [
   0.01,
   0.01,
   0.01,
   0.01,
   0.01,
   0.03,
   0.08,
   0.07,
   0.03,
   0.02,
   0.01,
   0.01,
   0.01,
   0.01,
   0.01,
   0.01
  ],
  [
   0.01,
   0.01,
   0.01,
   0.01,
   0.01,
   0.02,
   0.02,
   0.03,
   0.07,
   0.07,
   0.03,
   0.01,
   0.01,
   0.01,
   0.01,
   0.01
  ],
  [
   0.01,
   0.01,
   0.01,
   0.01,
   0.01,
   0.01,
   0.02,
   0.02,
   0.07,
   0.07,
   0.06,
   0.02,
   0.01,
   0.01,
   0.01,
   0.01
  ],
  [
   0.01,
   0.01,
   0.01,
   0.01,
   0.01,
   0.01,
   0.01,
   0.01,
   0.03,
   0.06,
   0.07,
   0.06,
   0.02,
   0.01,
   0.01,
   0.01
  ],
  [
   0.01,
   0.01,
   0.01,
   0.01,
   0.01,
   0.01,
   0.01,
   0.01,
   0.01,
   0.02,
   0.06,
   0.07,
   0.05,
   0.02,
   0.01,
   0.01
  ],
  [
   0.01,
   0.01,
   0.01,
   0.01,
   0.01,
   0.01,
   0.01,
   0.01,
   0.01,
   0.01,
   0.02,
   0.05,
   0.07,
   0.06,
   0.02,
   0.01
  ],
  [
   0.01,
   0.01,
   0.01,
   0.01,
   0.01,
   0.01,
   0.01,
   0.01,
   0.01,
   0.01,
   0.01,
   0.02,
   0.06,
   0.07,
   0.06,
   0.03
  ],
  [
   0.02,
   0.01,
   0.01,
   0.01,
   0.01,
   0.01,
   0.01,
   0.01,
   0.01,
   0.01,
   0.01,
   0.01,
   0.02,
   0.06,
   0.08,
   0.07
  ],
  [
   0.02,
   0.01,
   0.01,
   0.01,
   0.01,
   0.01,
   0.01,
   0.01,
   0.01,
   0.01,
   0.01,
   0.01,
   0.01,
   0.03,
   0.07,
   0.08
  ]
 ],
 "chain_pair_pae_min": [
  [
   0.77,
   7.83,
   13.07,
   19.61,
   23.17,
   25.53,
   27.0,
   28.63,
   28.28,
   27.31,
   26.9,
   26.14,
   24.79,
   23.35,
   22.4,
   22.26
  ],
  [
   8.95,
   0.77,
   8.76,
   14.46,
   20.56,
   23.21,
   25.02,
   27.21,
   26.99,
   26.32,
   26.09,
   24.68,
   23.17,
   22.37,
   22.76,
   24.0
  ],
  [
   14.17,
   8.96,
   0.77,
   8.92,
   15.45,
   21.22,
   24.02,
   26.22,
   26.24,
   25.31,
   24.5,
   23.25,
   23.04,
   23.44,
   24.49,
   25.96
  ],
  [
   20.7,
   15.62,
   9.0,
   0.77,
   9.71,
   16.07,
   21.88,
   25.03,
   25.01,
   23.67,
   23.08,
   22.82,
   24.11,
   24.85,
   26.23,
   27.39
  ],
  [
   24.23,
   21.51,
   15.79,
   9.56,
   0.77,
   9.83,
   17.15,
   23.21,
   22.3,
   21.22,
   21.85,
   23.54,
   24.71,
   26.25,
   27.56,
   28.48
  ],
  [
   26.58,
   24.93,
   22.06,
   16.24,
   9.35,
   0.77,
   10.89,
   18.3,
   19.4,
   19.09,
   21.6,
   23.93,
   26.01,
   27.52,
   28.38,
   28.96
  ],
  [
   27.88,
   26.92,
   25.11,
   22.05,
   16.1,
   9.87,
   0.77,
   12.06,
   14.94,
   17.95,
   21.67,
   24.44,
   26.61,
   28.22,
   28.98,
   29.53
  ],
  [
   28.93,
   28.26,
   27.17,
   25.27,
   21.96,
   16.97,
   9.82,
   0.77,
   11.88,
   18.21,
   21.92,
   25.55,
   27.47,
   28.71,
   29.28,
   29.87
  ],
  [
   29.03,
   28.4,
   27.44,
   25.27,
   21.42,
   18.05,
   14.5,
   12.36,
   0.77,
   11.98,
   18.09,
   23.5,
   26.23,
   27.68,
   28.77,
   29.58
  ],
  [
   28.62,
   27.98,
   25.99,
   24.29,
   21.43,
   18.94,
   17.42,
   17.82,
   11.43,
   0.77,
   11.03,
   18.58,
   23.71,
   26.32,
   27.91,
   29.06
  ],
  [
   28.25,
   26.65,
   25.23,
   23.57,
   22.24,
   21.6,
   21.05,
   22.66,
   19.25,
   10.6,
   0.77,
   11.66,
   19.14,
   23.62,
   26.51,
   28.56
  ],
  [
   27.44,
   25.46,
   24.3,
   23.53,
   23.61,
   24.03,
   24.71,
   25.53,
   23.92,
   18.54,
   10.52,
   0.77,
   11.79,
   19.29,
   24.23,
   27.33
  ],
  [
   26.11,
   24.55,
   23.89,
   24.32,
   25.49,
   26.56,
   27.16,
   27.56,
   26.65,
   23.49,
   18.24,
   10.6,
   0.77,
   11.92,
   20.34,
   25.01
  ],
  [
   24.87,
   23.02,
   23.72,
   25.26,
   26.75,
   27.79,
   28.31,
   28.66,
   27.96,
   26.24,
   22.77,
   18.28,
   10.83,
   0.77,
   12.01,
   21.48
  ],
  [
   22.87,
   22.69,
   24.24,
   26.37,
   27.54,
   28.37,
   28.77,
   29.31,
   28.85,
   27.57,
   25.93,
   23.04,
   18.87,
   11.09,
   0.77,
   13.04
  ],
  [
   22.06,
   23.67,
   25.64,
   27.2,
   28.42,
   29.16,
   29.53,
   30.07,
   29.77,
   28.85,
   27.79,
   26.26,
   23.68,
   19.76,
   12.35,
   0.77
  ]
 ],
 "chain_ptm": [
  0.08,
  0.09,
  0.09,
  0.08,
  0.08,
  0.07,
  0.07,
  0.07,
  0.07,
  0.07,
  0.07,
  0.07,
  0.07,
  0.07,
  0.08,
  0.08
 ],
 "fraction_disordered": 1.0,
 "has_clash": 0.0,
 "iptm": 0.14,
 "num_recycles": 10.0,
 "ptm": 0.17,
 "ranking_score": 0.65
}