{
 "chain_iptm": [
  0.02,
  0.02,
  0.02,
  0.02,
  0.02,
  0.02,
  0.02,
  0.02,
  0.02,
  0.02,
  0.02,
  0.02,
  0.02,
  0.02,
  0.01,
  0.01
 ],
 "chain_pair_iptm": [
  [
   0.07,
   0.09,
   0.03,
   0.02,
   0.01,
   0.01,
   0.01,
   0.01,
   0.01,
   0.01,
   0.01,
   0.01,
   0.01,
   0.01,
   0.01,
   0.02
  ],
  [
   0.09,
   0.08,
   0.06,
   0.02,
   0.02,
   0.01,
   0.01,
   0.01,
   0.01,
   0.01,
   0.01,
   0.01,
   0.01,
   0.01,
   0.01,
   0.01
  ],
  [
   0.03,
   0.06,
   0.07,
   0.05,
   0.02,
   0.01,
   0.01,
   0.01,
   0.01,
   0.01,
   0.01,
   0.01,
   0.01,
   0.01,
   0.01,
   0.01
  ],
  [
   0.02,
   0.02,
   0.05,
   0.06,
   0.05,
   0.02,
   0.02,
   0.01,
   0.01,
   0.01,
   0.01,
   0.01,
   0.01,
   0.01,
   0.01,
   0.01
  ],
  [
   0.01,
   0.02,
   0.02,
   0.05,
   0.07,
   0.05,
   0.03,
   0.01,
   0.01,
   0.01,
   0.01,
   0.01,
   0.01,
   0.01,
   0.01,
   0.01
  ],
  [
   0.01,
   0.01,
   0.01,
   0.02,
   0.05,
   0.07,
   0.08,
   0.02,
   0.01,
   0.01,
   0.01,
   0.01,
   0.01,
   0.01,
   0.01,
   0.01
  ],
  [
   0.01,
   0.01,
   0.01,
   0.02,
   0.03,
   0.08,
   0.07,
   0.03,
   0.02,
   0.01,
   0.01,
   0.01,
   0.01,
   0.01,
   0.01,
   0.01
  ],
  [
   0.01,
   0.01,
   0.01,
   0.01,
   0.01,
   0.02,
   0.03,
   0.07,
   0.09,
   0.03,
   0.01,
   0.01,
   0.01,
   0.01,
   0.01,
   0.01
  ],
  [
   0.01,
   0.01,
   0.01,
   0.01,
   0.01,
   0.01,
   0.02,
   0.09,
   0.08,
   0.06,
   0.02,
   0.01,
   0.01,
   0.01,
   0.01,
   0.01
  ],
  [
   0.01,
   0.01,
   0.01,
   0.01,
   0.01,
   0.01,
   0.01,
   0.03,
   0.06,
   0.07,
   0.05,
   0.02,
   0.01,
   0.01,
   0.01,
   0.01
  ],
  [
   0.01,
   0.01,
   0.01,
   0.01,
   0.01,
   0.01,
   0.01,
   0.01,
   0.02,
   0.05,
   0.07,
   0.04,
   0.02,
   0.01,
   0.01,
   0.01
  ],
  [
   0.01,
   0.01,
   0.01,
   0.01,
   0.01,
   0.01,
   0.01,
   0.01,
   0.01,
   0.02,
   0.04,
   0.07,
   0.05,
   0.02,
   0.01,
   0.01
  ],
  [
   0.01,
   0.01,
   0.01,
   0.01,
   0.01,
   0.01,
   0.01,
   0.01,
   0.01,
   0.01,
   0.02,
   0.05,
   0.07,
   0.05,
   0.02,
   0.01
  ],
  [
   0.01,
   0.01,
   0.01,
   0.01,
   0.01,
   0.01,
   0.01,
   0.01,
   0.01,
   0.01,
   0.01,
   0.02,
   0.05,
   0.08,
   0.06,
   0.02
  ],
  [
   0.01,
   0.01,
   0.01,
   0.01,
   0.01,
   0.01,
   0.01,
   0.01,
   0.01,
   0.01,
   0.01,
   0.01,
   0.02,
   0.06,
   0.08,
   0.02
  ],
  [
   0.02,
   0.01,
   0.01,
   0.01,
   0.01,
   0.01,
   0.01,
   0.01,
   0.01,
   0.01,
   0.01,
   0.01,
   0.01,
   0.02,
   0.02,
   0.08
  ]
 ],
 "chain_pair_pae_min": [
  [
   0.77,
   9.19,
   14.55,
   18.46,
   22.1,
   25.15,
   26.8,
   26.52,
   25.16,
   23.86,
   22.87,
   22.11,
   22.4,
   22.1,
   22.05,
   20.42
  ],
  [
   9.42,
   0.77,
   10.34,
   16.47,
   20.06,
   23.65,
   25.68,
   25.09,
   23.78,
   23.06,
   23.18,
   22.87,
   23.14,
   22.77,
   22.7,
   22.61
  ],
  [
   15.36,
   10.9,
   0.77,
   11.73,
   18.2,
   21.62,
   24.98,
   23.94,
   23.36,
   23.73,
   23.97,
   24.2,
   24.29,
   24.1,
   24.83,
   24.13
  ],
  [
   19.23,
   15.24,
   11.2,
   0.77,
   11.78,
   18.47,
   22.59,
   21.92,
   22.38,
   23.5,
   24.45,
   24.72,
   25.1,
   25.71,
   26.64,
   25.92
  ],
  [
   21.8,
   19.31,
   15.68,
   11.32,
   0.77,
   12.18,
   19.24,
   20.38,
   21.01,
   22.48,
   24.16,
   25.22,
   25.83,
   26.81,
   27.86,
   27.04
  ],
  [
   23.95,
   21.67,
   19.75,
   16.99,
   11.16,
   0.77,
   11.77,
   17.78,
   20.08,
   21.73,
   23.72,
   25.04,
   26.25,
   27.33,
   28.32,
   27.24
  ],
  [
   25.85,
   24.1,
   22.2,
   19.87,
   16.74,
   9.44,
   0.77,
   14.06,
   18.56,
   20.74,
   23.39,
   25.14,
   26.78,
   27.93,
   28.62,
   27.84
  ],
  [
   26.6,
   24.63,
   23.15,
   21.59,
   19.8,
   16.36,
   13.48,
   0.77,
   10.59,
   17.98,
   21.87,
   24.69,
   26.5,
   27.63,
   28.4,
   27.66
  ],
  [
   25.19,
   23.15,
   22.77,
   21.5,
   19.57,
   19.06,
   17.44,
   10.39,
   0.77,
   12.61,
   18.39,
   21.22,
   24.22,
   26.5,
   27.93,
   26.61
  ],
  [
   24.25,
   23.04,
   23.4,
   22.98,
   22.47,
   21.6,
   20.06,
   17.96,
   11.4,
   0.77,
   12.91,
   17.89,
   21.55,
   24.72,
   27.2,
   25.19
  ],
  [
   23.35,
   23.31,
   24.1,
   24.01,
   24.06,
   23.8,
   23.17,
   22.61,
   17.7,
   11.92,
   0.77,
   12.89,
   18.55,
   22.17,
   25.76,
   23.22
  ],
  [
   23.21,
   23.38,
   24.43,
   24.71,
   25.08,
   25.31,
   25.44,
   25.05,
   20.96,
   15.54,
   11.71,
   0.77,
   13.27,
   19.52,
   23.74,
   21.89
  ],
  [
   22.33,
   23.08,
   24.49,
   25.24,
   25.84,
   26.53,
   26.95,
   26.57,
   24.09,
   21.05,
   16.31,
   12.06,
   0.77,
   13.59,
   20.69,
   20.81
  ],
  [
   22.51,
   23.37,
   24.45,
   25.66,
   26.62,
   27.18,
   27.84,
   27.58,
   25.78,
   23.71,
   20.68,
   17.15,
   11.23,
   0.77,
   14.85,
   19.53
  ],
  [
   22.18,
   23.84,
   25.07,
   26.12,
   27.11,
   28.1,
   28.49,
   28.29,
   27.1,
   25.72,
   24.07,
   21.62,
   18.45,
   9.99,
   0.77,
   16.76
  ],
  [
   19.04,
   21.69,
   23.99,
   25.98,
   27.1,
   27.95,
   28.71,
   28.3,
   27.28,
   25.84,
   23.99,
   22.04,
   20.66,
   18.59,
   16.44,
   0.77
  ]
 ],
 "chain_ptm": [
  0.07,
  0.08,
  0.07,
  0.06,
  0.07,
  0.07,
  0.07,
  0.07,
  0.08,
  0.07,
  0.07,
  0.07,
  0.07,
  0.08,
  0.08,
  0.08
 ],
 "fraction_disordered": 1.0,
 "has_clash": 0.0,
 "iptm": 0.11,
 "num_recycles": 10.0,
 "ptm": 0.14,
 "ranking_score": 0.62
}