{
 "chain_iptm": [
  0.01,
  0.02,
  0.02,
  0.02,
  0.02,
  0.01,
  0.01,
  0.01,
  0.01,
  0.01,
  0.01,
  0.01,
  0.01,
  0.01,
  0.01,
  0.01
 ],
 "chain_pair_iptm": [
  [
   0.05,
   0.06,
   0.03,
   0.02,
   0.01,
   0.01,
   0.01,
   0.01,
   0.01,
   0.01,
   0.01,
   0.01,
   0.01,
   0.01,
   0.01,
   0.01
  ],
  [
   0.06,
   0.05,
   0.04,
   0.02,
   0.02,
   0.01,
   0.01,
   0.01,
   0.01,
   0.01,
   0.01,
   0.01,
   0.01,
   0.01,
   0.01,
   0.01
  ],
  [
   0.03,
   0.04,
   0.05,
   0.04,
   0.02,
   0.02,
   0.01,
   0.01,
   0.01,
   0.01,
   0.01,
   0.01,
   0.01,
   0.01,
   0.01,
   0.01
  ],
  [
   0.02,
   0.02,
   0.04,
   0.05,
   0.04,
   0.02,
   0.02,
   0.01,
   0.01,
   0.01,
   0.01,
   0.01,
   0.01,
   0.01,
   0.01,
   0.01
  ],
  [
   0.01,
   0.02,
   0.02,
   0.04,
   0.05,
   0.04,
   0.02,
   0.01,
   0.01,
   0.01,
   0.01,
   0.01,
   0.01,
   0.01,
   0.01,
   0.01
  ],
  [
   0.01,
   0.01,
   0.02,
   0.02,
   0.04,
   0.05,
   0.04,
   0.01,
   0.01,
   0.01,
   0.01,
   0.01,
   0.01,
   0.01,
   0.01,
   0.01
  ],
  [
   0.01,
   0.01,
   0.01,
   0.02,
   0.02,
   0.04,
   0.05,
   0.02,
   0.01,
   0.01,
   0.01,
   0.01,
   0.01,
   0.01,
   0.01,
   0.01
  ],
  [
   0.01,
   0.01,
   0.01,
   0.01,
   0.01,
   0.01,
   0.02,
   0.05,
   0.04,
   0.02,
   0.02,
   0.01,
   0.01,
   0.01,
   0.01,
   0.01
  ],
  [
   0.01,
   0.01,
   0.01,
   0.01,
   0.01,
   0.01,
   0.01,
   0.04,
   0.05,
   0.03,
   0.02,
   0.02,
   0.01,
   0.01,
   0.01,
   0.01
  ],
  [
   0.01,
   0.01,
   0.01,
   0.01,
   0.01,
   0.01,
   0.01,
   0.02,
   0.03,
   0.05,
   0.03,
   0.02,
   0.02,
   0.01,
   0.01,
   0.01
  ],
  [
   0.01,
   0.01,
   0.01,
   0.01,
   0.01,
   0.01,
   0.01,
   0.02,
   0.02,
   0.03,
   0.05,
   0.03,
   0.02,
   0.01,
   0.01,
   0.01
  ],
  [
   0.01,
   0.01,
   0.01,
   0.01,
   0.01,
   0.01,
   0.01,
   0.01,
   0.02,
   0.02,
   0.03,
   0.05,
   0.03,
   0.02,
   0.01,
   0.01
  ],
  [
   0.01,
   0.01,
   0.01,
   0.01,
   0.01,
   0.01,
   0.01,
   0.01,
   0.01,
   0.02,
   0.02,
   0.03,
   0.05,
   0.03,
   0.02,
   0.02
  ],
  [
   0.01,
   0.01,
   0.01,
   0.01,
   0.01,
   0.01,
   0.01,
   0.01,
   0.01,
   0.01,
   0.01,
   0.02,
   0.03,
   0.05,
   0.03,
   0.02
  ],
  [
   0.01,
   0.01,
   0.01,
   0.01,
   0.01,
   0.01,
   0.01,
   0.01,
   0.01,
   0.01,
   0.01,
   0.01,
   0.02,
   0.03,
   0.05,
   0.03
  ],
  [
   0.01,
   0.01,
   0.01,
   0.01,
   0.01,
   0.01,
   0.01,
   0.01,
   0.01,
   0.01,
   0.01,
   0.01,
   0.02,
   0.02,
   0.03,
   0.05
  ]
 ],
 "chain_pair_pae_min": [
  [
   0.77,
   9.27,
   13.69,
   18.13,
   23.31,
   25.78,
   27.17,
   28.22,
   28.02,
   27.78,
   26.6,
   24.94,
   23.86,
   22.04,
   23.03,
   22.82
  ],
  [
   9.61,
   0.77,
   10.7,
   15.97,
   19.89,
   24.14,
   26.45,
   27.56,
   27.57,
   26.76,
   24.94,
   24.23,
   23.05,
   22.82,
   24.83,
   23.12
  ],
  [
   14.84,
   10.74,
   0.77,
   11.02,
   16.99,
   20.49,
   24.37,
   26.86,
   26.29,
   24.95,
   24.6,
   23.83,
   23.02,
   24.79,
   26.12,
   23.77
  ],
  [
   19.61,
   15.71,
   11.13,
   0.77,
   11.27,
   17.18,
   20.77,
   25.04,
   24.26,
   23.8,
   23.72,
   23.57,
   24.38,
   26.51,
   27.58,
   25.23
  ],
  [
   23.77,
   20.47,
   16.43,
   10.96,
   0.77,
   11.31,
   17.32,
   22.4,
   21.44,
   22.36,
   23.04,
   24.48,
   25.39,
   27.91,
   28.57,
   26.75
  ],
  [
   25.72,
   24.11,
   20.64,
   16.69,
   10.99,
   0.77,
   11.62,
   19.44,
   19.55,
   21.12,
   22.9,
   24.69,
   26.67,
   28.64,
   29.17,
   28.08
  ],
  [
   27.24,
   26.15,
   23.79,
   20.63,
   16.66,
   11.09,
   0.77,
   14.02,
   16.82,
   19.83,
   22.33,
   25.13,
   27.67,
   29.01,
   29.65,
   28.64
  ],
  [
   29.03,
   28.27,
   26.75,
   24.44,
   21.65,
   18.61,
   13.58,
   0.77,
   10.98,
   16.55,
   20.23,
   24.44,
   26.78,
   28.76,
   29.7,
   28.77
  ],
  [
   28.84,
   27.82,
   25.94,
   24.03,
   22.15,
   21.02,
   19.64,
   9.99,
   0.77,
   11.96,
   17.64,
   21.53,
   24.87,
   28.14,
   29.34,
   28.32
  ],
  [
   28.16,
   26.96,
   24.91,
   23.76,
   22.93,
   22.09,
   20.87,
   14.19,
   10.84,
   0.77,
   12.22,
   18.34,
   21.99,
   27.0,
   28.57,
   26.86
  ],
  [
   27.42,
   25.29,
   23.78,
   23.41,
   23.17,
   22.38,
   22.17,
   20.71,
   14.29,
   11.45,
   0.77,
   11.92,
   18.46,
   24.8,
   27.63,
   24.92
  ],
  [
   25.6,
   23.55,
   23.6,
   23.64,
   23.86,
   24.36,
   25.15,
   24.42,
   20.13,
   15.33,
   11.83,
   0.77,
   12.55,
   20.87,
   25.19,
   22.36
  ],
  [
   23.65,
   22.48,
   23.15,
   23.97,
   24.91,
   26.23,
   27.23,
   27.06,
   24.32,
   20.95,
   16.02,
   12.11,
   0.77,
   14.82,
   20.98,
   20.25
  ],
  [
   21.84,
   22.34,
   24.04,
   25.69,
   27.41,
   28.39,
   28.86,
   28.66,
   27.56,
   26.11,
   23.52,
   19.76,
   13.32,
   0.77,
   13.49,
   18.36
  ],
  [
   21.68,
   22.98,
   24.97,
   26.66,
   28.0,
   28.89,
   29.37,
   29.45,
   28.78,
   27.81,
   26.26,
   24.02,
   19.9,
   12.9,
   0.77,
   17.21
  ],
  [
   22.66,
   23.36,
   23.08,
   24.85,
   26.33,
   27.94,
   28.89,
   29.25,
   27.96,
   26.02,
   24.03,
   21.74,
   20.21,
   18.18,
   16.67,
   0.77
  ]
 ],
 "chain_ptm": [
  0.05,
  0.05,
  0.05,
  0.05,
  0.05,
  0.05,
  0.05,
  0.05,
  0.05,
  0.05,
  0.05,
  0.05,
  0.05,
  0.05,
  0.05,
  0.05
 ],
 "fraction_disordered": 1.0,
 "has_clash": 0.0,
 "iptm": 0.11,
 "num_recycles": 10.0,
 "ptm": 0.13,
 "ranking_score": 0.61
}