{
 "chain_iptm": [
  0.02,
  0.02,
  0.02,
  0.02,
  0.02,
  0.03,
  0.02,
  0.03,
  0.03,
  0.03,
  0.02,
  0.02,
  0.02,
  0.02,
  0.01,
  0.01
 ],
 "chain_pair_iptm": [
  [
   0.08,
   0.11,
   0.03,
   0.02,
   0.02,
   0.01,
   0.01,
   0.01,
   0.01,
   0.01,
   0.01,
   0.01,
   0.01,
   0.01,
   0.01,
   0.03
  ],
  [
   0.11,
   0.07,
   0.03,
   0.02,
   0.02,
   0.02,
   0.01,
   0.01,
   0.01,
   0.01,
   0.01,
   0.01,
   0.01,
   0.01,
   0.01,
   0.02
  ],
  [
   0.03,
   0.03,
   0.07,
   0.09,
   0.02,
   0.02,
   0.01,
   0.01,
   0.01,
   0.01,
   0.01,
   0.01,
   0.01,
   0.01,
   0.01,
   0.01
  ],
  [
   0.02,
   0.02,
   0.09,
   0.07,
   0.03,
   0.02,
   0.02,
   0.01,
   0.01,
   0.01,
   0.01,
   0.01,
   0.01,
   0.01,
   0.01,
   0.01
  ],
  [
   0.02,
   0.02,
   0.02,
   0.03,
   0.09,
   0.13,
   0.05,
   0.02,
   0.02,
   0.01,
   0.01,
   0.01,
   0.01,
   0.01,
   0.01,
   0.01
  ],
  [
   0.01,
   0.02,
   0.02,
   0.02,
   0.13,
   0.09,
   0.13,
   0.03,
   0.02,
   0.01,
   0.01,
   0.01,
   0.01,
   0.01,
   0.01,
   0.01
  ],
  [
   0.01,
   0.01,
   0.01,
   0.02,
   0.05,
   0.13,
   0.08,
   0.04,
   0.02,
   0.01,
   0.01,
   0.01,
   0.01,
   0.01,
   0.01,
   0.01
  ],
  [
   0.01,
   0.01,
   0.01,
   0.01,
   0.02,
   0.03,
   0.04,
   0.1,
   0.17,
   0.06,
   0.02,
   0.01,
   0.01,
   0.01,
   0.01,
   0.01
  ],
  [
   0.01,
   0.01,
   0.01,
   0.01,
   0.02,
   0.02,
   0.02,
   0.17,
   0.1,
   0.14,
   0.05,
   0.02,
   0.01,
   0.01,
   0.01,
   0.01
  ],
  [
   0.01,
   0.01,
   0.01,
   0.01,
   0.01,
   0.01,
   0.01,
   0.06,
   0.14,
   0.09,
   0.11,
   0.02,
   0.02,
   0.01,
   0.01,
   0.01
  ],
  [
   0.01,
   0.01,
   0.01,
   0.01,
   0.01,
   0.01,
   0.01,
   0.02,
   0.05,
   0.11,
   0.08,
   0.03,
   0.02,
   0.01,
   0.01,
   0.01
  ],
  [
   0.01,
   0.01,
   0.01,
   0.01,
   0.01,
   0.01,
   0.01,
   0.01,
   0.02,
   0.02,
   0.03,
   0.08,
   0.1,
   0.02,
   0.02,
   0.01
  ],
  [
   0.01,
   0.01,
   0.01,
   0.01,
   0.01,
   0.01,
   0.01,
   0.01,
   0.01,
   0.02,
   0.02,
   0.1,
   0.08,
   0.03,
   0.02,
   0.01
  ],
  [
   0.01,
   0.01,
   0.01,
   0.01,
   0.01,
   0.01,
   0.01,
   0.01,
   0.01,
   0.01,
   0.01,
   0.02,
   0.03,
   0.08,
   0.06,
   0.02
  ],
  [
   0.01,
   0.01,
   0.01,
   0.01,
   0.01,
   0.01,
   0.01,
   0.01,
   0.01,
   0.01,
   0.01,
   0.02,
   0.02,
   0.06,
   0.08,
   0.02
  ],
  [
   0.03,
   0.02,
   0.01,
   0.01,
   0.01,
   0.01,
   0.01,
   0.01,
   0.01,
   0.01,
   0.01,
   0.01,
   0.01,
   0.02,
   0.02,
   0.08
  ]
 ],
 "chain_pair_pae_min": [
  [
   0.77,
   9.21,
   11.52,
   16.62,
   19.05,
   22.79,
   25.77,
   26.4,
   25.19,
   24.36,
   24.46,
   23.71,
   24.28,
   21.29,
   22.93,
   20.54
  ],
  [
   9.27,
   0.77,
   13.25,
   13.76,
   17.95,
   20.65,
   24.71,
   25.82,
   25.15,
   25.08,
   26.66,
   24.47,
   26.19,
   23.1,
   25.7,
   23.95
  ],
  [
   13.82,
   14.19,
   0.77,
   11.5,
   16.05,
   20.99,
   25.18,
   25.58,
   25.09,
   24.78,
   25.99,
   25.44,
   25.93,
   24.08,
   25.09,
   23.65
  ],
  [
   17.4,
   14.17,
   11.38,
   0.77,
   12.31,
   17.11,
   22.99,
   24.71,
   24.66,
   25.41,
   27.45,
   26.11,
   27.61,
   25.47,
   26.94,
   26.06
  ],
  [
   20.1,
   18.96,
   16.44,
   13.0,
   0.77,
   10.49,
   18.06,
   20.15,
   20.96,
   22.9,
   26.18,
   25.43,
   27.06,
   25.89,
   27.04,
   26.47
  ],
  [
   22.31,
   20.57,
   20.21,
   17.05,
   10.28,
   0.77,
   11.0,
   16.84,
   18.86,
   23.0,
   26.11,
   25.63,
   27.26,
   26.73,
   27.66,
   27.31
  ],
  [
   24.78,
   24.12,
   23.74,
   21.6,
   17.52,
   10.15,
   0.77,
   15.18,
   19.04,
   23.78,
   26.11,
   25.95,
   27.58,
   27.48,
   28.34,
   28.17
  ],
  [
   25.42,
   25.09,
   24.95,
   23.69,
   21.27,
   16.63,
   14.67,
   0.77,
   9.84,
   16.45,
   22.56,
   22.86,
   25.05,
   25.68,
   26.96,
   27.51
  ],
  [
   24.29,
   24.31,
   24.09,
   23.33,
   21.64,
   19.72,
   19.88,
   9.25,
   0.77,
   10.7,
   17.57,
   18.81,
   23.38,
   24.41,
   25.55,
   26.31
  ],
  [
   23.48,
   24.95,
   24.16,
   24.91,
   23.36,
   23.21,
   23.06,
   16.01,
   9.68,
   0.77,
   11.6,
   15.34,
   19.75,
   21.71,
   23.76,
   25.15
  ],
  [
   23.8,
   26.01,
   25.22,
   26.36,
   25.43,
   25.79,
   26.19,
   23.0,
   17.65,
   9.59,
   0.77,
   12.6,
   15.42,
   20.58,
   21.16,
   23.42
  ],
  [
   22.59,
   23.47,
   25.13,
   26.18,
   25.71,
   26.41,
   27.65,
   25.53,
   21.49,
   15.1,
   13.52,
   0.77,
   11.93,
   16.92,
   20.66,
   23.94
  ],
  [
   22.97,
   25.51,
   25.22,
   26.92,
   26.82,
   27.68,
   28.71,
   27.09,
   24.67,
   20.46,
   14.13,
   10.81,
   0.77,
   15.45,
   18.17,
   21.84
  ],
  [
   19.57,
   22.59,
   23.51,
   24.59,
   25.09,
   27.22,
   28.59,
   27.51,
   25.71,
   23.49,
   22.25,
   17.32,
   15.86,
   0.77,
   14.8,
   20.82
  ],
  [
   21.85,
   24.85,
   24.1,
   26.29,
   26.44,
   27.9,
   29.21,
   28.5,
   26.83,
   24.82,
   22.46,
   21.44,
   17.84,
   14.17,
   0.77,
   17.12
  ],
  [
   19.8,
   24.47,
   22.86,
   25.56,
   25.59,
   27.58,
   29.22,
   28.86,
   27.62,
   26.08,
   25.02,
   24.67,
   22.71,
   20.98,
   16.67,
   0.77
  ]
 ],
 "chain_ptm": [
  0.08,
  0.07,
  0.07,
  0.07,
  0.09,
  0.09,
  0.08,
  0.1,
  0.1,
  0.09,
  0.08,
  0.08,
  0.08,
  0.08,
  0.08,
  0.08
 ],
 "fraction_disordered": 1.0,
 "has_clash": 0.0,
 "iptm": 0.14,
 "num_recycles": 10.0,
 "ptm": 0.17,
 "ranking_score": 0.65
}