{
 "chain_iptm": [
  0.02,
  0.02,
  0.02,
  0.02,
  0.02,
  0.02,
  0.02,
  0.02,
  0.02,
  0.02,
  0.02,
  0.02,
  0.02,
  0.02,
  0.01,
  0.02
 ],
 "chain_pair_iptm": [
  [
   0.07,
   0.05,
   0.03,
   0.02,
   0.01,
   0.01,
   0.01,
   0.01,
   0.01,
   0.01,
   0.01,
   0.01,
   0.01,
   0.01,
   0.02,
   0.04
  ],
  [
   0.05,
   0.07,
   0.08,
   0.03,
   0.02,
   0.01,
   0.01,
   0.01,
   0.01,
   0.01,
   0.01,
   0.01,
   0.01,
   0.01,
   0.01,
   0.01
  ],
  [
   0.03,
   0.08,
   0.07,
   0.08,
   0.03,
   0.01,
   0.01,
   0.01,
   0.01,
   0.01,
   0.01,
   0.01,
   0.01,
   0.01,
   0.01,
   0.01
  ],
  [
   0.02,
   0.03,
   0.08,
   0.07,
   0.06,
   0.02,
   0.01,
   0.01,
   0.01,
   0.01,
   0.01,
   0.01,
   0.01,
   0.01,
   0.01,
   0.01
  ],
  [
   0.01,
   0.02,
   0.03,
   0.06,
   0.07,
   0.04,
   0.02,
   0.01,
   0.01,
   0.01,
   0.01,
   0.01,
   0.01,
   0.01,
   0.01,
   0.01
  ],
  [
   0.01,
   0.01,
   0.01,
   0.02,
   0.04,
   0.06,
   0.04,
   0.02,
   0.01,
   0.01,
   0.01,
   0.01,
   0.01,
   0.01,
   0.01,
   0.01
  ],
  [
   0.01,
   0.01,
   0.01,
   0.01,
   0.02,
   0.04,
   0.06,
   0.04,
   0.02,
   0.01,
   0.01,
   0.01,
   0.01,
   0.01,
   0.01,
   0.01
  ],
  [
   0.01,
   0.01,
   0.01,
   0.01,
   0.01,
   0.02,
   0.04,
   0.06,
   0.05,
   0.02,
   0.01,
   0.01,
   0.01,
   0.01,
   0.01,
   0.01
  ],
  [
   0.01,
   0.01,
   0.01,
   0.01,
   0.01,
   0.01,
   0.02,
   0.05,
   0.07,
   0.05,
   0.02,
   0.01,
   0.01,
   0.01,
   0.01,
   0.01
  ],
  [
   0.01,
   0.01,
   0.01,
   0.01,
   0.01,
   0.01,
   0.01,
   0.02,
   0.05,
   0.07,
   0.05,
   0.02,
   0.01,
   0.01,
   0.01,
   0.01
  ],
  [
   0.01,
   0.01,
   0.01,
   0.01,
   0.01,
   0.01,
   0.01,
   0.01,
   0.02,
   0.05,
   0.07,
   0.05,
   0.02,
   0.01,
   0.01,
   0.01
  ],
  [
   0.01,
   0.01,
   0.01,
   0.01,
   0.01,
   0.01,
   0.01,
   0.01,
   0.01,
   0.02,
   0.05,
   0.07,
   0.06,
   0.03,
   0.01,
   0.01
  ],
  [
   0.01,
   0.01,
   0.01,
   0.01,
   0.01,
   0.01,
   0.01,
   0.01,
   0.01,
   0.01,
   0.02,
   0.06,
   0.08,
   0.07,
   0.02,
   0.01
  ],
  [
   0.01,
   0.01,
   0.01,
   0.01,
   0.01,
   0.01,
   0.01,
   0.01,
   0.01,
   0.01,
   0.01,
   0.03,
   0.07,
   0.07,
   0.03,
   0.02
  ],
  [
   0.02,
   0.01,
   0.01,
   0.01,
   0.01,
   0.01,
   0.01,
   0.01,
   0.01,
   0.01,
   0.01,
   0.01,
   0.02,
   0.03,
   0.08,
   0.07
  ],
  [
   0.04,
   0.01,
   0.01,
   0.01,
   0.01,
   0.01,
   0.01,
   0.01,
   0.01,
   0.01,
   0.01,
   0.01,
   0.01,
   0.02,
   0.07,
   0.08
  ]
 ],
 "chain_pair_pae_min": [
  [
   0.77,
   9.29,
   12.4,
   17.9,
   21.52,
   23.55,
   24.74,
   25.08,
   25.33,
   25.52,
   25.02,
   23.79,
   22.75,
   22.5,
   23.61,
   18.2
  ],
  [
   10.07,
   0.77,
   9.98,
   15.44,
   20.63,
   23.19,
   24.68,
   25.54,
   26.06,
   26.26,
   26.33,
   25.38,
   25.29,
   26.45,
   26.7,
   23.3
  ],
  [
   12.52,
   10.65,
   0.77,
   9.85,
   17.28,
   19.95,
   21.75,
   23.42,
   24.52,
   25.3,
   24.91,
   24.79,
   25.19,
   26.63,
   26.78,
   23.93
  ],
  [
   16.93,
   17.36,
   9.9,
   0.77,
   10.85,
   17.05,
   19.25,
   20.87,
   22.99,
   24.48,
   25.05,
   25.52,
   26.42,
   27.27,
   27.57,
   25.55
  ],
  [
   20.68,
   22.22,
   16.94,
   10.39,
   0.77,
   11.85,
   17.41,
   19.45,
   21.0,
   23.43,
   25.39,
   26.51,
   27.42,
   27.89,
   28.53,
   26.88
  ],
  [
   23.52,
   24.81,
   20.46,
   15.85,
   11.73,
   0.77,
   12.12,
   17.41,
   19.73,
   22.15,
   24.66,
   26.76,
   27.8,
   28.66,
   29.07,
   27.75
  ],
  [
   24.93,
   26.07,
   22.81,
   19.89,
   16.15,
   11.85,
   0.77,
   12.32,
   17.64,
   19.98,
   22.58,
   25.6,
   27.13,
   28.66,
   29.02,
   27.94
  ],
  [
   25.58,
   26.81,
   24.08,
   21.76,
   19.79,
   16.06,
   12.1,
   0.77,
   12.24,
   18.06,
   20.17,
   23.77,
   25.93,
   28.1,
   28.74,
   27.82
  ],
  [
   26.3,
   27.46,
   25.67,
   23.47,
   21.87,
   19.65,
   16.8,
   11.94,
   0.77,
   12.27,
   17.92,
   20.99,
   23.83,
   26.85,
   27.89,
   27.6
  ],
  [
   26.73,
   27.45,
   26.36,
   25.04,
   23.76,
   22.24,
   20.51,
   16.85,
   11.21,
   0.77,
   12.08,
   18.23,
   21.66,
   25.36,
   27.0,
   27.22
  ],
  [
   26.6,
   27.69,
   26.8,
   26.12,
   25.45,
   24.36,
   22.88,
   20.6,
   15.86,
   11.29,
   0.77,
   12.03,
   18.6,
   23.02,
   25.97,
   26.36
  ],
  [
   25.82,
   27.25,
   26.64,
   26.6,
   26.38,
   25.75,
   24.7,
   22.93,
   20.54,
   15.66,
   10.38,
   0.77,
   11.92,
   18.86,
   24.08,
   24.91
  ],
  [
   24.65,
   26.92,
   26.86,
   27.0,
   27.03,
   26.71,
   25.91,
   24.71,
   22.69,
   20.65,
   17.26,
   9.82,
   0.77,
   12.83,
   20.77,
   22.84
  ],
  [
   24.14,
   27.69,
   27.84,
   28.15,
   28.25,
   28.18,
   27.78,
   27.07,
   25.82,
   24.39,
   21.85,
   17.77,
   10.58,
   0.77,
   14.48,
   20.4
  ],
  [
   22.33,
   26.99,
   26.89,
   27.3,
   27.82,
   28.03,
   27.95,
   27.55,
   26.87,
   26.17,
   24.65,
   22.91,
   19.38,
   11.28,
   0.77,
   13.25
  ],
  [
   16.55,
   23.72,
   23.93,
   24.79,
   25.84,
   26.8,
   26.91,
   26.76,
   26.52,
   26.31,
   25.08,
   23.68,
   21.34,
   16.43,
   12.35,
   0.77
  ]
 ],
 "chain_ptm": [
  0.07,
  0.07,
  0.07,
  0.07,
  0.07,
  0.06,
  0.06,
  0.06,
  0.07,
  0.07,
  0.07,
  0.07,
  0.08,
  0.07,
  0.08,
  0.08
 ],
 "fraction_disordered": 1.0,
 "has_clash": 0.0,
 "iptm": 0.12,
 "num_recycles": 10.0,
 "ptm": 0.14,
 "ranking_score": 0.62
}