{
 "chain_iptm": [
  0.07,
  0.07,
  0.07,
  0.07,
  0.07,
  0.06
 ],
 "chain_pair_iptm": [
  [
   0.31,
   0.08,
   0.08,
   0.05,
   0.06,
   0.06
  ],
  [
   0.08,
   0.31,
   0.07,
   0.06,
   0.07,
   0.05
  ],
  [
   0.08,
   0.07,
   0.3,
   0.06,
   0.05,
   0.07
  ],
  [
   0.05,
   0.06,
   0.06,
   0.3,
   0.09,
   0.06
  ],
  [
   0.06,
   0.07,
   0.05,
   0.09,
   0.3,
   0.05
  ],
  [
   0.06,
   0.05,
   0.07,
   0.06,
   0.05,
   0.3
  ]
 ],
 "chain_pair_pae_min": [
  [
   0.76,
   9.42,
   12.13,
   13.95,
   12.56,
   15.56
  ],
  [
   9.25,
   0.76,
   10.85,
   14.21,
   13.63,
   14.41
  ],
  [
   12.35,
   10.77,
   0.76,
   12.74,
   14.2,
   12.91
  ],
  [
   13.36,
   13.69,
   12.65,
   0.76,
   10.93,
   13.15
  ],
  [
   12.35,
   13.25,
   13.34,
   10.79,
   0.77,
   12.61
  ],
  [
   15.09,
   13.91,
   12.42,
   12.46,
   12.88,
   0.77
  ]
 ],
 "chain_ptm": [
  0.31,
  0.31,
  0.3,
  0.3,
  0.3,
  0.3
 ],
 "fraction_disordered": 0.7,
 "has_clash": 0.0,
 "iptm": 0.14,
 "num_recycles": 10.0,
 "ptm": 0.19,
 "ranking_score": 0.5
}