{
 "chain_iptm": [
  0.06,
  0.07,
  0.07,
  0.07,
  0.07,
  0.06
 ],
 "chain_pair_iptm": [
  [
   0.3,
   0.07,
   0.05,
   0.07,
   0.07,
   0.06
  ],
  [
   0.07,
   0.3,
   0.08,
   0.06,
   0.05,
   0.07
  ],
  [
   0.05,
   0.08,
   0.3,
   0.07,
   0.06,
   0.07
  ],
  [
   0.07,
   0.06,
   0.07,
   0.3,
   0.08,
   0.05
  ],
  [
   0.07,
   0.05,
   0.06,
   0.08,
   0.3,
   0.07
  ],
  [
   0.06,
   0.07,
   0.07,
   0.05,
   0.07,
   0.3
  ]
 ],
 "chain_pair_pae_min": [
  [
   0.76,
   9.59,
   14.03,
   13.57,
   14.41,
   13.95
  ],
  [
   9.86,
   0.76,
   12.72,
   13.27,
   15.36,
   14.45
  ],
  [
   14.02,
   12.38,
   0.76,
   10.82,
   13.33,
   14.63
  ],
  [
   13.77,
   12.99,
   10.72,
   0.76,
   12.71,
   14.74
  ],
  [
   13.99,
   15.0,
   13.07,
   12.97,
   0.76,
   10.44
  ],
  [
   13.86,
   14.5,
   13.61,
   14.58,
   10.32,
   0.76
  ]
 ],
 "chain_ptm": [
  0.3,
  0.3,
  0.3,
  0.3,
  0.3,
  0.3
 ],
 "fraction_disordered": 0.94,
 "has_clash": 0.0,
 "iptm": 0.13,
 "num_recycles": 10.0,
 "ptm": 0.19,
 "ranking_score": 0.62
}