{
 "chain_iptm": [
  0.06,
  0.06,
  0.06,
  0.06,
  0.06,
  0.06
 ],
 "chain_pair_iptm": [
  [
   0.3,
   0.07,
   0.05,
   0.07,
   0.06,
   0.06
  ],
  [
   0.07,
   0.3,
   0.07,
   0.06,
   0.05,
   0.06
  ],
  [
   0.05,
   0.07,
   0.3,
   0.07,
   0.06,
   0.06
  ],
  [
   0.07,
   0.06,
   0.07,
   0.3,
   0.07,
   0.05
  ],
  [
   0.06,
   0.05,
   0.06,
   0.07,
   0.3,
   0.07
  ],
  [
   0.06,
   0.06,
   0.06,
   0.05,
   0.07,
   0.3
  ]
 ],
 "chain_pair_pae_min": [
  [
   0.76,
   10.73,
   14.92,
   14.2,
   15.62,
   13.98
  ],
  [
   10.59,
   0.76,
   13.95,
   13.44,
   16.41,
   15.11
  ],
  [
   15.01,
   13.37,
   0.76,
   11.17,
   13.55,
   15.5
  ],
  [
   14.73,
   13.31,
   10.67,
   0.76,
   14.15,
   15.83
  ],
  [
   14.91,
   16.31,
   13.5,
   14.24,
   0.76,
   11.03
  ],
  [
   13.95,
   15.52,
   14.55,
   15.46,
   11.02,
   0.76
  ]
 ],
 "chain_ptm": [
  0.3,
  0.3,
  0.3,
  0.3,
  0.3,
  0.3
 ],
 "fraction_disordered": 0.9,
 "has_clash": 0.0,
 "iptm": 0.13,
 "num_recycles": 10.0,
 "ptm": 0.18,
 "ranking_score": 0.59
}