{
 "chain_iptm": [
  0.07,
  0.08,
  0.07,
  0.07,
  0.08,
  0.07
 ],
 "chain_pair_iptm": [
  [
   0.3,
   0.08,
   0.06,
   0.07,
   0.08,
   0.07
  ],
  [
   0.08,
   0.29,
   0.1,
   0.07,
   0.06,
   0.07
  ],
  [
   0.06,
   0.1,
   0.3,
   0.08,
   0.06,
   0.07
  ],
  [
   0.07,
   0.07,
   0.08,
   0.3,
   0.09,
   0.06
  ],
  [
   0.08,
   0.06,
   0.06,
   0.09,
   0.3,
   0.08
  ],
  [
   0.07,
   0.07,
   0.07,
   0.06,
   0.08,
   0.3
  ]
 ],
 "chain_pair_pae_min": [
  [
   0.76,
   9.34,
   12.57,
   13.73,
   13.16,
   13.53
  ],
  [
   9.55,
   0.76,
   10.73,
   13.11,
   13.97,
   13.6
  ],
  [
   12.31,
   10.37,
   0.76,
   9.87,
   13.14,
   14.3
  ],
  [
   13.25,
   12.77,
   9.6,
   0.77,
   11.27,
   13.33
  ],
  [
   13.61,
   13.89,
   12.95,
   10.69,
   0.77,
   9.99
  ],
  [
   13.67,
   13.4,
   14.02,
   13.25,
   9.85,
   0.76
  ]
 ],
 "chain_ptm": [
  0.3,
  0.29,
  0.3,
  0.3,
  0.3,
  0.3
 ],
 "fraction_disordered": 0.37,
 "has_clash": 0.0,
 "iptm": 0.15,
 "num_recycles": 10.0,
 "ptm": 0.2,
 "ranking_score": 0.34
}