{
 "chain_iptm": [
  0.07,
  0.07,
  0.07,
  0.07,
  0.07,
  0.06
 ],
 "chain_pair_iptm": [
  [
   0.3,
   0.07,
   0.07,
   0.07,
   0.07,
   0.05
  ],
  [
   0.07,
   0.3,
   0.08,
   0.05,
   0.05,
   0.07
  ],
  [
   0.07,
   0.08,
   0.3,
   0.07,
   0.06,
   0.06
  ],
  [
   0.07,
   0.05,
   0.07,
   0.3,
   0.09,
   0.05
  ],
  [
   0.07,
   0.05,
   0.06,
   0.09,
   0.3,
   0.07
  ],
  [
   0.05,
   0.07,
   0.06,
   0.05,
   0.07,
   0.3
  ]
 ],
 "chain_pair_pae_min": [
  [
   0.76,
   9.7,
   10.94,
   13.69,
   15.06,
   13.99
  ],
  [
   9.33,
   0.76,
   12.81,
   15.06,
   14.45,
   13.0
  ],
  [
   10.45,
   12.62,
   0.76,
   10.2,
   13.61,
   14.82
  ],
  [
   13.26,
   14.99,
   9.74,
   0.76,
   10.51,
   13.97
  ],
  [
   14.59,
   14.22,
   13.25,
   10.64,
   0.76,
   10.06
  ],
  [
   14.39,
   12.6,
   14.36,
   13.26,
   10.0,
   0.76
  ]
 ],
 "chain_ptm": [
  0.3,
  0.3,
  0.3,
  0.3,
  0.3,
  0.3
 ],
 "fraction_disordered": 0.94,
 "has_clash": 0.0,
 "iptm": 0.14,
 "num_recycles": 10.0,
 "ptm": 0.19,
 "ranking_score": 0.62
}