{
 "chain_iptm": [
  0.05,
  0.06,
  0.06,
  0.05,
  0.05,
  0.06,
  0.07,
  0.06,
  0.06,
  0.04
 ],
 "chain_pair_iptm": [
  [
   0.14,
   0.16,
   0.13,
   0.07,
   0.02,
   0.02,
   0.02,
   0.02,
   0.02,
   0.02
  ],
  [
   0.16,
   0.16,
   0.15,
   0.1,
   0.02,
   0.02,
   0.02,
   0.02,
   0.02,
   0.02
  ],
  [
   0.13,
   0.15,
   0.16,
   0.13,
   0.02,
   0.02,
   0.02,
   0.02,
   0.02,
   0.01
  ],
  [
   0.07,
   0.1,
   0.13,
   0.15,
   0.03,
   0.03,
   0.02,
   0.02,
   0.02,
   0.01
  ],
  [
   0.02,
   0.02,
   0.02,
   0.03,
   0.15,
   0.14,
   0.09,
   0.05,
   0.03,
   0.02
  ],
  [
   0.02,
   0.02,
   0.02,
   0.03,
   0.14,
   0.16,
   0.15,
   0.09,
   0.05,
   0.03
  ],
  [
   0.02,
   0.02,
   0.02,
   0.02,
   0.09,
   0.15,
   0.16,
   0.14,
   0.08,
   0.05
  ],
  [
   0.02,
   0.02,
   0.02,
   0.02,
   0.05,
   0.09,
   0.14,
   0.16,
   0.13,
   0.08
  ],
  [
   0.02,
   0.02,
   0.02,
   0.02,
   0.03,
   0.05,
   0.08,
   0.13,
   0.16,
   0.14
  ],
  [
   0.02,
   0.02,
   0.01,
   0.01,
   0.02,
   0.03,
   0.05,
   0.08,
   0.14,
   0.15
  ]
 ],
 "chain_pair_pae_min": [
  [
   0.76,
   5.74,
   9.03,
   17.32,
   25.53,
   25.76,
   25.72,
   25.76,
   26.21,
   26.36
  ],
  [
   6.2,
   0.76,
   6.54,
   14.0,
   24.11,
   24.53,
   24.53,
   25.16,
   26.49,
   26.82
  ],
  [
   9.0,
   6.8,
   0.76,
   9.56,
   21.75,
   22.53,
   24.43,
   26.02,
   27.0,
   27.6
  ],
  [
   17.49,
   12.2,
   8.14,
   0.76,
   16.55,
   19.93,
   23.67,
   25.43,
   27.2,
   27.96
  ],
  [
   24.63,
   21.89,
   20.24,
   16.74,
   0.76,
   7.44,
   12.82,
   19.74,
   24.27,
   26.07
  ],
  [
   25.26,
   23.61,
   22.9,
   20.92,
   7.9,
   0.76,
   7.3,
   15.16,
   20.95,
   24.45
  ],
  [
   25.41,
   24.54,
   24.59,
   23.61,
   14.41,
   6.74,
   0.76,
   7.26,
   16.46,
   21.16
  ],
  [
   25.14,
   25.0,
   25.37,
   25.04,
   20.79,
   13.86,
   6.57,
   0.76,
   7.49,
   17.08
  ],
  [
   24.31,
   24.64,
   25.84,
   26.45,
   23.4,
   20.52,
   14.58,
   7.17,
   0.76,
   8.03
  ],
  [
   24.52,
   25.57,
   26.95,
   27.62,
   25.46,
   23.01,
   19.41,
   14.29,
   7.14,
   0.76
  ]
 ],
 "chain_ptm": [
  0.14,
  0.16,
  0.16,
  0.15,
  0.15,
  0.16,
  0.16,
  0.16,
  0.16,
  0.15
 ],
 "fraction_disordered": 1.0,
 "has_clash": 0.0,
 "iptm": 0.15,
 "num_recycles": 10.0,
 "ptm": 0.18,
 "ranking_score": 0.66
}