{
 "chain_iptm": [
  0.05,
  0.06,
  0.06,
  0.06,
  0.04,
  0.05,
  0.06,
  0.06,
  0.05,
  0.04
 ],
 "chain_pair_iptm": [
  [
   0.14,
   0.14,
   0.11,
   0.06,
   0.04,
   0.02,
   0.02,
   0.02,
   0.02,
   0.02
  ],
  [
   0.14,
   0.15,
   0.14,
   0.09,
   0.05,
   0.02,
   0.02,
   0.02,
   0.02,
   0.02
  ],
  [
   0.11,
   0.14,
   0.16,
   0.13,
   0.07,
   0.02,
   0.02,
   0.02,
   0.02,
   0.02
  ],
  [
   0.06,
   0.09,
   0.13,
   0.16,
   0.12,
   0.03,
   0.02,
   0.02,
   0.02,
   0.02
  ],
  [
   0.04,
   0.05,
   0.07,
   0.12,
   0.15,
   0.03,
   0.03,
   0.02,
   0.02,
   0.02
  ],
  [
   0.02,
   0.02,
   0.02,
   0.03,
   0.03,
   0.16,
   0.14,
   0.09,
   0.05,
   0.03
  ],
  [
   0.02,
   0.02,
   0.02,
   0.02,
   0.03,
   0.14,
   0.17,
   0.14,
   0.07,
   0.05
  ],
  [
   0.02,
   0.02,
   0.02,
   0.02,
   0.02,
   0.09,
   0.14,
   0.16,
   0.12,
   0.07
  ],
  [
   0.02,
   0.02,
   0.02,
   0.02,
   0.02,
   0.05,
   0.07,
   0.12,
   0.16,
   0.12
  ],
  [
   0.02,
   0.02,
   0.02,
   0.02,
   0.02,
   0.03,
   0.05,
   0.07,
   0.12,
   0.15
  ]
 ],
 "chain_pair_pae_min": [
  [
   0.77,
   6.25,
   9.33,
   17.12,
   21.93,
   26.69,
   27.15,
   26.67,
   26.21,
   26.01
  ],
  [
   7.42,
   0.76,
   6.59,
   13.68,
   20.12,
   25.87,
   26.33,
   26.16,
   26.13,
   26.59
  ],
  [
   10.63,
   6.96,
   0.76,
   8.35,
   16.57,
   24.31,
   25.26,
   25.67,
   26.3,
   26.75
  ],
  [
   18.21,
   13.67,
   8.05,
   0.76,
   9.59,
   21.47,
   23.07,
   24.72,
   25.97,
   26.4
  ],
  [
   22.18,
   20.25,
   15.48,
   8.08,
   0.77,
   17.44,
   20.33,
   23.03,
   25.36,
   26.61
  ],
  [
   27.11,
   25.6,
   23.11,
   20.51,
   16.82,
   0.76,
   6.48,
   13.77,
   20.18,
   23.42
  ],
  [
   27.3,
   26.11,
   24.35,
   23.02,
   20.87,
   7.65,
   0.76,
   7.11,
   16.09,
   20.62
  ],
  [
   26.78,
   25.66,
   25.42,
   25.0,
   23.56,
   14.6,
   6.92,
   0.76,
   8.14,
   17.0
  ],
  [
   26.22,
   25.64,
   25.68,
   25.83,
   25.44,
   21.36,
   14.63,
   7.82,
   0.76,
   8.1
  ],
  [
   25.49,
   24.33,
   24.58,
   25.91,
   26.46,
   23.95,
   20.29,
   15.03,
   7.42,
   0.76
  ]
 ],
 "chain_ptm": [
  0.14,
  0.15,
  0.16,
  0.16,
  0.15,
  0.16,
  0.17,
  0.16,
  0.16,
  0.15
 ],
 "fraction_disordered": 1.0,
 "has_clash": 0.0,
 "iptm": 0.14,
 "num_recycles": 10.0,
 "ptm": 0.17,
 "ranking_score": 0.65
}