{
 "chain_iptm": [
  0.07,
  0.08,
  0.08,
  0.08,
  0.06,
  0.06,
  0.07,
  0.07,
  0.07,
  0.05
 ],
 "chain_pair_iptm": [
  [
   0.15,
   0.18,
   0.16,
   0.11,
   0.06,
   0.02,
   0.02,
   0.02,
   0.02,
   0.02
  ],
  [
   0.18,
   0.17,
   0.19,
   0.14,
   0.08,
   0.02,
   0.02,
   0.02,
   0.02,
   0.02
  ],
  [
   0.16,
   0.19,
   0.17,
   0.18,
   0.11,
   0.02,
   0.02,
   0.02,
   0.02,
   0.02
  ],
  [
   0.11,
   0.14,
   0.18,
   0.18,
   0.15,
   0.03,
   0.03,
   0.02,
   0.02,
   0.02
  ],
  [
   0.06,
   0.08,
   0.11,
   0.15,
   0.15,
   0.04,
   0.03,
   0.02,
   0.02,
   0.02
  ],
  [
   0.02,
   0.02,
   0.02,
   0.03,
   0.04,
   0.16,
   0.16,
   0.11,
   0.07,
   0.05
  ],
  [
   0.02,
   0.02,
   0.02,
   0.03,
   0.03,
   0.16,
   0.18,
   0.17,
   0.11,
   0.07
  ],
  [
   0.02,
   0.02,
   0.02,
   0.02,
   0.02,
   0.11,
   0.17,
   0.18,
   0.17,
   0.11
  ],
  [
   0.02,
   0.02,
   0.02,
   0.02,
   0.02,
   0.07,
   0.11,
   0.17,
   0.18,
   0.16
  ],
  [
   0.02,
   0.02,
   0.02,
   0.02,
   0.02,
   0.05,
   0.07,
   0.11,
   0.16,
   0.16
  ]
 ],
 "chain_pair_pae_min": [
  [
   0.76,
   4.83,
   7.25,
   12.96,
   18.65,
   24.84,
   25.03,
   25.02,
   25.13,
   24.87
  ],
  [
   5.57,
   0.76,
   5.0,
   10.77,
   17.5,
   24.62,
   24.37,
   24.78,
   25.23,
   25.57
  ],
  [
   8.2,
   5.15,
   0.76,
   5.85,
   14.53,
   22.88,
   23.13,
   23.99,
   25.31,
   26.02
  ],
  [
   13.95,
   10.98,
   6.03,
   0.76,
   8.16,
   19.02,
   21.92,
   23.53,
   25.46,
   26.48
  ],
  [
   19.08,
   17.29,
   13.29,
   6.92,
   0.76,
   14.86,
   18.95,
   22.83,
   25.47,
   26.74
  ],
  [
   26.17,
   24.62,
   22.04,
   18.24,
   14.61,
   0.76,
   6.91,
   13.36,
   18.54,
   21.2
  ],
  [
   26.34,
   24.73,
   23.44,
   21.4,
   19.43,
   7.38,
   0.76,
   6.48,
   14.55,
   18.24
  ],
  [
   25.15,
   24.45,
   23.84,
   23.35,
   23.05,
   14.54,
   6.27,
   0.76,
   7.03,
   14.87
  ],
  [
   24.54,
   24.43,
   24.65,
   24.67,
   25.2,
   19.64,
   14.14,
   6.91,
   0.76,
   7.79
  ],
  [
   23.54,
   23.36,
   23.95,
   25.51,
   26.02,
   21.21,
   17.84,
   12.74,
   6.65,
   0.76
  ]
 ],
 "chain_ptm": [
  0.15,
  0.17,
  0.17,
  0.18,
  0.15,
  0.16,
  0.18,
  0.18,
  0.18,
  0.16
 ],
 "fraction_disordered": 1.0,
 "has_clash": 0.0,
 "iptm": 0.18,
 "num_recycles": 10.0,
 "ptm": 0.2,
 "ranking_score": 0.68
}