{
 "chain_iptm": [
  0.06,
  0.07,
  0.08,
  0.09,
  0.09,
  0.09,
  0.09,
  0.09,
  0.08,
  0.06
 ],
 "chain_pair_iptm": [
  [
   0.14,
   0.16,
   0.14,
   0.08,
   0.05,
   0.03,
   0.02,
   0.02,
   0.02,
   0.01
  ],
  [
   0.16,
   0.15,
   0.17,
   0.11,
   0.06,
   0.04,
   0.03,
   0.02,
   0.02,
   0.02
  ],
  [
   0.14,
   0.17,
   0.17,
   0.16,
   0.1,
   0.06,
   0.04,
   0.03,
   0.02,
   0.02
  ],
  [
   0.08,
   0.11,
   0.16,
   0.18,
   0.17,
   0.11,
   0.07,
   0.05,
   0.03,
   0.02
  ],
  [
   0.05,
   0.06,
   0.1,
   0.17,
   0.18,
   0.17,
   0.11,
   0.07,
   0.05,
   0.03
  ],
  [
   0.03,
   0.04,
   0.06,
   0.11,
   0.17,
   0.18,
   0.18,
   0.12,
   0.08,
   0.05
  ],
  [
   0.02,
   0.03,
   0.04,
   0.07,
   0.11,
   0.18,
   0.18,
   0.19,
   0.12,
   0.08
  ],
  [
   0.02,
   0.02,
   0.03,
   0.05,
   0.07,
   0.12,
   0.19,
   0.19,
   0.19,
   0.12
  ],
  [
   0.02,
   0.02,
   0.02,
   0.03,
   0.05,
   0.08,
   0.12,
   0.19,
   0.18,
   0.18
  ],
  [
   0.01,
   0.02,
   0.02,
   0.02,
   0.03,
   0.05,
   0.08,
   0.12,
   0.18,
   0.16
  ]
 ],
 "chain_pair_pae_min": [
  [
   0.76,
   5.57,
   7.9,
   15.12,
   20.87,
   23.37,
   24.91,
   26.58,
   27.82,
   28.75
  ],
  [
   6.04,
   0.76,
   6.38,
   12.88,
   19.14,
   22.75,
   24.42,
   25.95,
   26.94,
   27.93
  ],
  [
   9.26,
   6.27,
   0.76,
   6.98,
   15.04,
   19.82,
   22.98,
   24.76,
   26.06,
   27.55
  ],
  [
   16.79,
   13.51,
   6.32,
   0.76,
   6.89,
   14.64,
   19.13,
   22.6,
   24.73,
   26.33
  ],
  [
   20.6,
   19.11,
   14.8,
   5.94,
   0.76,
   6.26,
   13.7,
   18.57,
   22.23,
   24.47
  ],
  [
   23.34,
   22.28,
   19.87,
   14.29,
   5.86,
   0.76,
   5.94,
   13.42,
   18.42,
   21.94
  ],
  [
   25.34,
   24.17,
   22.46,
   18.95,
   12.91,
   5.35,
   0.76,
   5.85,
   13.25,
   18.17
  ],
  [
   26.53,
   25.41,
   23.65,
   21.4,
   18.08,
   12.44,
   5.34,
   0.76,
   6.15,
   13.68
  ],
  [
   27.41,
   26.5,
   25.26,
   23.04,
   21.02,
   17.87,
   12.48,
   5.61,
   0.76,
   6.79
  ],
  [
   28.61,
   27.67,
   26.52,
   24.65,
   22.75,
   20.7,
   17.11,
   11.32,
   6.29,
   0.76
  ]
 ],
 "chain_ptm": [
  0.14,
  0.15,
  0.17,
  0.18,
  0.18,
  0.18,
  0.18,
  0.19,
  0.18,
  0.16
 ],
 "fraction_disordered": 1.0,
 "has_clash": 0.0,
 "iptm": 0.21,
 "num_recycles": 10.0,
 "ptm": 0.23,
 "ranking_score": 0.71
}