{
 "chain_iptm": [
  0.06,
  0.06,
  0.06,
  0.05,
  0.05,
  0.07,
  0.08,
  0.08,
  0.07,
  0.05
 ],
 "chain_pair_iptm": [
  [
   0.15,
   0.18,
   0.14,
   0.09,
   0.02,
   0.02,
   0.02,
   0.02,
   0.02,
   0.02
  ],
  [
   0.18,
   0.16,
   0.17,
   0.11,
   0.02,
   0.02,
   0.02,
   0.02,
   0.02,
   0.02
  ],
  [
   0.14,
   0.17,
   0.16,
   0.15,
   0.02,
   0.02,
   0.02,
   0.02,
   0.02,
   0.02
  ],
  [
   0.09,
   0.11,
   0.15,
   0.15,
   0.02,
   0.02,
   0.02,
   0.02,
   0.02,
   0.02
  ],
  [
   0.02,
   0.02,
   0.02,
   0.02,
   0.16,
   0.16,
   0.11,
   0.07,
   0.04,
   0.03
  ],
  [
   0.02,
   0.02,
   0.02,
   0.02,
   0.16,
   0.17,
   0.17,
   0.11,
   0.07,
   0.04
  ],
  [
   0.02,
   0.02,
   0.02,
   0.02,
   0.11,
   0.17,
   0.18,
   0.16,
   0.1,
   0.07
  ],
  [
   0.02,
   0.02,
   0.02,
   0.02,
   0.07,
   0.11,
   0.16,
   0.18,
   0.16,
   0.11
  ],
  [
   0.02,
   0.02,
   0.02,
   0.02,
   0.04,
   0.07,
   0.1,
   0.16,
   0.18,
   0.16
  ],
  [
   0.02,
   0.02,
   0.02,
   0.02,
   0.03,
   0.04,
   0.07,
   0.11,
   0.16,
   0.16
  ]
 ],
 "chain_pair_pae_min": [
  [
   0.76,
   5.08,
   8.2,
   14.57,
   23.41,
   23.88,
   24.69,
   25.93,
   26.81,
   27.38
  ],
  [
   5.73,
   0.76,
   5.97,
   12.87,
   23.29,
   23.52,
   24.33,
   25.32,
   26.37,
   27.02
  ],
  [
   8.66,
   6.45,
   0.76,
   7.93,
   23.3,
   23.56,
   23.49,
   24.6,
   25.73,
   26.97
  ],
  [
   14.88,
   11.68,
   7.26,
   0.76,
   23.89,
   23.87,
   23.71,
   23.76,
   24.96,
   26.24
  ],
  [
   22.17,
   22.51,
   22.91,
   23.86,
   0.76,
   7.16,
   14.24,
   18.95,
   22.23,
   24.81
  ],
  [
   23.6,
   22.92,
   23.59,
   23.31,
   8.07,
   0.76,
   7.26,
   15.13,
   20.09,
   22.34
  ],
  [
   25.22,
   24.03,
   23.31,
   23.68,
   14.96,
   6.98,
   0.76,
   7.11,
   15.02,
   19.64
  ],
  [
   26.08,
   25.0,
   23.84,
   23.28,
   19.92,
   14.65,
   6.75,
   0.76,
   7.09,
   15.46
  ],
  [
   26.38,
   25.34,
   24.49,
   23.55,
   22.29,
   19.7,
   14.94,
   7.11,
   0.76,
   7.61
  ],
  [
   26.75,
   26.15,
   24.9,
   23.87,
   24.21,
   21.68,
   18.4,
   13.55,
   6.66,
   0.76
  ]
 ],
 "chain_ptm": [
  0.15,
  0.16,
  0.16,
  0.15,
  0.16,
  0.17,
  0.18,
  0.18,
  0.18,
  0.16
 ],
 "fraction_disordered": 1.0,
 "has_clash": 0.0,
 "iptm": 0.17,
 "num_recycles": 10.0,
 "ptm": 0.19,
 "ranking_score": 0.67
}