{
 "chain_iptm": [
  0.14,
  0.15,
  0.15,
  0.13,
  0.1,
  0.12,
  0.13,
  0.13,
  0.1,
  0.08,
  0.07
 ],
 "chain_pair_iptm": [
  [
   0.17,
   0.35,
   0.28,
   0.2,
   0.07,
   0.07,
   0.08,
   0.07,
   0.06,
   0.05,
   0.14
  ],
  [
   0.35,
   0.18,
   0.34,
   0.25,
   0.08,
   0.08,
   0.09,
   0.08,
   0.06,
   0.04,
   0.12
  ],
  [
   0.28,
   0.34,
   0.17,
   0.33,
   0.09,
   0.09,
   0.09,
   0.08,
   0.06,
   0.04,
   0.09
  ],
  [
   0.2,
   0.25,
   0.33,
   0.16,
   0.09,
   0.09,
   0.08,
   0.07,
   0.05,
   0.04,
   0.07
  ],
  [
   0.07,
   0.08,
   0.09,
   0.09,
   0.15,
   0.27,
   0.19,
   0.11,
   0.07,
   0.04,
   0.04
  ],
  [
   0.07,
   0.08,
   0.09,
   0.09,
   0.27,
   0.16,
   0.25,
   0.17,
   0.1,
   0.06,
   0.04
  ],
  [
   0.08,
   0.09,
   0.09,
   0.08,
   0.19,
   0.25,
   0.15,
   0.24,
   0.14,
   0.09,
   0.05
  ],
  [
   0.07,
   0.08,
   0.08,
   0.07,
   0.11,
   0.17,
   0.24,
   0.15,
   0.24,
   0.14,
   0.05
  ],
  [
   0.06,
   0.06,
   0.06,
   0.05,
   0.07,
   0.1,
   0.14,
   0.24,
   0.15,
   0.23,
   0.06
  ],
  [
   0.05,
   0.04,
   0.04,
   0.04,
   0.04,
   0.06,
   0.09,
   0.14,
   0.23,
   0.14,
   0.06
  ],
  [
   0.14,
   0.12,
   0.09,
   0.07,
   0.04,
   0.04,
   0.05,
   0.05,
   0.06,
   0.06,
   0.14
  ]
 ],
 "chain_pair_pae_min": [
  [
   0.76,
   3.13,
   4.31,
   8.01,
   12.94,
   12.26,
   12.33,
   11.84,
   14.48,
   15.86,
   12.59
  ],
  [
   3.28,
   0.76,
   3.32,
   5.89,
   11.43,
   11.08,
   10.32,
   10.76,
   14.55,
   16.52,
   14.79
  ],
  [
   4.39,
   3.59,
   0.76,
   4.79,
   9.96,
   10.45,
   10.0,
   12.8,
   14.89,
   17.24,
   16.01
  ],
  [
   8.08,
   5.3,
   4.17,
   0.76,
   8.12,
   8.26,
   10.54,
   13.63,
   15.83,
   17.78,
   16.86
  ],
  [
   13.88,
   11.44,
   9.42,
   7.69,
   0.76,
   4.63,
   6.63,
   11.16,
   14.75,
   17.87,
   18.24
  ],
  [
   13.63,
   11.52,
   10.53,
   8.81,
   5.18,
   0.76,
   4.67,
   7.3,
   12.46,
   15.71,
   16.81
  ],
  [
   13.38,
   11.36,
   11.44,
   11.19,
   8.15,
   5.23,
   0.76,
   4.74,
   8.56,
   13.25,
   14.62
  ],
  [
   13.84,
   13.19,
   12.99,
   12.64,
   12.11,
   8.27,
   5.44,
   0.76,
   5.45,
   9.53,
   13.58
  ],
  [
   14.56,
   14.72,
   15.5,
   14.43,
   14.9,
   12.72,
   8.5,
   5.17,
   0.76,
   6.68,
   11.32
  ],
  [
   13.64,
   16.02,
   17.04,
   16.92,
   17.83,
   15.75,
   12.44,
   8.77,
   5.47,
   0.76,
   9.36
  ],
  [
   10.33,
   11.75,
   15.53,
   17.56,
   19.27,
   17.6,
   14.7,
   12.95,
   11.28,
   9.72,
   0.76
  ]
 ],
 "chain_ptm": [
  0.17,
  0.18,
  0.17,
  0.16,
  0.15,
  0.16,
  0.15,
  0.15,
  0.15,
  0.14,
  0.14
 ],
 "fraction_disordered": 1.0,
 "has_clash": 0.0,
 "iptm": 0.32,
 "num_recycles": 10.0,
 "ptm": 0.35,
 "ranking_score": 0.82
}