{
 "chain_iptm": [
  0.12,
  0.12,
  0.1,
  0.11,
  0.13,
  0.13,
  0.13,
  0.11,
  0.08,
  0.1,
  0.1
 ],
 "chain_pair_iptm": [
  [
   0.15,
   0.29,
   0.22,
   0.1,
   0.1,
   0.1,
   0.07,
   0.06,
   0.05,
   0.08,
   0.13
  ],
  [
   0.29,
   0.15,
   0.28,
   0.1,
   0.09,
   0.09,
   0.07,
   0.05,
   0.04,
   0.06,
   0.09
  ],
  [
   0.22,
   0.28,
   0.14,
   0.1,
   0.09,
   0.08,
   0.06,
   0.04,
   0.03,
   0.05,
   0.07
  ],
  [
   0.1,
   0.1,
   0.1,
   0.14,
   0.26,
   0.17,
   0.12,
   0.08,
   0.03,
   0.04,
   0.05
  ],
  [
   0.1,
   0.09,
   0.09,
   0.26,
   0.15,
   0.25,
   0.18,
   0.12,
   0.05,
   0.05,
   0.07
  ],
  [
   0.1,
   0.09,
   0.08,
   0.17,
   0.25,
   0.15,
   0.26,
   0.18,
   0.06,
   0.07,
   0.08
  ],
  [
   0.07,
   0.07,
   0.06,
   0.12,
   0.18,
   0.26,
   0.15,
   0.28,
   0.08,
   0.08,
   0.09
  ],
  [
   0.06,
   0.05,
   0.04,
   0.08,
   0.12,
   0.18,
   0.28,
   0.15,
   0.09,
   0.09,
   0.08
  ],
  [
   0.05,
   0.04,
   0.03,
   0.03,
   0.05,
   0.06,
   0.08,
   0.09,
   0.14,
   0.24,
   0.15
  ],
  [
   0.08,
   0.06,
   0.05,
   0.04,
   0.05,
   0.07,
   0.08,
   0.09,
   0.24,
   0.15,
   0.22
  ],
  [
   0.13,
   0.09,
   0.07,
   0.05,
   0.07,
   0.08,
   0.09,
   0.08,
   0.15,
   0.22,
   0.14
  ]
 ],
 "chain_pair_pae_min": [
  [
   0.76,
   3.98,
   5.7,
   9.78,
   9.03,
   10.47,
   13.42,
   16.12,
   17.49,
   15.61,
   12.65
  ],
  [
   4.23,
   0.76,
   3.76,
   8.1,
   8.49,
   11.05,
   13.68,
   16.57,
   19.39,
   17.89,
   14.61
  ],
  [
   4.69,
   3.81,
   0.76,
   6.96,
   8.05,
   11.23,
   14.31,
   17.25,
   19.78,
   18.34,
   16.5
  ],
  [
   9.55,
   7.3,
   8.04,
   0.76,
   4.7,
   7.21,
   10.78,
   14.73,
   18.17,
   17.34,
   15.39
  ],
  [
   9.9,
   9.81,
   9.76,
   5.73,
   0.76,
   4.89,
   7.31,
   11.83,
   15.48,
   14.72,
   13.29
  ],
  [
   10.15,
   10.9,
   11.55,
   8.53,
   5.57,
   0.76,
   4.72,
   8.37,
   13.03,
   12.39,
   11.67
  ],
  [
   12.21,
   12.63,
   13.74,
   11.49,
   7.49,
   4.92,
   0.76,
   4.51,
   10.05,
   10.56,
   10.85
  ],
  [
   14.41,
   14.51,
   15.29,
   13.69,
   10.52,
   7.07,
   4.32,
   0.76,
   7.43,
   8.8,
   10.78
  ],
  [
   16.72,
   18.47,
   20.0,
   18.23,
   15.72,
   13.24,
   9.33,
   7.01,
   0.76,
   4.49,
   9.21
  ],
  [
   13.98,
   16.7,
   18.53,
   17.77,
   15.23,
   12.19,
   10.48,
   9.61,
   5.69,
   0.76,
   6.84
  ],
  [
   11.26,
   13.04,
   16.8,
   16.66,
   13.81,
   11.36,
   10.84,
   12.15,
   9.9,
   7.07,
   0.76
  ]
 ],
 "chain_ptm": [
  0.15,
  0.15,
  0.14,
  0.14,
  0.15,
  0.15,
  0.15,
  0.15,
  0.14,
  0.15,
  0.14
 ],
 "fraction_disordered": 1.0,
 "has_clash": 0.0,
 "iptm": 0.31,
 "num_recycles": 10.0,
 "ptm": 0.34,
 "ranking_score": 0.82
}