{
 "chain_iptm": [
  0.11,
  0.13,
  0.14,
  0.14,
  0.12,
  0.12,
  0.14,
  0.15,
  0.14,
  0.11,
  0.07
 ],
 "chain_pair_iptm": [
  [
   0.14,
   0.29,
   0.23,
   0.16,
   0.11,
   0.06,
   0.07,
   0.07,
   0.06,
   0.05,
   0.04
  ],
  [
   0.29,
   0.15,
   0.29,
   0.22,
   0.14,
   0.07,
   0.08,
   0.08,
   0.07,
   0.06,
   0.04
  ],
  [
   0.23,
   0.29,
   0.15,
   0.29,
   0.19,
   0.08,
   0.09,
   0.09,
   0.07,
   0.05,
   0.04
  ],
  [
   0.16,
   0.22,
   0.29,
   0.16,
   0.29,
   0.1,
   0.1,
   0.09,
   0.07,
   0.05,
   0.03
  ],
  [
   0.11,
   0.14,
   0.19,
   0.29,
   0.15,
   0.11,
   0.1,
   0.08,
   0.06,
   0.05,
   0.03
  ],
  [
   0.06,
   0.07,
   0.08,
   0.1,
   0.11,
   0.15,
   0.29,
   0.22,
   0.14,
   0.09,
   0.05
  ],
  [
   0.07,
   0.08,
   0.09,
   0.1,
   0.1,
   0.29,
   0.16,
   0.31,
   0.21,
   0.13,
   0.07
  ],
  [
   0.07,
   0.08,
   0.09,
   0.09,
   0.08,
   0.22,
   0.31,
   0.16,
   0.29,
   0.18,
   0.09
  ],
  [
   0.06,
   0.07,
   0.07,
   0.07,
   0.06,
   0.14,
   0.21,
   0.29,
   0.16,
   0.25,
   0.14
  ],
  [
   0.05,
   0.06,
   0.05,
   0.05,
   0.05,
   0.09,
   0.13,
   0.18,
   0.25,
   0.14,
   0.22
  ],
  [
   0.04,
   0.04,
   0.04,
   0.03,
   0.03,
   0.05,
   0.07,
   0.09,
   0.14,
   0.22,
   0.13
  ]
 ],
 "chain_pair_pae_min": [
  [
   0.76,
   3.84,
   5.01,
   8.55,
   11.34,
   15.04,
   15.34,
   15.4,
   15.13,
   14.79,
   15.91
  ],
  [
   3.98,
   0.76,
   4.27,
   6.11,
   9.99,
   13.45,
   13.92,
   13.43,
   13.39,
   15.96,
   17.65
  ],
  [
   5.16,
   4.72,
   0.76,
   5.19,
   7.31,
   12.51,
   12.53,
   12.01,
   14.73,
   16.94,
   18.44
  ],
  [
   9.56,
   6.68,
   5.2,
   0.76,
   3.99,
   9.8,
   10.7,
   12.39,
   14.7,
   17.07,
   18.71
  ],
  [
   11.48,
   10.28,
   6.95,
   3.91,
   0.76,
   7.62,
   9.15,
   12.33,
   14.99,
   17.27,
   19.44
  ],
  [
   15.15,
   12.96,
   11.48,
   9.07,
   8.06,
   0.76,
   3.66,
   5.78,
   10.28,
   13.98,
   17.44
  ],
  [
   15.28,
   13.06,
   11.36,
   10.58,
   9.36,
   4.27,
   0.76,
   3.75,
   6.32,
   11.47,
   15.6
  ],
  [
   15.14,
   13.11,
   12.03,
   11.78,
   11.29,
   7.0,
   3.64,
   0.76,
   4.05,
   8.73,
   13.65
  ],
  [
   15.18,
   13.27,
   14.67,
   14.06,
   13.72,
   10.8,
   7.02,
   4.12,
   0.76,
   5.38,
   11.17
  ],
  [
   13.44,
   15.05,
   16.57,
   16.7,
   16.01,
   14.09,
   11.6,
   8.72,
   5.14,
   0.76,
   5.94
  ],
  [
   13.93,
   16.26,
   18.65,
   19.32,
   19.73,
   18.69,
   16.38,
   14.3,
   10.23,
   5.61,
   0.76
  ]
 ],
 "chain_ptm": [
  0.14,
  0.15,
  0.15,
  0.16,
  0.15,
  0.15,
  0.16,
  0.16,
  0.16,
  0.14,
  0.13
 ],
 "fraction_disordered": 1.0,
 "has_clash": 0.0,
 "iptm": 0.33,
 "num_recycles": 10.0,
 "ptm": 0.36,
 "ranking_score": 0.83
}