{
 "chain_iptm": [
  0.16,
  0.16,
  0.14,
  0.13,
  0.16,
  0.18,
  0.17,
  0.15,
  0.11,
  0.09,
  0.11
 ],
 "chain_pair_iptm": [
  [
   0.16,
   0.34,
   0.28,
   0.12,
   0.14,
   0.15,
   0.14,
   0.1,
   0.08,
   0.11,
   0.18
  ],
  [
   0.34,
   0.17,
   0.33,
   0.13,
   0.14,
   0.15,
   0.13,
   0.1,
   0.07,
   0.08,
   0.14
  ],
  [
   0.28,
   0.33,
   0.16,
   0.13,
   0.14,
   0.14,
   0.12,
   0.08,
   0.06,
   0.07,
   0.1
  ],
  [
   0.12,
   0.13,
   0.13,
   0.15,
   0.29,
   0.21,
   0.15,
   0.1,
   0.07,
   0.05,
   0.06
  ],
  [
   0.14,
   0.14,
   0.14,
   0.29,
   0.16,
   0.3,
   0.22,
   0.14,
   0.1,
   0.06,
   0.08
  ],
  [
   0.15,
   0.15,
   0.14,
   0.21,
   0.3,
   0.16,
   0.3,
   0.21,
   0.13,
   0.08,
   0.09
  ],
  [
   0.14,
   0.13,
   0.12,
   0.15,
   0.22,
   0.3,
   0.16,
   0.29,
   0.19,
   0.09,
   0.1
  ],
  [
   0.1,
   0.1,
   0.08,
   0.1,
   0.14,
   0.21,
   0.29,
   0.16,
   0.27,
   0.09,
   0.09
  ],
  [
   0.08,
   0.07,
   0.06,
   0.07,
   0.1,
   0.13,
   0.19,
   0.27,
   0.15,
   0.09,
   0.08
  ],
  [
   0.11,
   0.08,
   0.07,
   0.05,
   0.06,
   0.08,
   0.09,
   0.09,
   0.09,
   0.14,
   0.21
  ],
  [
   0.18,
   0.14,
   0.1,
   0.06,
   0.08,
   0.09,
   0.1,
   0.09,
   0.08,
   0.21,
   0.14
  ]
 ],
 "chain_pair_pae_min": [
  [
   0.76,
   3.17,
   4.63,
   10.11,
   8.66,
   7.77,
   8.32,
   11.28,
   14.46,
   13.46,
   10.12
  ],
  [
   3.4,
   0.76,
   3.73,
   8.17,
   7.37,
   7.66,
   9.52,
   12.27,
   15.07,
   15.25,
   12.43
  ],
  [
   4.22,
   3.9,
   0.76,
   7.09,
   6.61,
   8.1,
   10.4,
   13.0,
   15.51,
   15.54,
   13.24
  ],
  [
   9.57,
   7.39,
   6.94,
   0.76,
   4.1,
   6.0,
   9.72,
   12.65,
   16.04,
   16.65,
   14.93
  ],
  [
   8.76,
   7.97,
   7.85,
   4.84,
   0.76,
   3.96,
   5.65,
   9.71,
   13.24,
   14.03,
   13.26
  ],
  [
   7.9,
   8.55,
   9.42,
   7.52,
   3.91,
   0.76,
   3.88,
   6.5,
   11.21,
   12.12,
   11.22
  ],
  [
   8.92,
   10.07,
   10.8,
   10.73,
   6.47,
   3.64,
   0.76,
   4.0,
   8.04,
   10.89,
   10.42
  ],
  [
   11.59,
   12.38,
   12.15,
   12.38,
   10.04,
   6.47,
   4.05,
   0.76,
   5.04,
   8.93,
   10.18
  ],
  [
   13.16,
   14.72,
   15.35,
   15.33,
   13.04,
   10.34,
   7.06,
   4.44,
   0.76,
   7.63,
   9.91
  ],
  [
   11.81,
   15.54,
   17.18,
   18.28,
   15.42,
   13.41,
   10.46,
   8.59,
   8.26,
   0.76,
   5.54
  ],
  [
   8.89,
   11.82,
   14.84,
   17.04,
   14.13,
   11.18,
   10.12,
   9.65,
   10.42,
   6.82,
   0.76
  ]
 ],
 "chain_ptm": [
  0.16,
  0.17,
  0.16,
  0.15,
  0.16,
  0.16,
  0.16,
  0.16,
  0.15,
  0.14,
  0.14
 ],
 "fraction_disordered": 1.0,
 "has_clash": 0.0,
 "iptm": 0.37,
 "num_recycles": 10.0,
 "ptm": 0.4,
 "ranking_score": 0.88
}