{
 "chain_iptm": [
  0.08,
  0.08,
  0.08,
  0.07,
  0.06,
  0.07,
  0.07,
  0.07,
  0.06,
  0.05,
  0.05
 ],
 "chain_pair_iptm": [
  [
   0.11,
   0.22,
   0.17,
   0.11,
   0.04,
   0.04,
   0.04,
   0.03,
   0.03,
   0.02,
   0.09
  ],
  [
   0.22,
   0.12,
   0.21,
   0.14,
   0.05,
   0.04,
   0.04,
   0.03,
   0.03,
   0.02,
   0.08
  ],
  [
   0.17,
   0.21,
   0.12,
   0.19,
   0.06,
   0.05,
   0.04,
   0.03,
   0.02,
   0.02,
   0.06
  ],
  [
   0.11,
   0.14,
   0.19,
   0.11,
   0.06,
   0.05,
   0.04,
   0.03,
   0.02,
   0.01,
   0.04
  ],
  [
   0.04,
   0.05,
   0.06,
   0.06,
   0.1,
   0.16,
   0.1,
   0.06,
   0.04,
   0.02,
   0.02
  ],
  [
   0.04,
   0.04,
   0.05,
   0.05,
   0.16,
   0.11,
   0.15,
   0.1,
   0.05,
   0.03,
   0.03
  ],
  [
   0.04,
   0.04,
   0.04,
   0.04,
   0.1,
   0.15,
   0.11,
   0.15,
   0.09,
   0.05,
   0.03
  ],
  [
   0.03,
   0.03,
   0.03,
   0.03,
   0.06,
   0.1,
   0.15,
   0.11,
   0.15,
   0.1,
   0.04
  ],
  [
   0.03,
   0.03,
   0.02,
   0.02,
   0.04,
   0.05,
   0.09,
   0.15,
   0.11,
   0.16,
   0.04
  ],
  [
   0.02,
   0.02,
   0.02,
   0.01,
   0.02,
   0.03,
   0.05,
   0.1,
   0.16,
   0.11,
   0.04
  ],
  [
   0.09,
   0.08,
   0.06,
   0.04,
   0.02,
   0.03,
   0.03,
   0.04,
   0.04,
   0.04,
   0.11
  ]
 ],
 "chain_pair_pae_min": [
  [
   0.76,
   4.17,
   6.15,
   11.75,
   17.3,
   16.71,
   16.74,
   16.75,
   18.72,
   21.05,
   12.44
  ],
  [
   4.14,
   0.76,
   5.03,
   9.12,
   14.7,
   15.51,
   16.36,
   17.78,
   19.93,
   22.32,
   15.02
  ],
  [
   7.02,
   5.06,
   0.76,
   6.89,
   11.75,
   14.13,
   16.68,
   18.91,
   20.74,
   22.66,
   17.11
  ],
  [
   11.85,
   8.19,
   6.1,
   0.76,
   9.81,
   13.59,
   16.92,
   19.0,
   20.86,
   23.67,
   19.22
  ],
  [
   17.38,
   15.64,
   12.67,
   9.39,
   0.76,
   6.0,
   8.92,
   13.77,
   17.89,
   21.97,
   19.94
  ],
  [
   16.56,
   15.1,
   14.74,
   13.89,
   6.72,
   0.76,
   6.82,
   9.91,
   15.07,
   19.88,
   19.01
  ],
  [
   16.66,
   16.3,
   16.98,
   18.02,
   10.3,
   7.3,
   0.76,
   6.87,
   10.29,
   16.13,
   17.24
  ],
  [
   17.68,
   18.19,
   19.08,
   20.25,
   14.64,
   9.47,
   6.82,
   0.76,
   7.21,
   12.57,
   15.92
  ],
  [
   19.12,
   20.46,
   21.82,
   22.67,
   18.72,
   14.77,
   9.71,
   7.63,
   0.76,
   7.44,
   13.97
  ],
  [
   19.64,
   22.44,
   23.68,
   25.24,
   22.03,
   18.96,
   15.55,
   10.02,
   6.99,
   0.76,
   13.68
  ],
  [
   11.79,
   14.67,
   17.69,
   19.97,
   20.91,
   19.55,
   17.56,
   14.99,
   13.93,
   13.91,
   0.76
  ]
 ],
 "chain_ptm": [
  0.11,
  0.12,
  0.12,
  0.11,
  0.1,
  0.11,
  0.11,
  0.11,
  0.11,
  0.11,
  0.11
 ],
 "fraction_disordered": 1.0,
 "has_clash": 0.0,
 "iptm": 0.23,
 "num_recycles": 10.0,
 "ptm": 0.26,
 "ranking_score": 0.73
}