{
 "chain_iptm": [
  0.19,
  0.23,
  0.24,
  0.25,
  0.24,
  0.22,
  0.19
 ],
 "chain_pair_iptm": [
  [
   0.1,
   0.28,
   0.25,
   0.2,
   0.17,
   0.13,
   0.1
  ],
  [
   0.28,
   0.11,
   0.3,
   0.25,
   0.21,
   0.18,
   0.14
  ],
  [
   0.25,
   0.3,
   0.11,
   0.28,
   0.25,
   0.21,
   0.17
  ],
  [
   0.2,
   0.25,
   0.28,
   0.11,
   0.3,
   0.25,
   0.21
  ],
  [
   0.17,
   0.21,
   0.25,
   0.3,
   0.11,
   0.29,
   0.24
  ],
  [
   0.13,
   0.18,
   0.21,
   0.25,
   0.29,
   0.11,
   0.28
  ],
  [
   0.1,
   0.14,
   0.17,
   0.21,
   0.24,
   0.28,
   0.11
  ]
 ],
 "chain_pair_pae_min": [
  [
   0.76,
   4.41,
   6.28,
   7.34,
   8.91,
   11.19,
   11.79
  ],
  [
   4.93,
   0.76,
   3.21,
   5.38,
   6.64,
   8.59,
   10.34
  ],
  [
   6.55,
   3.24,
   0.76,
   4.16,
   5.91,
   7.69,
   9.69
  ],
  [
   8.01,
   6.35,
   3.92,
   0.76,
   3.31,
   6.29,
   7.8
  ],
  [
   8.84,
   6.97,
   5.49,
   3.65,
   0.76,
   4.39,
   6.83
  ],
  [
   9.9,
   8.28,
   7.0,
   5.91,
   3.9,
   0.76,
   5.32
  ],
  [
   11.88,
   10.39,
   8.3,
   7.53,
   5.67,
   4.56,
   0.76
  ]
 ],
 "chain_ptm": [
  0.1,
  0.11,
  0.11,
  0.11,
  0.11,
  0.11,
  0.11
 ],
 "fraction_disordered": 1.0,
 "has_clash": 0.0,
 "iptm": 0.43,
 "num_recycles": 10.0,
 "ptm": 0.45,
 "ranking_score": 0.93
}