{
 "chain_iptm": [
  0.15,
  0.18,
  0.21,
  0.21,
  0.2,
  0.18,
  0.15
 ],
 "chain_pair_iptm": [
  [
   0.09,
   0.23,
   0.2,
   0.16,
   0.13,
   0.1,
   0.08
  ],
  [
   0.23,
   0.1,
   0.26,
   0.21,
   0.16,
   0.13,
   0.1
  ],
  [
   0.2,
   0.26,
   0.1,
   0.25,
   0.21,
   0.17,
   0.13
  ],
  [
   0.16,
   0.21,
   0.25,
   0.1,
   0.26,
   0.21,
   0.16
  ],
  [
   0.13,
   0.16,
   0.21,
   0.26,
   0.1,
   0.25,
   0.2
  ],
  [
   0.1,
   0.13,
   0.17,
   0.21,
   0.25,
   0.1,
   0.23
  ],
  [
   0.08,
   0.1,
   0.13,
   0.16,
   0.2,
   0.23,
   0.09
  ]
 ],
 "chain_pair_pae_min": [
  [
   0.76,
   5.27,
   6.88,
   7.92,
   9.38,
   12.08,
   14.16
  ],
  [
   5.57,
   0.76,
   3.83,
   6.19,
   7.0,
   9.46,
   11.6
  ],
  [
   7.05,
   4.29,
   0.76,
   4.08,
   6.05,
   7.98,
   10.86
  ],
  [
   8.61,
   6.84,
   4.72,
   0.76,
   3.88,
   6.7,
   9.16
  ],
  [
   9.5,
   7.76,
   5.9,
   4.19,
   0.76,
   5.29,
   7.74
  ],
  [
   10.53,
   9.09,
   7.12,
   5.98,
   4.53,
   0.76,
   6.51
  ],
  [
   13.06,
   12.27,
   9.13,
   8.15,
   7.09,
   5.12,
   0.76
  ]
 ],
 "chain_ptm": [
  0.09,
  0.1,
  0.1,
  0.1,
  0.1,
  0.1,
  0.09
 ],
 "fraction_disordered": 1.0,
 "has_clash": 0.0,
 "iptm": 0.37,
 "num_recycles": 10.0,
 "ptm": 0.4,
 "ranking_score": 0.87
}