{
 "chain_iptm": [
  0.16,
  0.19,
  0.21,
  0.22,
  0.21,
  0.2,
  0.17
 ],
 "chain_pair_iptm": [
  [
   0.1,
   0.24,
   0.21,
   0.17,
   0.14,
   0.11,
   0.09
  ],
  [
   0.24,
   0.1,
   0.27,
   0.21,
   0.17,
   0.15,
   0.11
  ],
  [
   0.21,
   0.27,
   0.1,
   0.26,
   0.22,
   0.18,
   0.15
  ],
  [
   0.17,
   0.21,
   0.26,
   0.1,
   0.26,
   0.22,
   0.17
  ],
  [
   0.14,
   0.17,
   0.22,
   0.26,
   0.1,
   0.26,
   0.22
  ],
  [
   0.11,
   0.15,
   0.18,
   0.22,
   0.26,
   0.1,
   0.25
  ],
  [
   0.09,
   0.11,
   0.15,
   0.17,
   0.22,
   0.25,
   0.1
  ]
 ],
 "chain_pair_pae_min": [
  [
   0.76,
   5.33,
   7.03,
   8.05,
   9.55,
   12.31,
   13.42
  ],
  [
   6.11,
   0.76,
   3.69,
   6.59,
   7.41,
   9.94,
   11.43
  ],
  [
   7.41,
   4.41,
   0.76,
   4.53,
   7.0,
   8.03,
   10.64
  ],
  [
   9.06,
   7.37,
   4.37,
   0.76,
   4.05,
   7.18,
   8.91
  ],
  [
   10.06,
   8.16,
   6.15,
   4.29,
   0.76,
   4.98,
   7.44
  ],
  [
   11.31,
   9.41,
   7.4,
   6.4,
   4.44,
   0.76,
   6.13
  ],
  [
   12.83,
   11.62,
   8.91,
   7.86,
   6.98,
   4.88,
   0.76
  ]
 ],
 "chain_ptm": [
  0.1,
  0.1,
  0.1,
  0.1,
  0.1,
  0.1,
  0.1
 ],
 "fraction_disordered": 1.0,
 "has_clash": 0.0,
 "iptm": 0.38,
 "num_recycles": 10.0,
 "ptm": 0.41,
 "ranking_score": 0.89
}