{
 "chain_iptm": [
  0.18,
  0.22,
  0.23,
  0.24,
  0.24,
  0.22,
  0.18
 ],
 "chain_pair_iptm": [
  [
   0.1,
   0.27,
   0.24,
   0.19,
   0.16,
   0.12,
   0.09
  ],
  [
   0.27,
   0.11,
   0.29,
   0.24,
   0.2,
   0.17,
   0.12
  ],
  [
   0.24,
   0.29,
   0.1,
   0.27,
   0.24,
   0.2,
   0.17
  ],
  [
   0.19,
   0.24,
   0.27,
   0.1,
   0.3,
   0.25,
   0.2
  ],
  [
   0.16,
   0.2,
   0.24,
   0.3,
   0.11,
   0.28,
   0.24
  ],
  [
   0.12,
   0.17,
   0.2,
   0.25,
   0.28,
   0.11,
   0.28
  ],
  [
   0.09,
   0.12,
   0.17,
   0.2,
   0.24,
   0.28,
   0.11
  ]
 ],
 "chain_pair_pae_min": [
  [
   0.76,
   4.66,
   6.5,
   7.71,
   9.24,
   11.73,
   12.56
  ],
  [
   5.04,
   0.76,
   3.55,
   5.86,
   6.67,
   8.48,
   11.0
  ],
  [
   6.92,
   2.98,
   0.76,
   4.31,
   6.0,
   7.75,
   9.65
  ],
  [
   8.57,
   6.35,
   3.98,
   0.76,
   3.44,
   6.5,
   7.83
  ],
  [
   9.02,
   6.88,
   5.55,
   3.46,
   0.76,
   4.17,
   7.02
  ],
  [
   10.33,
   8.15,
   7.02,
   5.99,
   3.99,
   0.76,
   5.19
  ],
  [
   12.4,
   10.61,
   8.83,
   7.52,
   5.95,
   4.7,
   0.76
  ]
 ],
 "chain_ptm": [
  0.1,
  0.11,
  0.1,
  0.1,
  0.11,
  0.11,
  0.11
 ],
 "fraction_disordered": 1.0,
 "has_clash": 0.0,
 "iptm": 0.42,
 "num_recycles": 10.0,
 "ptm": 0.44,
 "ranking_score": 0.92
}