{
 "chain_iptm": [
  0.24,
  0.27,
  0.29,
  0.29,
  0.29,
  0.27,
  0.23
 ],
 "chain_pair_iptm": [
  [
   0.11,
   0.34,
   0.3,
   0.25,
   0.22,
   0.18,
   0.14
  ],
  [
   0.34,
   0.12,
   0.35,
   0.29,
   0.26,
   0.22,
   0.18
  ],
  [
   0.3,
   0.35,
   0.11,
   0.34,
   0.3,
   0.26,
   0.22
  ],
  [
   0.25,
   0.29,
   0.34,
   0.11,
   0.35,
   0.29,
   0.25
  ],
  [
   0.22,
   0.26,
   0.3,
   0.35,
   0.11,
   0.34,
   0.28
  ],
  [
   0.18,
   0.22,
   0.26,
   0.29,
   0.34,
   0.11,
   0.33
  ],
  [
   0.14,
   0.18,
   0.22,
   0.25,
   0.28,
   0.33,
   0.11
  ]
 ],
 "chain_pair_pae_min": [
  [
   0.76,
   3.39,
   5.01,
   5.97,
   7.12,
   8.67,
   10.32
  ],
  [
   4.08,
   0.76,
   2.71,
   4.84,
   5.49,
   6.69,
   8.46
  ],
  [
   5.58,
   2.7,
   0.76,
   3.3,
   5.02,
   5.91,
   8.08
  ],
  [
   5.94,
   5.21,
   3.03,
   0.76,
   2.69,
   5.14,
   6.49
  ],
  [
   7.3,
   5.58,
   4.57,
   2.77,
   0.76,
   3.25,
   6.13
  ],
  [
   8.26,
   6.57,
   5.42,
   5.06,
   2.88,
   0.76,
   4.53
  ],
  [
   10.08,
   8.35,
   7.24,
   6.23,
   5.47,
   3.57,
   0.76
  ]
 ],
 "chain_ptm": [
  0.11,
  0.12,
  0.11,
  0.11,
  0.11,
  0.11,
  0.11
 ],
 "fraction_disordered": 1.0,
 "has_clash": 0.0,
 "iptm": 0.5,
 "num_recycles": 10.0,
 "ptm": 0.52,
 "ranking_score": 1.01
}