{
 "chain_iptm": [
  0.24,
  0.28,
  0.29,
  0.3,
  0.3,
  0.29,
  0.27,
  0.21
 ],
 "chain_pair_iptm": [
  [
   0.12,
   0.37,
   0.33,
   0.26,
   0.22,
   0.18,
   0.16,
   0.13
  ],
  [
   0.37,
   0.13,
   0.39,
   0.32,
   0.27,
   0.23,
   0.2,
   0.15
  ],
  [
   0.33,
   0.39,
   0.13,
   0.37,
   0.32,
   0.26,
   0.23,
   0.16
  ],
  [
   0.26,
   0.32,
   0.37,
   0.12,
   0.38,
   0.33,
   0.27,
   0.2
  ],
  [
   0.22,
   0.27,
   0.32,
   0.38,
   0.12,
   0.37,
   0.32,
   0.23
  ],
  [
   0.18,
   0.23,
   0.26,
   0.33,
   0.37,
   0.13,
   0.38,
   0.28
  ],
  [
   0.16,
   0.2,
   0.23,
   0.27,
   0.32,
   0.38,
   0.13,
   0.32
  ],
  [
   0.13,
   0.15,
   0.16,
   0.2,
   0.23,
   0.28,
   0.32,
   0.12
  ]
 ],
 "chain_pair_pae_min": [
  [
   0.76,
   2.86,
   3.76,
   5.32,
   5.94,
   6.49,
   7.8,
   10.77
  ],
  [
   2.95,
   0.76,
   1.81,
   3.11,
   4.5,
   5.0,
   6.46,
   8.94
  ],
  [
   3.84,
   1.84,
   0.76,
   1.74,
   2.64,
   4.29,
   5.74,
   9.85
  ],
  [
   5.71,
   3.34,
   1.74,
   0.76,
   1.54,
   2.77,
   5.17,
   8.72
  ],
  [
   6.41,
   5.0,
   2.65,
   1.72,
   0.76,
   1.74,
   3.42,
   7.74
  ],
  [
   7.25,
   5.69,
   4.31,
   2.88,
   1.79,
   0.76,
   1.73,
   6.79
  ],
  [
   7.38,
   6.36,
   5.11,
   4.33,
   3.07,
   2.13,
   0.76,
   4.68
  ],
  [
   11.2,
   9.67,
   8.74,
   7.62,
   6.4,
   6.03,
   5.01,
   0.76
  ]
 ],
 "chain_ptm": [
  0.12,
  0.13,
  0.13,
  0.12,
  0.12,
  0.13,
  0.13,
  0.12
 ],
 "fraction_disordered": 1.0,
 "has_clash": 0.0,
 "iptm": 0.53,
 "num_recycles": 10.0,
 "ptm": 0.55,
 "ranking_score": 1.03
}