{
 "chain_iptm": [
  0.21,
  0.25,
  0.27,
  0.28,
  0.28,
  0.27,
  0.24,
  0.19
 ],
 "chain_pair_iptm": [
  [
   0.12,
   0.32,
   0.29,
   0.23,
   0.2,
   0.16,
   0.14,
   0.12
  ],
  [
   0.32,
   0.13,
   0.35,
   0.29,
   0.25,
   0.21,
   0.18,
   0.14
  ],
  [
   0.29,
   0.35,
   0.12,
   0.35,
   0.3,
   0.25,
   0.21,
   0.15
  ],
  [
   0.23,
   0.29,
   0.35,
   0.12,
   0.36,
   0.31,
   0.24,
   0.18
  ],
  [
   0.2,
   0.25,
   0.3,
   0.36,
   0.12,
   0.35,
   0.28,
   0.21
  ],
  [
   0.16,
   0.21,
   0.25,
   0.31,
   0.35,
   0.13,
   0.34,
   0.25
  ],
  [
   0.14,
   0.18,
   0.21,
   0.24,
   0.28,
   0.34,
   0.13,
   0.28
  ],
  [
   0.12,
   0.14,
   0.15,
   0.18,
   0.21,
   0.25,
   0.28,
   0.11
  ]
 ],
 "chain_pair_pae_min": [
  [
   0.76,
   3.8,
   4.87,
   6.37,
   7.05,
   7.69,
   8.5,
   12.54
  ],
  [
   4.25,
   0.76,
   2.21,
   4.02,
   5.45,
   6.09,
   7.62,
   10.48
  ],
  [
   5.13,
   2.49,
   0.76,
   2.23,
   3.25,
   4.89,
   6.44,
   10.16
  ],
  [
   6.92,
   4.11,
   2.09,
   0.76,
   1.66,
   3.2,
   6.1,
   9.48
  ],
  [
   7.53,
   5.68,
   2.84,
   1.83,
   0.76,
   1.97,
   4.05,
   8.35
  ],
  [
   8.22,
   6.44,
   4.48,
   3.36,
   2.25,
   0.76,
   2.28,
   7.4
  ],
  [
   8.84,
   7.75,
   5.51,
   5.18,
   4.0,
   2.94,
   0.76,
   5.77
  ],
  [
   12.76,
   10.31,
   8.92,
   8.13,
   7.03,
   7.12,
   6.08,
   0.76
  ]
 ],
 "chain_ptm": [
  0.12,
  0.13,
  0.12,
  0.12,
  0.12,
  0.13,
  0.13,
  0.11
 ],
 "fraction_disordered": 1.0,
 "has_clash": 0.0,
 "iptm": 0.49,
 "num_recycles": 10.0,
 "ptm": 0.52,
 "ranking_score": 1.0
}