{
 "chain_iptm": [
  0.18,
  0.22,
  0.24,
  0.24,
  0.24,
  0.22,
  0.18
 ],
 "chain_pair_iptm": [
  [
   0.1,
   0.28,
   0.24,
   0.19,
   0.17,
   0.13,
   0.1
  ],
  [
   0.28,
   0.11,
   0.3,
   0.24,
   0.21,
   0.17,
   0.13
  ],
  [
   0.24,
   0.3,
   0.11,
   0.28,
   0.24,
   0.2,
   0.16
  ],
  [
   0.19,
   0.24,
   0.28,
   0.1,
   0.29,
   0.24,
   0.19
  ],
  [
   0.17,
   0.21,
   0.24,
   0.29,
   0.11,
   0.28,
   0.23
  ],
  [
   0.13,
   0.17,
   0.2,
   0.24,
   0.28,
   0.11,
   0.26
  ],
  [
   0.1,
   0.13,
   0.16,
   0.19,
   0.23,
   0.26,
   0.1
  ]
 ],
 "chain_pair_pae_min": [
  [
   0.76,
   4.51,
   5.81,
   7.29,
   8.44,
   10.74,
   12.41
  ],
  [
   5.12,
   0.76,
   3.09,
   5.6,
   6.43,
   8.4,
   10.43
  ],
  [
   6.34,
   3.67,
   0.76,
   4.0,
   5.74,
   7.24,
   9.79
  ],
  [
   7.41,
   6.02,
   3.94,
   0.76,
   3.49,
   6.45,
   8.31
  ],
  [
   8.55,
   6.89,
   5.44,
   3.7,
   0.76,
   4.21,
   7.17
  ],
  [
   9.81,
   8.31,
   6.75,
   5.87,
   4.04,
   0.76,
   5.78
  ],
  [
   12.33,
   11.41,
   8.75,
   7.63,
   6.59,
   4.64,
   0.76
  ]
 ],
 "chain_ptm": [
  0.1,
  0.11,
  0.11,
  0.1,
  0.11,
  0.11,
  0.1
 ],
 "fraction_disordered": 1.0,
 "has_clash": 0.0,
 "iptm": 0.42,
 "num_recycles": 10.0,
 "ptm": 0.45,
 "ranking_score": 0.92
}