{
 "chain_iptm": [
  0.17,
  0.21,
  0.23,
  0.23,
  0.23,
  0.21,
  0.17
 ],
 "chain_pair_iptm": [
  [
   0.1,
   0.26,
   0.22,
   0.18,
   0.15,
   0.12,
   0.08
  ],
  [
   0.26,
   0.1,
   0.29,
   0.23,
   0.2,
   0.16,
   0.11
  ],
  [
   0.22,
   0.29,
   0.1,
   0.27,
   0.24,
   0.19,
   0.15
  ],
  [
   0.18,
   0.23,
   0.27,
   0.1,
   0.29,
   0.23,
   0.18
  ],
  [
   0.15,
   0.2,
   0.24,
   0.29,
   0.1,
   0.28,
   0.22
  ],
  [
   0.12,
   0.16,
   0.19,
   0.23,
   0.28,
   0.1,
   0.25
  ],
  [
   0.08,
   0.11,
   0.15,
   0.18,
   0.22,
   0.25,
   0.1
  ]
 ],
 "chain_pair_pae_min": [
  [
   0.76,
   5.05,
   6.55,
   7.92,
   9.44,
   12.12,
   13.22
  ],
  [
   5.65,
   0.76,
   3.52,
   5.97,
   6.75,
   9.0,
   10.94
  ],
  [
   6.71,
   3.35,
   0.76,
   4.34,
   6.03,
   7.57,
   10.34
  ],
  [
   8.17,
   6.13,
   4.12,
   0.76,
   3.54,
   6.55,
   8.55
  ],
  [
   9.23,
   7.14,
   5.42,
   3.57,
   0.76,
   4.57,
   7.12
  ],
  [
   10.61,
   8.73,
   7.17,
   6.03,
   4.06,
   0.76,
   6.03
  ],
  [
   13.36,
   11.91,
   9.24,
   8.05,
   6.76,
   5.33,
   0.76
  ]
 ],
 "chain_ptm": [
  0.1,
  0.1,
  0.1,
  0.1,
  0.1,
  0.1,
  0.1
 ],
 "fraction_disordered": 1.0,
 "has_clash": 0.0,
 "iptm": 0.41,
 "num_recycles": 10.0,
 "ptm": 0.43,
 "ranking_score": 0.91
}