{
 "chain_iptm": [
  0.18,
  0.22,
  0.24,
  0.24,
  0.24,
  0.22,
  0.18
 ],
 "chain_pair_iptm": [
  [
   0.1,
   0.28,
   0.24,
   0.19,
   0.17,
   0.13,
   0.1
  ],
  [
   0.28,
   0.11,
   0.3,
   0.24,
   0.21,
   0.18,
   0.13
  ],
  [
   0.24,
   0.3,
   0.11,
   0.29,
   0.25,
   0.2,
   0.16
  ],
  [
   0.19,
   0.24,
   0.29,
   0.11,
   0.3,
   0.24,
   0.19
  ],
  [
   0.17,
   0.21,
   0.25,
   0.3,
   0.11,
   0.28,
   0.23
  ],
  [
   0.13,
   0.18,
   0.2,
   0.24,
   0.28,
   0.11,
   0.27
  ],
  [
   0.1,
   0.13,
   0.16,
   0.19,
   0.23,
   0.27,
   0.1
  ]
 ],
 "chain_pair_pae_min": [
  [
   0.76,
   4.54,
   6.33,
   7.62,
   8.61,
   11.11,
   12.39
  ],
  [
   5.11,
   0.76,
   3.16,
   5.54,
   6.33,
   8.53,
   10.63
  ],
  [
   6.45,
   3.48,
   0.76,
   4.02,
   5.73,
   7.22,
   9.93
  ],
  [
   7.38,
   6.21,
   3.79,
   0.76,
   3.42,
   6.32,
   8.14
  ],
  [
   8.82,
   6.78,
   5.24,
   3.49,
   0.76,
   4.21,
   7.16
  ],
  [
   10.08,
   8.31,
   6.99,
   6.01,
   3.91,
   0.76,
   5.97
  ],
  [
   12.63,
   11.48,
   8.89,
   8.14,
   6.36,
   4.96,
   0.76
  ]
 ],
 "chain_ptm": [
  0.1,
  0.11,
  0.11,
  0.11,
  0.11,
  0.11,
  0.1
 ],
 "fraction_disordered": 1.0,
 "has_clash": 0.0,
 "iptm": 0.42,
 "num_recycles": 10.0,
 "ptm": 0.45,
 "ranking_score": 0.93
}