{
 "chain_iptm": [
  0.17,
  0.21,
  0.22,
  0.23,
  0.22,
  0.2,
  0.16
 ],
 "chain_pair_iptm": [
  [
   0.1,
   0.26,
   0.23,
   0.18,
   0.15,
   0.11,
   0.08
  ],
  [
   0.26,
   0.11,
   0.29,
   0.23,
   0.19,
   0.16,
   0.11
  ],
  [
   0.23,
   0.29,
   0.1,
   0.27,
   0.23,
   0.19,
   0.15
  ],
  [
   0.18,
   0.23,
   0.27,
   0.1,
   0.28,
   0.22,
   0.18
  ],
  [
   0.15,
   0.19,
   0.23,
   0.28,
   0.1,
   0.26,
   0.21
  ],
  [
   0.11,
   0.16,
   0.19,
   0.22,
   0.26,
   0.1,
   0.25
  ],
  [
   0.08,
   0.11,
   0.15,
   0.18,
   0.21,
   0.25,
   0.1
  ]
 ],
 "chain_pair_pae_min": [
  [
   0.76,
   4.82,
   6.22,
   7.95,
   9.16,
   11.82,
   13.11
  ],
  [
   5.38,
   0.76,
   3.38,
   6.02,
   7.04,
   9.31,
   11.05
  ],
  [
   6.7,
   4.11,
   0.76,
   4.43,
   6.46,
   8.08,
   10.44
  ],
  [
   8.2,
   6.54,
   4.05,
   0.76,
   3.9,
   7.24,
   9.19
  ],
  [
   9.45,
   7.65,
   6.06,
   4.12,
   0.76,
   4.52,
   7.88
  ],
  [
   10.64,
   9.25,
   7.42,
   6.56,
   4.23,
   0.76,
   6.44
  ],
  [
   13.47,
   12.06,
   9.43,
   8.31,
   7.16,
   5.25,
   0.76
  ]
 ],
 "chain_ptm": [
  0.1,
  0.11,
  0.1,
  0.1,
  0.1,
  0.1,
  0.1
 ],
 "fraction_disordered": 1.0,
 "has_clash": 0.0,
 "iptm": 0.4,
 "num_recycles": 10.0,
 "ptm": 0.42,
 "ranking_score": 0.9
}