{
 "chain_iptm": [
  0.18,
  0.22,
  0.24,
  0.24,
  0.24,
  0.22,
  0.18
 ],
 "chain_pair_iptm": [
  [
   0.1,
   0.27,
   0.23,
   0.19,
   0.16,
   0.13,
   0.1
  ],
  [
   0.27,
   0.11,
   0.29,
   0.24,
   0.21,
   0.18,
   0.13
  ],
  [
   0.23,
   0.29,
   0.11,
   0.29,
   0.25,
   0.21,
   0.16
  ],
  [
   0.19,
   0.24,
   0.29,
   0.11,
   0.3,
   0.25,
   0.2
  ],
  [
   0.16,
   0.21,
   0.25,
   0.3,
   0.11,
   0.29,
   0.23
  ],
  [
   0.13,
   0.18,
   0.21,
   0.25,
   0.29,
   0.11,
   0.27
  ],
  [
   0.1,
   0.13,
   0.16,
   0.2,
   0.23,
   0.27,
   0.1
  ]
 ],
 "chain_pair_pae_min": [
  [
   0.76,
   4.55,
   6.33,
   7.37,
   8.66,
   10.78,
   12.66
  ],
  [
   4.99,
   0.76,
   3.31,
   5.57,
   6.25,
   8.07,
   10.56
  ],
  [
   5.98,
   3.53,
   0.76,
   4.03,
   5.63,
   7.14,
   9.71
  ],
  [
   7.5,
   6.25,
   3.99,
   0.76,
   3.56,
   5.6,
   7.98
  ],
  [
   8.37,
   6.54,
   5.19,
   3.73,
   0.76,
   4.37,
   6.96
  ],
  [
   9.46,
   7.78,
   6.32,
   5.54,
   3.68,
   0.76,
   5.32
  ],
  [
   12.08,
   10.76,
   8.33,
   7.56,
   6.81,
   4.73,
   0.76
  ]
 ],
 "chain_ptm": [
  0.1,
  0.11,
  0.11,
  0.11,
  0.11,
  0.11,
  0.1
 ],
 "fraction_disordered": 1.0,
 "has_clash": 0.0,
 "iptm": 0.42,
 "num_recycles": 10.0,
 "ptm": 0.45,
 "ranking_score": 0.93
}