{
 "chain_iptm": [
  0.09,
  0.1,
  0.11,
  0.11,
  0.11,
  0.1,
  0.08
 ],
 "chain_pair_iptm": [
  [
   0.15,
   0.18,
   0.15,
   0.09,
   0.06,
   0.04,
   0.04
  ],
  [
   0.18,
   0.16,
   0.17,
   0.11,
   0.07,
   0.05,
   0.04
  ],
  [
   0.15,
   0.17,
   0.15,
   0.15,
   0.1,
   0.07,
   0.05
  ],
  [
   0.09,
   0.11,
   0.15,
   0.15,
   0.15,
   0.11,
   0.08
  ],
  [
   0.06,
   0.07,
   0.1,
   0.15,
   0.16,
   0.16,
   0.13
  ],
  [
   0.04,
   0.05,
   0.07,
   0.11,
   0.16,
   0.16,
   0.16
  ],
  [
   0.04,
   0.04,
   0.05,
   0.08,
   0.13,
   0.16,
   0.14
  ]
 ],
 "chain_pair_pae_min": [
  [
   0.76,
   4.01,
   6.17,
   12.32,
   17.45,
   20.27,
   22.59
  ],
  [
   4.27,
   0.76,
   5.05,
   8.7,
   15.0,
   18.32,
   21.27
  ],
  [
   6.16,
   5.34,
   0.76,
   6.32,
   10.36,
   16.82,
   19.23
  ],
  [
   13.41,
   9.26,
   6.15,
   0.76,
   5.93,
   9.78,
   13.68
  ],
  [
   18.04,
   16.0,
   10.41,
   5.73,
   0.76,
   5.9,
   8.65
  ],
  [
   20.73,
   19.55,
   15.51,
   9.04,
   5.47,
   0.76,
   5.1
  ],
  [
   22.99,
   21.91,
   19.24,
   13.41,
   8.04,
   5.44,
   0.76
  ]
 ],
 "chain_ptm": [
  0.15,
  0.16,
  0.15,
  0.15,
  0.16,
  0.16,
  0.14
 ],
 "fraction_disordered": 1.0,
 "has_clash": 0.0,
 "iptm": 0.21,
 "num_recycles": 10.0,
 "ptm": 0.23,
 "ranking_score": 0.72
}