{
 "chain_iptm": [
  0.09,
  0.1,
  0.11,
  0.11,
  0.1,
  0.09,
  0.08
 ],
 "chain_pair_iptm": [
  [
   0.15,
   0.18,
   0.14,
   0.09,
   0.05,
   0.04,
   0.03
  ],
  [
   0.18,
   0.15,
   0.17,
   0.11,
   0.06,
   0.04,
   0.03
  ],
  [
   0.14,
   0.17,
   0.15,
   0.14,
   0.09,
   0.06,
   0.04
  ],
  [
   0.09,
   0.11,
   0.14,
   0.15,
   0.14,
   0.1,
   0.07
  ],
  [
   0.05,
   0.06,
   0.09,
   0.14,
   0.15,
   0.15,
   0.13
  ],
  [
   0.04,
   0.04,
   0.06,
   0.1,
   0.15,
   0.16,
   0.17
  ],
  [
   0.03,
   0.03,
   0.04,
   0.07,
   0.13,
   0.17,
   0.15
  ]
 ],
 "chain_pair_pae_min": [
  [
   0.76,
   3.8,
   6.28,
   13.27,
   19.51,
   23.22,
   24.6
  ],
  [
   4.22,
   0.76,
   5.26,
   9.58,
   16.51,
   21.19,
   23.27
  ],
  [
   6.45,
   5.45,
   0.76,
   6.73,
   10.41,
   18.07,
   20.99
  ],
  [
   14.15,
   9.52,
   6.88,
   0.76,
   6.59,
   9.98,
   15.09
  ],
  [
   19.64,
   17.34,
   10.46,
   6.5,
   0.76,
   6.43,
   8.78
  ],
  [
   23.68,
   21.47,
   17.71,
   9.61,
   6.3,
   0.76,
   5.39
  ],
  [
   25.14,
   23.63,
   21.24,
   15.09,
   8.33,
   5.28,
   0.76
  ]
 ],
 "chain_ptm": [
  0.15,
  0.15,
  0.15,
  0.15,
  0.15,
  0.16,
  0.15
 ],
 "fraction_disordered": 0.89,
 "has_clash": 0.0,
 "iptm": 0.2,
 "num_recycles": 10.0,
 "ptm": 0.22,
 "ranking_score": 0.65
}