{
 "chain_iptm": [
  0.08,
  0.09,
  0.1,
  0.1,
  0.1,
  0.09,
  0.07
 ],
 "chain_pair_iptm": [
  [
   0.14,
   0.17,
   0.14,
   0.08,
   0.05,
   0.04,
   0.03
  ],
  [
   0.17,
   0.15,
   0.16,
   0.1,
   0.06,
   0.04,
   0.03
  ],
  [
   0.14,
   0.16,
   0.14,
   0.13,
   0.08,
   0.05,
   0.04
  ],
  [
   0.08,
   0.1,
   0.13,
   0.14,
   0.13,
   0.09,
   0.07
  ],
  [
   0.05,
   0.06,
   0.08,
   0.13,
   0.14,
   0.14,
   0.11
  ],
  [
   0.04,
   0.04,
   0.05,
   0.09,
   0.14,
   0.14,
   0.15
  ],
  [
   0.03,
   0.03,
   0.04,
   0.07,
   0.11,
   0.15,
   0.14
  ]
 ],
 "chain_pair_pae_min": [
  [
   0.76,
   4.54,
   5.87,
   13.66,
   19.1,
   22.39,
   24.04
  ],
  [
   5.0,
   0.76,
   5.34,
   8.62,
   15.66,
   19.81,
   22.94
  ],
  [
   6.78,
   5.32,
   0.76,
   6.51,
   9.73,
   16.78,
   19.75
  ],
  [
   13.88,
   9.06,
   6.27,
   0.76,
   6.23,
   9.63,
   14.81
  ],
  [
   18.58,
   16.07,
   9.83,
   5.96,
   0.76,
   6.17,
   8.7
  ],
  [
   22.57,
   20.0,
   16.65,
   9.56,
   6.12,
   0.76,
   5.91
  ],
  [
   24.5,
   22.99,
   20.1,
   15.01,
   7.52,
   4.79,
   0.76
  ]
 ],
 "chain_ptm": [
  0.14,
  0.15,
  0.14,
  0.14,
  0.14,
  0.14,
  0.14
 ],
 "fraction_disordered": 1.0,
 "has_clash": 0.0,
 "iptm": 0.2,
 "num_recycles": 10.0,
 "ptm": 0.22,
 "ranking_score": 0.7
}