{
 "chain_iptm": [
  0.11,
  0.12,
  0.13,
  0.14,
  0.13,
  0.11,
  0.09
 ],
 "chain_pair_iptm": [
  [
   0.16,
   0.2,
   0.17,
   0.11,
   0.07,
   0.05,
   0.04
  ],
  [
   0.2,
   0.17,
   0.2,
   0.14,
   0.09,
   0.06,
   0.05
  ],
  [
   0.17,
   0.2,
   0.17,
   0.17,
   0.12,
   0.08,
   0.06
  ],
  [
   0.11,
   0.14,
   0.17,
   0.16,
   0.17,
   0.13,
   0.09
  ],
  [
   0.07,
   0.09,
   0.12,
   0.17,
   0.16,
   0.18,
   0.14
  ],
  [
   0.05,
   0.06,
   0.08,
   0.13,
   0.18,
   0.16,
   0.18
  ],
  [
   0.04,
   0.05,
   0.06,
   0.09,
   0.14,
   0.18,
   0.15
  ]
 ],
 "chain_pair_pae_min": [
  [
   0.76,
   3.27,
   5.53,
   11.48,
   16.8,
   20.02,
   21.7
  ],
  [
   3.51,
   0.76,
   3.9,
   7.33,
   13.8,
   18.25,
   19.68
  ],
  [
   5.35,
   4.05,
   0.76,
   5.16,
   9.26,
   15.27,
   17.77
  ],
  [
   11.96,
   7.64,
   5.06,
   0.76,
   5.04,
   8.65,
   13.16
  ],
  [
   16.59,
   14.79,
   8.83,
   5.17,
   0.76,
   5.31,
   7.64
  ],
  [
   19.91,
   18.42,
   14.71,
   7.86,
   5.04,
   0.76,
   4.61
  ],
  [
   21.98,
   20.56,
   18.68,
   12.49,
   7.41,
   4.31,
   0.76
  ]
 ],
 "chain_ptm": [
  0.16,
  0.17,
  0.17,
  0.16,
  0.16,
  0.16,
  0.15
 ],
 "fraction_disordered": 1.0,
 "has_clash": 0.0,
 "iptm": 0.25,
 "num_recycles": 10.0,
 "ptm": 0.27,
 "ranking_score": 0.75
}