{
 "chain_iptm": [
  0.1,
  0.11,
  0.12,
  0.11,
  0.11,
  0.1,
  0.09
 ],
 "chain_pair_iptm": [
  [
   0.16,
   0.2,
   0.16,
   0.09,
   0.06,
   0.04,
   0.03
  ],
  [
   0.2,
   0.18,
   0.18,
   0.11,
   0.06,
   0.05,
   0.04
  ],
  [
   0.16,
   0.18,
   0.17,
   0.15,
   0.09,
   0.06,
   0.05
  ],
  [
   0.09,
   0.11,
   0.15,
   0.17,
   0.15,
   0.11,
   0.08
  ],
  [
   0.06,
   0.06,
   0.09,
   0.15,
   0.17,
   0.17,
   0.14
  ],
  [
   0.04,
   0.05,
   0.06,
   0.11,
   0.17,
   0.17,
   0.18
  ],
  [
   0.03,
   0.04,
   0.05,
   0.08,
   0.14,
   0.18,
   0.16
  ]
 ],
 "chain_pair_pae_min": [
  [
   0.76,
   4.04,
   6.73,
   13.62,
   18.96,
   22.64,
   23.73
  ],
  [
   4.86,
   0.76,
   5.56,
   9.64,
   16.71,
   21.33,
   22.82
  ],
  [
   6.4,
   5.29,
   0.76,
   7.43,
   11.43,
   18.18,
   21.05
  ],
  [
   14.38,
   9.07,
   6.88,
   0.76,
   7.11,
   10.05,
   15.32
  ],
  [
   19.4,
   17.72,
   10.86,
   7.19,
   0.76,
   6.54,
   9.56
  ],
  [
   22.75,
   20.73,
   17.77,
   10.04,
   6.4,
   0.76,
   5.85
  ],
  [
   24.33,
   22.96,
   20.24,
   15.17,
   7.87,
   5.01,
   0.76
  ]
 ],
 "chain_ptm": [
  0.16,
  0.18,
  0.17,
  0.17,
  0.17,
  0.17,
  0.16
 ],
 "fraction_disordered": 1.0,
 "has_clash": 0.0,
 "iptm": 0.21,
 "num_recycles": 10.0,
 "ptm": 0.23,
 "ranking_score": 0.71
}