{
 "chain_iptm": [
  0.06,
  0.07,
  0.07,
  0.08,
  0.08,
  0.08,
  0.08,
  0.06,
  0.07,
  0.08,
  0.08,
  0.08,
  0.07,
  0.06,
  0.04
 ],
 "chain_pair_iptm": [
  [
   0.13,
   0.25,
   0.19,
   0.11,
   0.07,
   0.04,
   0.03,
   0.02,
   0.01,
   0.01,
   0.01,
   0.01,
   0.01,
   0.02,
   0.02
  ],
  [
   0.25,
   0.14,
   0.24,
   0.15,
   0.09,
   0.06,
   0.03,
   0.02,
   0.02,
   0.02,
   0.02,
   0.02,
   0.02,
   0.02,
   0.02
  ],
  [
   0.19,
   0.24,
   0.13,
   0.22,
   0.13,
   0.08,
   0.05,
   0.03,
   0.02,
   0.02,
   0.02,
   0.01,
   0.01,
   0.01,
   0.01
  ],
  [
   0.11,
   0.15,
   0.22,
   0.13,
   0.22,
   0.13,
   0.08,
   0.05,
   0.02,
   0.02,
   0.02,
   0.01,
   0.01,
   0.01,
   0.01
  ],
  [
   0.07,
   0.09,
   0.13,
   0.22,
   0.14,
   0.23,
   0.15,
   0.09,
   0.03,
   0.03,
   0.02,
   0.02,
   0.01,
   0.01,
   0.01
  ],
  [
   0.04,
   0.06,
   0.08,
   0.13,
   0.23,
   0.14,
   0.25,
   0.17,
   0.05,
   0.04,
   0.03,
   0.02,
   0.02,
   0.01,
   0.01
  ],
  [
   0.03,
   0.03,
   0.05,
   0.08,
   0.15,
   0.25,
   0.14,
   0.24,
   0.07,
   0.05,
   0.03,
   0.02,
   0.02,
   0.01,
   0.01
  ],
  [
   0.02,
   0.02,
   0.03,
   0.05,
   0.09,
   0.17,
   0.24,
   0.13,
   0.07,
   0.05,
   0.03,
   0.02,
   0.02,
   0.01,
   0.01
  ],
  [
   0.01,
   0.02,
   0.02,
   0.02,
   0.03,
   0.05,
   0.07,
   0.07,
   0.14,
   0.26,
   0.18,
   0.1,
   0.06,
   0.03,
   0.02
  ],
  [
   0.01,
   0.02,
   0.02,
   0.02,
   0.03,
   0.04,
   0.05,
   0.05,
   0.26,
   0.15,
   0.25,
   0.16,
   0.09,
   0.05,
   0.03
  ],
  [
   0.01,
   0.02,
   0.02,
   0.02,
   0.02,
   0.03,
   0.03,
   0.03,
   0.18,
   0.25,
   0.14,
   0.24,
   0.14,
   0.08,
   0.04
  ],
  [
   0.01,
   0.02,
   0.01,
   0.01,
   0.02,
   0.02,
   0.02,
   0.02,
   0.1,
   0.16,
   0.24,
   0.14,
   0.24,
   0.13,
   0.08
  ],
  [
   0.01,
   0.02,
   0.01,
   0.01,
   0.01,
   0.02,
   0.02,
   0.02,
   0.06,
   0.09,
   0.14,
   0.24,
   0.14,
   0.23,
   0.13
  ],
  [
   0.02,
   0.02,
   0.01,
   0.01,
   0.01,
   0.01,
   0.01,
   0.01,
   0.03,
   0.05,
   0.08,
   0.13,
   0.23,
   0.14,
   0.21
  ],
  [
   0.02,
   0.02,
   0.01,
   0.01,
   0.01,
   0.01,
   0.01,
   0.01,
   0.02,
   0.03,
   0.04,
   0.08,
   0.13,
   0.21,
   0.12
  ]
 ],
 "chain_pair_pae_min": [
  [
   0.76,
   4.21,
   6.06,
   12.51,
   16.39,
   19.05,
   20.95,
   23.43,
   24.22,
   24.35,
   24.53,
   24.6,
   23.6,
   22.2,
   22.18
  ],
  [
   4.25,
   0.76,
   4.61,
   8.38,
   13.47,
   16.93,
   19.17,
   21.38,
   23.39,
   23.58,
   23.82,
   23.5,
   22.19,
   22.61,
   23.0
  ],
  [
   5.59,
   5.03,
   0.76,
   5.68,
   10.4,
   14.77,
   17.48,
   20.4,
   22.15,
   22.93,
   23.29,
   23.06,
   22.93,
   23.42,
   24.01
  ],
  [
   12.06,
   8.9,
   6.06,
   0.76,
   5.33,
   10.2,
   14.85,
   18.55,
   20.9,
   21.52,
   22.15,
   23.18,
   23.82,
   24.51,
   25.32
  ],
  [
   16.21,
   13.95,
   10.79,
   6.17,
   0.76,
   5.32,
   10.03,
   14.91,
   18.66,
   19.19,
   20.56,
   22.34,
   23.82,
   24.97,
   25.75
  ],
  [
   19.57,
   17.29,
   14.78,
   10.66,
   6.1,
   0.76,
   5.04,
   9.91,
   15.58,
   16.38,
   18.62,
   21.78,
   23.7,
   24.98,
   26.0
  ],
  [
   21.9,
   19.83,
   17.74,
   15.26,
   9.55,
   5.66,
   0.76,
   5.01,
   12.08,
   14.49,
   17.27,
   21.55,
   23.22,
   24.93,
   26.1
  ],
  [
   23.83,
   22.59,
   20.3,
   18.49,
   15.28,
   8.57,
   4.75,
   0.76,
   9.03,
   11.99,
   17.02,
   20.88,
   23.33,
   25.18,
   26.36
  ],
  [
   25.85,
   24.48,
   22.9,
   21.93,
   19.89,
   13.98,
   10.12,
   9.62,
   0.76,
   3.83,
   8.11,
   13.5,
   17.76,
   21.02,
   23.15
  ],
  [
   25.35,
   23.92,
   23.6,
   22.89,
   19.86,
   15.31,
   13.41,
   12.91,
   5.2,
   0.76,
   4.63,
   9.72,
   14.46,
   18.77,
   21.87
  ],
  [
   25.29,
   24.11,
   24.07,
   23.16,
   20.93,
   18.36,
   16.97,
   17.11,
   9.54,
   5.42,
   0.76,
   5.8,
   10.57,
   16.03,
   19.8
  ],
  [
   24.49,
   23.67,
   23.26,
   22.93,
   22.58,
   21.0,
   20.72,
   19.95,
   15.26,
   9.73,
   5.73,
   0.76,
   5.64,
   11.38,
   16.38
  ],
  [
   24.32,
   22.7,
   22.72,
   23.62,
   23.92,
   23.85,
   22.64,
   21.73,
   18.65,
   15.43,
   9.25,
   5.98,
   0.76,
   6.0,
   12.71
  ],
  [
   23.16,
   22.17,
   22.74,
   23.78,
   25.09,
   24.93,
   24.55,
   24.13,
   21.56,
   18.92,
   16.41,
   9.92,
   6.3,
   0.76,
   7.15
  ],
  [
   20.98,
   21.11,
   22.8,
   24.5,
   25.41,
   25.86,
   26.07,
   26.14,
   24.2,
   22.49,
   20.03,
   16.68,
   11.35,
   6.36,
   0.76
  ]
 ],
 "chain_ptm": [
  0.13,
  0.14,
  0.13,
  0.13,
  0.14,
  0.14,
  0.14,
  0.13,
  0.14,
  0.15,
  0.14,
  0.14,
  0.14,
  0.14,
  0.12
 ],
 "fraction_disordered": 1.0,
 "has_clash": 0.0,
 "iptm": 0.22,
 "num_recycles": 10.0,
 "ptm": 0.25,
 "ranking_score": 0.73
}