{
 "chain_iptm": [
  0.1,
  0.1,
  0.1,
  0.08,
  0.09,
  0.11,
  0.12,
  0.12,
  0.12,
  0.11,
  0.09,
  0.07,
  0.09,
  0.08,
  0.07
 ],
 "chain_pair_iptm": [
  [
   0.15,
   0.32,
   0.25,
   0.17,
   0.08,
   0.08,
   0.07,
   0.05,
   0.04,
   0.04,
   0.03,
   0.03,
   0.04,
   0.05,
   0.08
  ],
  [
   0.32,
   0.16,
   0.31,
   0.22,
   0.09,
   0.09,
   0.07,
   0.06,
   0.05,
   0.04,
   0.03,
   0.02,
   0.03,
   0.04,
   0.06
  ],
  [
   0.25,
   0.31,
   0.16,
   0.28,
   0.09,
   0.09,
   0.08,
   0.06,
   0.05,
   0.04,
   0.03,
   0.02,
   0.03,
   0.03,
   0.04
  ],
  [
   0.17,
   0.22,
   0.28,
   0.14,
   0.1,
   0.09,
   0.07,
   0.05,
   0.04,
   0.03,
   0.02,
   0.02,
   0.02,
   0.03,
   0.03
  ],
  [
   0.08,
   0.09,
   0.09,
   0.1,
   0.15,
   0.29,
   0.21,
   0.13,
   0.09,
   0.06,
   0.04,
   0.02,
   0.03,
   0.03,
   0.03
  ],
  [
   0.08,
   0.09,
   0.09,
   0.09,
   0.29,
   0.16,
   0.29,
   0.2,
   0.13,
   0.09,
   0.06,
   0.03,
   0.03,
   0.03,
   0.03
  ],
  [
   0.07,
   0.07,
   0.08,
   0.07,
   0.21,
   0.29,
   0.16,
   0.28,
   0.2,
   0.13,
   0.09,
   0.03,
   0.04,
   0.03,
   0.03
  ],
  [
   0.05,
   0.06,
   0.06,
   0.05,
   0.13,
   0.2,
   0.28,
   0.16,
   0.29,
   0.21,
   0.14,
   0.05,
   0.05,
   0.04,
   0.04
  ],
  [
   0.04,
   0.05,
   0.05,
   0.04,
   0.09,
   0.13,
   0.2,
   0.29,
   0.16,
   0.3,
   0.22,
   0.06,
   0.06,
   0.05,
   0.04
  ],
  [
   0.04,
   0.04,
   0.04,
   0.03,
   0.06,
   0.09,
   0.13,
   0.21,
   0.3,
   0.16,
   0.3,
   0.09,
   0.08,
   0.06,
   0.05
  ],
  [
   0.03,
   0.03,
   0.03,
   0.02,
   0.04,
   0.06,
   0.09,
   0.14,
   0.22,
   0.3,
   0.15,
   0.11,
   0.09,
   0.07,
   0.04
  ],
  [
   0.03,
   0.02,
   0.02,
   0.02,
   0.02,
   0.03,
   0.03,
   0.05,
   0.06,
   0.09,
   0.11,
   0.14,
   0.28,
   0.19,
   0.1
  ],
  [
   0.04,
   0.03,
   0.03,
   0.02,
   0.03,
   0.03,
   0.04,
   0.05,
   0.06,
   0.08,
   0.09,
   0.28,
   0.16,
   0.27,
   0.15
  ],
  [
   0.05,
   0.04,
   0.03,
   0.03,
   0.03,
   0.03,
   0.03,
   0.04,
   0.05,
   0.06,
   0.07,
   0.19,
   0.27,
   0.16,
   0.22
  ],
  [
   0.08,
   0.06,
   0.04,
   0.03,
   0.03,
   0.03,
   0.03,
   0.04,
   0.04,
   0.05,
   0.04,
   0.1,
   0.15,
   0.22,
   0.14
  ]
 ],
 "chain_pair_pae_min": [
  [
   0.76,
   3.63,
   5.64,
   9.8,
   13.4,
   13.21,
   12.67,
   14.93,
   17.03,
   18.12,
   19.39,
   21.13,
   20.02,
   17.52,
   17.37
  ],
  [
   4.03,
   0.76,
   3.65,
   7.94,
   11.48,
   11.16,
   11.15,
   15.39,
   17.64,
   18.22,
   19.98,
   21.56,
   20.41,
   19.96,
   18.45
  ],
  [
   5.09,
   4.5,
   0.76,
   4.19,
   9.67,
   10.73,
   12.71,
   15.64,
   17.42,
   18.77,
   20.74,
   22.52,
   21.25,
   20.81,
   19.9
  ],
  [
   10.03,
   6.35,
   4.9,
   0.76,
   9.08,
   10.45,
   13.52,
   16.14,
   17.95,
   19.71,
   21.6,
   23.34,
   22.38,
   21.85,
   21.08
  ],
  [
   12.48,
   11.12,
   9.21,
   9.43,
   0.76,
   4.09,
   7.49,
   11.82,
   14.47,
   17.03,
   19.16,
   21.82,
   21.09,
   21.49,
   21.45
  ],
  [
   12.49,
   11.03,
   10.97,
   11.07,
   4.71,
   0.76,
   4.41,
   8.09,
   11.84,
   14.5,
   17.48,
   20.23,
   19.45,
   20.54,
   20.86
  ],
  [
   13.42,
   12.47,
   13.23,
   13.14,
   8.78,
   4.99,
   0.76,
   4.72,
   8.24,
   11.65,
   15.18,
   17.98,
   17.99,
   19.37,
   19.93
  ],
  [
   15.18,
   15.74,
   16.02,
   16.39,
   13.28,
   9.06,
   5.2,
   0.76,
   4.32,
   7.88,
   11.63,
   16.01,
   16.5,
   17.56,
   18.94
  ],
  [
   16.69,
   17.97,
   17.68,
   17.9,
   16.14,
   13.49,
   9.2,
   4.88,
   0.76,
   4.15,
   8.33,
   13.29,
   14.08,
   14.7,
   17.78
  ],
  [
   18.39,
   19.04,
   19.43,
   20.03,
   18.19,
   16.26,
   13.53,
   8.4,
   4.65,
   0.76,
   4.04,
   11.09,
   11.8,
   13.03,
   17.54
  ],
  [
   19.21,
   20.08,
   20.94,
   21.92,
   20.15,
   18.18,
   15.3,
   12.61,
   7.18,
   4.59,
   0.76,
   8.93,
   10.21,
   13.69,
   17.57
  ],
  [
   20.67,
   22.37,
   24.03,
   25.24,
   23.9,
   22.14,
   19.85,
   17.54,
   14.41,
   11.46,
   8.64,
   0.76,
   3.99,
   8.38,
   14.29
  ],
  [
   19.97,
   21.38,
   22.44,
   24.22,
   23.2,
   21.76,
   20.37,
   18.8,
   14.88,
   12.5,
   10.77,
   4.4,
   0.76,
   5.03,
   12.61
  ],
  [
   19.23,
   21.06,
   21.98,
   23.68,
   23.4,
   22.0,
   21.11,
   18.74,
   15.23,
   14.01,
   13.21,
   8.89,
   5.01,
   0.76,
   8.02
  ],
  [
   15.54,
   18.76,
   21.23,
   22.62,
   22.74,
   21.72,
   20.16,
   18.29,
   16.42,
   16.65,
   17.48,
   15.71,
   11.06,
   6.32,
   0.76
  ]
 ],
 "chain_ptm": [
  0.15,
  0.16,
  0.16,
  0.14,
  0.15,
  0.16,
  0.16,
  0.16,
  0.16,
  0.16,
  0.15,
  0.14,
  0.16,
  0.16,
  0.14
 ],
 "fraction_disordered": 1.0,
 "has_clash": 0.0,
 "iptm": 0.3,
 "num_recycles": 10.0,
 "ptm": 0.33,
 "ranking_score": 0.81
}