{
 "chain_iptm": [
  0.07,
  0.08,
  0.09,
  0.1,
  0.1,
  0.09,
  0.08,
  0.08,
  0.09,
  0.1,
  0.09,
  0.09,
  0.08,
  0.07,
  0.05
 ],
 "chain_pair_iptm": [
  [
   0.15,
   0.29,
   0.23,
   0.15,
   0.09,
   0.06,
   0.04,
   0.02,
   0.02,
   0.02,
   0.02,
   0.02,
   0.02,
   0.02,
   0.02
  ],
  [
   0.29,
   0.15,
   0.28,
   0.2,
   0.12,
   0.08,
   0.05,
   0.02,
   0.02,
   0.02,
   0.02,
   0.02,
   0.02,
   0.02,
   0.02
  ],
  [
   0.23,
   0.28,
   0.15,
   0.26,
   0.17,
   0.11,
   0.07,
   0.03,
   0.03,
   0.02,
   0.02,
   0.02,
   0.02,
   0.02,
   0.02
  ],
  [
   0.15,
   0.2,
   0.26,
   0.15,
   0.26,
   0.17,
   0.11,
   0.04,
   0.03,
   0.03,
   0.02,
   0.02,
   0.02,
   0.02,
   0.01
  ],
  [
   0.09,
   0.12,
   0.17,
   0.26,
   0.15,
   0.28,
   0.19,
   0.05,
   0.05,
   0.04,
   0.03,
   0.02,
   0.02,
   0.02,
   0.01
  ],
  [
   0.06,
   0.08,
   0.11,
   0.17,
   0.28,
   0.15,
   0.27,
   0.08,
   0.06,
   0.05,
   0.03,
   0.02,
   0.02,
   0.02,
   0.01
  ],
  [
   0.04,
   0.05,
   0.07,
   0.11,
   0.19,
   0.27,
   0.14,
   0.09,
   0.08,
   0.05,
   0.04,
   0.03,
   0.02,
   0.02,
   0.01
  ],
  [
   0.02,
   0.02,
   0.03,
   0.04,
   0.05,
   0.08,
   0.09,
   0.15,
   0.29,
   0.21,
   0.12,
   0.07,
   0.05,
   0.03,
   0.02
  ],
  [
   0.02,
   0.02,
   0.03,
   0.03,
   0.05,
   0.06,
   0.08,
   0.29,
   0.16,
   0.29,
   0.19,
   0.11,
   0.07,
   0.04,
   0.02
  ],
  [
   0.02,
   0.02,
   0.02,
   0.03,
   0.04,
   0.05,
   0.05,
   0.21,
   0.29,
   0.16,
   0.27,
   0.17,
   0.1,
   0.06,
   0.03
  ],
  [
   0.02,
   0.02,
   0.02,
   0.02,
   0.03,
   0.03,
   0.04,
   0.12,
   0.19,
   0.27,
   0.15,
   0.26,
   0.16,
   0.09,
   0.05
  ],
  [
   0.02,
   0.02,
   0.02,
   0.02,
   0.02,
   0.02,
   0.03,
   0.07,
   0.11,
   0.17,
   0.26,
   0.15,
   0.26,
   0.15,
   0.08
  ],
  [
   0.02,
   0.02,
   0.02,
   0.02,
   0.02,
   0.02,
   0.02,
   0.05,
   0.07,
   0.1,
   0.16,
   0.26,
   0.14,
   0.24,
   0.14
  ],
  [
   0.02,
   0.02,
   0.02,
   0.02,
   0.02,
   0.02,
   0.02,
   0.03,
   0.04,
   0.06,
   0.09,
   0.15,
   0.24,
   0.14,
   0.22
  ],
  [
   0.02,
   0.02,
   0.02,
   0.01,
   0.01,
   0.01,
   0.01,
   0.02,
   0.02,
   0.03,
   0.05,
   0.08,
   0.14,
   0.22,
   0.13
  ]
 ],
 "chain_pair_pae_min": [
  [
   0.76,
   4.02,
   5.5,
   10.79,
   14.36,
   17.2,
   18.88,
   21.89,
   21.52,
   22.03,
   22.37,
   21.65,
   20.71,
   20.96,
   21.34
  ],
  [
   3.92,
   0.76,
   3.97,
   7.28,
   12.3,
   15.18,
   17.8,
   20.99,
   20.77,
   21.39,
   21.54,
   20.82,
   20.67,
   21.27,
   22.09
  ],
  [
   5.05,
   4.69,
   0.76,
   5.26,
   9.1,
   13.28,
   16.38,
   19.62,
   19.66,
   20.56,
   20.94,
   20.84,
   21.42,
   22.27,
   23.71
  ],
  [
   10.19,
   7.66,
   5.57,
   0.76,
   4.97,
   9.41,
   13.77,
   18.08,
   18.41,
   19.32,
   20.1,
   20.95,
   22.04,
   23.12,
   24.01
  ],
  [
   14.39,
   12.11,
   9.29,
   5.37,
   0.76,
   5.06,
   9.36,
   14.81,
   15.64,
   17.47,
   19.29,
   20.89,
   22.63,
   23.76,
   24.32
  ],
  [
   17.61,
   15.15,
   12.86,
   8.9,
   4.99,
   0.76,
   4.75,
   11.81,
   13.19,
   15.27,
   18.23,
   20.93,
   22.75,
   24.13,
   24.81
  ],
  [
   20.06,
   18.57,
   16.02,
   13.88,
   7.88,
   4.85,
   0.76,
   9.37,
   10.61,
   13.42,
   17.48,
   20.33,
   22.82,
   24.38,
   25.62
  ],
  [
   23.17,
   21.77,
   20.42,
   18.48,
   14.84,
   11.19,
   9.35,
   0.76,
   3.7,
   7.59,
   11.8,
   15.74,
   19.23,
   21.43,
   23.62
  ],
  [
   23.06,
   21.63,
   21.13,
   20.12,
   16.24,
   12.53,
   11.42,
   4.39,
   0.76,
   4.38,
   8.82,
   13.65,
   17.42,
   20.24,
   22.36
  ],
  [
   22.99,
   22.0,
   22.17,
   20.07,
   17.19,
   14.49,
   14.39,
   8.36,
   4.78,
   0.76,
   5.19,
   9.7,
   14.45,
   18.0,
   20.9
  ],
  [
   22.6,
   22.24,
   21.7,
   20.67,
   19.12,
   17.85,
   18.15,
   14.44,
   9.85,
   5.36,
   0.76,
   5.17,
   10.27,
   15.4,
   18.96
  ],
  [
   22.55,
   21.09,
   21.32,
   21.5,
   22.03,
   21.59,
   20.53,
   18.02,
   14.82,
   9.61,
   5.42,
   0.76,
   5.14,
   11.05,
   16.35
  ],
  [
   21.16,
   20.84,
   21.7,
   23.2,
   24.0,
   22.92,
   21.96,
   20.66,
   18.16,
   15.43,
   9.83,
   5.23,
   0.76,
   5.81,
   12.44
  ],
  [
   20.66,
   20.87,
   22.5,
   24.15,
   24.61,
   24.0,
   23.74,
   22.38,
   20.88,
   18.95,
   15.9,
   10.35,
   5.7,
   0.76,
   6.58
  ],
  [
   20.39,
   21.16,
   23.28,
   24.69,
   25.29,
   25.2,
   25.25,
   24.19,
   22.5,
   20.9,
   19.2,
   15.8,
   11.11,
   5.97,
   0.76
  ]
 ],
 "chain_ptm": [
  0.15,
  0.15,
  0.15,
  0.15,
  0.15,
  0.15,
  0.14,
  0.15,
  0.16,
  0.16,
  0.15,
  0.15,
  0.14,
  0.14,
  0.13
 ],
 "fraction_disordered": 1.0,
 "has_clash": 0.0,
 "iptm": 0.25,
 "num_recycles": 10.0,
 "ptm": 0.28,
 "ranking_score": 0.76
}