{
 "chain_iptm": [
  0.08,
  0.09,
  0.09,
  0.08,
  0.07,
  0.07,
  0.08,
  0.09,
  0.09,
  0.09,
  0.09,
  0.08,
  0.06,
  0.04,
  0.05
 ],
 "chain_pair_iptm": [
  [
   0.14,
   0.28,
   0.22,
   0.14,
   0.09,
   0.04,
   0.04,
   0.03,
   0.03,
   0.03,
   0.03,
   0.03,
   0.02,
   0.05,
   0.07
  ],
  [
   0.28,
   0.15,
   0.27,
   0.19,
   0.12,
   0.04,
   0.04,
   0.03,
   0.03,
   0.03,
   0.03,
   0.02,
   0.02,
   0.03,
   0.05
  ],
  [
   0.22,
   0.27,
   0.15,
   0.25,
   0.18,
   0.05,
   0.05,
   0.04,
   0.03,
   0.03,
   0.03,
   0.02,
   0.02,
   0.03,
   0.03
  ],
  [
   0.14,
   0.19,
   0.25,
   0.15,
   0.25,
   0.07,
   0.06,
   0.05,
   0.04,
   0.03,
   0.02,
   0.02,
   0.02,
   0.02,
   0.03
  ],
  [
   0.09,
   0.12,
   0.18,
   0.25,
   0.14,
   0.08,
   0.07,
   0.05,
   0.04,
   0.03,
   0.02,
   0.02,
   0.02,
   0.02,
   0.02
  ],
  [
   0.04,
   0.04,
   0.05,
   0.07,
   0.08,
   0.14,
   0.26,
   0.18,
   0.1,
   0.06,
   0.04,
   0.03,
   0.02,
   0.02,
   0.02
  ],
  [
   0.04,
   0.04,
   0.05,
   0.06,
   0.07,
   0.26,
   0.15,
   0.25,
   0.15,
   0.09,
   0.05,
   0.04,
   0.03,
   0.02,
   0.02
  ],
  [
   0.03,
   0.03,
   0.04,
   0.05,
   0.05,
   0.18,
   0.25,
   0.15,
   0.23,
   0.14,
   0.08,
   0.05,
   0.04,
   0.02,
   0.02
  ],
  [
   0.03,
   0.03,
   0.03,
   0.04,
   0.04,
   0.1,
   0.15,
   0.23,
   0.14,
   0.23,
   0.14,
   0.08,
   0.06,
   0.03,
   0.03
  ],
  [
   0.03,
   0.03,
   0.03,
   0.03,
   0.03,
   0.06,
   0.09,
   0.14,
   0.23,
   0.14,
   0.24,
   0.16,
   0.1,
   0.03,
   0.03
  ],
  [
   0.03,
   0.03,
   0.03,
   0.02,
   0.02,
   0.04,
   0.05,
   0.08,
   0.14,
   0.24,
   0.14,
   0.26,
   0.18,
   0.05,
   0.04
  ],
  [
   0.03,
   0.02,
   0.02,
   0.02,
   0.02,
   0.03,
   0.04,
   0.05,
   0.08,
   0.16,
   0.26,
   0.14,
   0.26,
   0.06,
   0.05
  ],
  [
   0.02,
   0.02,
   0.02,
   0.02,
   0.02,
   0.02,
   0.03,
   0.04,
   0.06,
   0.1,
   0.18,
   0.26,
   0.14,
   0.06,
   0.04
  ],
  [
   0.05,
   0.03,
   0.03,
   0.02,
   0.02,
   0.02,
   0.02,
   0.02,
   0.03,
   0.03,
   0.05,
   0.06,
   0.06,
   0.13,
   0.2
  ],
  [
   0.07,
   0.05,
   0.03,
   0.03,
   0.02,
   0.02,
   0.02,
   0.02,
   0.03,
   0.03,
   0.04,
   0.05,
   0.04,
   0.2,
   0.13
  ]
 ],
 "chain_pair_pae_min": [
  [
   0.76,
   4.0,
   5.96,
   11.46,
   14.81,
   18.3,
   17.96,
   18.55,
   18.41,
   17.76,
   18.54,
   19.78,
   21.76,
   20.08,
   19.55
  ],
  [
   4.43,
   0.76,
   4.32,
   8.36,
   12.25,
   16.48,
   16.02,
   17.0,
   17.7,
   18.61,
   19.46,
   20.67,
   22.63,
   22.06,
   20.54
  ],
  [
   5.42,
   5.01,
   0.76,
   5.03,
   9.37,
   14.38,
   14.58,
   15.43,
   17.79,
   19.02,
   20.13,
   21.51,
   23.19,
   22.97,
   22.13
  ],
  [
   11.12,
   7.6,
   5.59,
   0.76,
   4.52,
   10.42,
   12.43,
   14.42,
   17.6,
   19.31,
   20.77,
   22.22,
   23.83,
   23.52,
   23.03
  ],
  [
   14.13,
   11.92,
   8.0,
   5.11,
   0.76,
   8.54,
   10.43,
   13.96,
   17.37,
   19.4,
   21.0,
   22.68,
   24.58,
   24.5,
   23.68
  ],
  [
   17.22,
   15.73,
   13.02,
   9.52,
   9.13,
   0.76,
   4.5,
   8.27,
   13.15,
   17.19,
   19.32,
   21.11,
   23.43,
   24.02,
   24.14
  ],
  [
   18.16,
   16.56,
   13.96,
   11.97,
   11.43,
   4.98,
   0.76,
   5.05,
   9.81,
   14.92,
   17.72,
   19.77,
   21.94,
   23.2,
   23.38
  ],
  [
   18.4,
   17.14,
   15.95,
   14.5,
   14.92,
   9.6,
   5.69,
   0.76,
   5.8,
   10.31,
   14.4,
   17.8,
   19.95,
   21.9,
   22.84
  ],
  [
   18.38,
   18.21,
   18.49,
   18.16,
   19.03,
   15.65,
   11.0,
   6.12,
   0.76,
   5.55,
   9.76,
   14.3,
   17.79,
   20.22,
   21.22
  ],
  [
   18.49,
   19.15,
   20.4,
   20.42,
   20.41,
   18.98,
   16.29,
   11.89,
   5.85,
   0.76,
   5.44,
   9.57,
   14.35,
   17.6,
   18.82
  ],
  [
   18.43,
   20.54,
   21.96,
   21.95,
   21.8,
   20.4,
   19.11,
   15.99,
   11.13,
   5.72,
   0.76,
   5.12,
   9.26,
   15.13,
   17.23
  ],
  [
   19.89,
   21.94,
   22.61,
   23.04,
   23.08,
   22.2,
   20.58,
   18.43,
   14.96,
   9.06,
   5.47,
   0.76,
   4.89,
   12.99,
   16.32
  ],
  [
   21.16,
   22.23,
   23.6,
   24.39,
   24.71,
   23.36,
   22.24,
   20.08,
   16.75,
   13.48,
   7.79,
   4.86,
   0.76,
   10.35,
   15.39
  ],
  [
   18.89,
   21.47,
   23.06,
   24.4,
   25.27,
   25.69,
   24.65,
   23.26,
   20.7,
   18.33,
   13.79,
   11.92,
   10.82,
   0.76,
   6.1
  ],
  [
   16.99,
   20.06,
   22.54,
   23.85,
   25.04,
   25.43,
   24.42,
   23.4,
   21.5,
   18.63,
   15.74,
   15.99,
   15.37,
   7.16,
   0.76
  ]
 ],
 "chain_ptm": [
  0.14,
  0.15,
  0.15,
  0.15,
  0.14,
  0.14,
  0.15,
  0.15,
  0.14,
  0.14,
  0.14,
  0.14,
  0.14,
  0.13,
  0.13
 ],
 "fraction_disordered": 1.0,
 "has_clash": 0.0,
 "iptm": 0.24,
 "num_recycles": 10.0,
 "ptm": 0.27,
 "ranking_score": 0.75
}