{
 "chain_iptm": [
  0.06,
  0.07,
  0.08,
  0.09,
  0.09,
  0.09,
  0.08,
  0.06,
  0.07,
  0.08,
  0.08,
  0.07,
  0.07,
  0.06,
  0.04
 ],
 "chain_pair_iptm": [
  [
   0.14,
   0.27,
   0.21,
   0.12,
   0.07,
   0.05,
   0.03,
   0.02,
   0.02,
   0.02,
   0.01,
   0.01,
   0.01,
   0.02,
   0.02
  ],
  [
   0.27,
   0.14,
   0.26,
   0.17,
   0.09,
   0.06,
   0.04,
   0.03,
   0.02,
   0.02,
   0.02,
   0.02,
   0.02,
   0.02,
   0.02
  ],
  [
   0.21,
   0.26,
   0.14,
   0.24,
   0.15,
   0.09,
   0.06,
   0.03,
   0.02,
   0.02,
   0.02,
   0.01,
   0.01,
   0.01,
   0.02
  ],
  [
   0.12,
   0.17,
   0.24,
   0.14,
   0.24,
   0.16,
   0.09,
   0.06,
   0.03,
   0.02,
   0.02,
   0.02,
   0.01,
   0.01,
   0.01
  ],
  [
   0.07,
   0.09,
   0.15,
   0.24,
   0.15,
   0.26,
   0.16,
   0.1,
   0.03,
   0.03,
   0.02,
   0.02,
   0.01,
   0.01,
   0.01
  ],
  [
   0.05,
   0.06,
   0.09,
   0.16,
   0.26,
   0.15,
   0.26,
   0.18,
   0.05,
   0.04,
   0.03,
   0.02,
   0.02,
   0.01,
   0.01
  ],
  [
   0.03,
   0.04,
   0.06,
   0.09,
   0.16,
   0.26,
   0.15,
   0.25,
   0.07,
   0.06,
   0.04,
   0.02,
   0.02,
   0.02,
   0.01
  ],
  [
   0.02,
   0.03,
   0.03,
   0.06,
   0.1,
   0.18,
   0.25,
   0.14,
   0.08,
   0.06,
   0.04,
   0.02,
   0.02,
   0.01,
   0.01
  ],
  [
   0.02,
   0.02,
   0.02,
   0.03,
   0.03,
   0.05,
   0.07,
   0.08,
   0.14,
   0.26,
   0.18,
   0.09,
   0.05,
   0.03,
   0.02
  ],
  [
   0.02,
   0.02,
   0.02,
   0.02,
   0.03,
   0.04,
   0.06,
   0.06,
   0.26,
   0.15,
   0.25,
   0.15,
   0.08,
   0.04,
   0.03
  ],
  [
   0.01,
   0.02,
   0.02,
   0.02,
   0.02,
   0.03,
   0.04,
   0.04,
   0.18,
   0.25,
   0.15,
   0.23,
   0.13,
   0.07,
   0.04
  ],
  [
   0.01,
   0.02,
   0.01,
   0.02,
   0.02,
   0.02,
   0.02,
   0.02,
   0.09,
   0.15,
   0.23,
   0.14,
   0.22,
   0.12,
   0.07
  ],
  [
   0.01,
   0.02,
   0.01,
   0.01,
   0.01,
   0.02,
   0.02,
   0.02,
   0.05,
   0.08,
   0.13,
   0.22,
   0.14,
   0.22,
   0.12
  ],
  [
   0.02,
   0.02,
   0.01,
   0.01,
   0.01,
   0.01,
   0.02,
   0.01,
   0.03,
   0.04,
   0.07,
   0.12,
   0.22,
   0.14,
   0.21
  ],
  [
   0.02,
   0.02,
   0.02,
   0.01,
   0.01,
   0.01,
   0.01,
   0.01,
   0.02,
   0.03,
   0.04,
   0.07,
   0.12,
   0.21,
   0.13
  ]
 ],
 "chain_pair_pae_min": [
  [
   0.76,
   4.29,
   5.73,
   11.7,
   16.74,
   19.17,
   20.66,
   23.21,
   24.03,
   23.84,
   24.23,
   24.53,
   23.7,
   22.43,
   21.16
  ],
  [
   3.93,
   0.76,
   4.28,
   7.66,
   14.63,
   17.02,
   19.77,
   21.99,
   23.37,
   22.92,
   23.41,
   23.4,
   22.61,
   22.38,
   21.94
  ],
  [
   4.7,
   4.69,
   0.76,
   5.42,
   9.56,
   15.4,
   18.4,
   20.67,
   22.28,
   22.31,
   23.07,
   23.06,
   22.56,
   23.07,
   22.73
  ],
  [
   11.93,
   8.59,
   5.95,
   0.76,
   5.2,
   9.92,
   15.57,
   18.57,
   21.1,
   21.04,
   21.64,
   22.21,
   22.82,
   23.54,
   23.73
  ],
  [
   16.09,
   13.67,
   10.77,
   5.61,
   0.76,
   5.04,
   9.71,
   15.14,
   18.48,
   18.12,
   19.79,
   21.48,
   23.1,
   24.38,
   24.88
  ],
  [
   18.84,
   16.81,
   14.34,
   10.06,
   5.71,
   0.76,
   5.27,
   9.67,
   14.91,
   15.45,
   18.0,
   21.05,
   23.08,
   24.59,
   25.06
  ],
  [
   21.22,
   19.28,
   17.23,
   14.65,
   9.37,
   5.26,
   0.76,
   4.74,
   11.55,
   13.44,
   16.76,
   20.66,
   22.93,
   24.53,
   25.3
  ],
  [
   23.08,
   21.89,
   20.09,
   18.0,
   13.75,
   7.85,
   4.81,
   0.76,
   9.35,
   11.93,
   16.33,
   20.59,
   22.76,
   24.62,
   25.61
  ],
  [
   24.98,
   23.76,
   22.39,
   21.09,
   17.56,
   13.34,
   10.52,
   9.64,
   0.76,
   3.97,
   8.76,
   14.27,
   17.72,
   20.43,
   22.09
  ],
  [
   24.69,
   23.34,
   22.54,
   21.62,
   18.05,
   14.76,
   13.24,
   13.13,
   4.65,
   0.76,
   4.69,
   10.32,
   15.63,
   18.79,
   21.18
  ],
  [
   24.53,
   23.55,
   23.08,
   21.52,
   19.93,
   17.48,
   16.97,
   16.98,
   9.05,
   5.28,
   0.76,
   5.87,
   10.89,
   16.41,
   19.29
  ],
  [
   24.22,
   22.89,
   22.44,
   22.31,
   21.89,
   21.56,
   21.13,
   20.79,
   15.63,
   10.32,
   5.74,
   0.76,
   6.03,
   12.13,
   16.82
  ],
  [
   22.79,
   21.48,
   22.19,
   23.01,
   23.97,
   24.03,
   22.91,
   22.47,
   19.13,
   16.37,
   11.37,
   5.78,
   0.76,
   6.39,
   13.09
  ],
  [
   22.22,
   21.3,
   22.13,
   23.74,
   25.33,
   25.0,
   24.26,
   24.2,
   21.6,
   19.91,
   17.02,
   12.08,
   6.02,
   0.76,
   6.87
  ],
  [
   20.63,
   20.83,
   22.57,
   24.65,
   25.45,
   25.64,
   25.74,
   26.1,
   23.66,
   22.33,
   20.44,
   16.91,
   11.71,
   6.09,
   0.76
  ]
 ],
 "chain_ptm": [
  0.14,
  0.14,
  0.14,
  0.14,
  0.15,
  0.15,
  0.15,
  0.14,
  0.14,
  0.15,
  0.15,
  0.14,
  0.14,
  0.14,
  0.13
 ],
 "fraction_disordered": 1.0,
 "has_clash": 0.0,
 "iptm": 0.23,
 "num_recycles": 10.0,
 "ptm": 0.26,
 "ranking_score": 0.74
}