{
 "chain_iptm": [
  0.26,
  0.3,
  0.29,
  0.25
 ],
 "chain_pair_iptm": [
  [
   0.12,
   0.32,
   0.27,
   0.2
  ],
  [
   0.32,
   0.14,
   0.32,
   0.25
  ],
  [
   0.27,
   0.32,
   0.13,
   0.29
  ],
  [
   0.2,
   0.25,
   0.29,
   0.12
  ]
 ],
 "chain_pair_pae_min": [
  [
   0.76,
   2.36,
   3.41,
   5.61
  ],
  [
   2.25,
   0.76,
   2.48,
   3.97
  ],
  [
   3.72,
   2.6,
   0.76,
   2.68
  ],
  [
   5.58,
   4.09,
   3.12,
   0.76
  ]
 ],
 "chain_ptm": [
  0.12,
  0.14,
  0.13,
  0.12
 ],
 "fraction_disordered": 1.0,
 "has_clash": 0.0,
 "iptm": 0.43,
 "num_recycles": 10.0,
 "ptm": 0.45,
 "ranking_score": 0.94
}