{
 "chain_iptm": [
  0.13,
  0.14,
  0.14,
  0.13
 ],
 "chain_pair_iptm": [
  [
   0.15,
   0.16,
   0.13,
   0.1
  ],
  [
   0.16,
   0.15,
   0.15,
   0.13
  ],
  [
   0.13,
   0.15,
   0.16,
   0.15
  ],
  [
   0.1,
   0.13,
   0.15,
   0.15
  ]
 ],
 "chain_pair_pae_min": [
  [
   0.76,
   5.43,
   7.0,
   8.53
  ],
  [
   6.22,
   0.76,
   4.97,
   6.96
  ],
  [
   6.58,
   4.64,
   0.76,
   5.98
  ],
  [
   8.76,
   7.41,
   6.08,
   0.76
  ]
 ],
 "chain_ptm": [
  0.15,
  0.15,
  0.16,
  0.15
 ],
 "fraction_disordered": 1.0,
 "has_clash": 0.0,
 "iptm": 0.22,
 "num_recycles": 10.0,
 "ptm": 0.26,
 "ranking_score": 0.73
}