{
 "chain_iptm": [
  0.1,
  0.11,
  0.1,
  0.1
 ],
 "chain_pair_iptm": [
  [
   0.15,
   0.13,
   0.11,
   0.07
  ],
  [
   0.13,
   0.13,
   0.09,
   0.11
  ],
  [
   0.11,
   0.09,
   0.13,
   0.12
  ],
  [
   0.07,
   0.11,
   0.12,
   0.14
  ]
 ],
 "chain_pair_pae_min": [
  [
   0.76,
   6.28,
   6.7,
   9.08
  ],
  [
   6.34,
   0.76,
   6.83,
   7.03
  ],
  [
   6.88,
   6.66,
   0.76,
   6.69
  ],
  [
   8.57,
   6.95,
   7.07,
   0.76
  ]
 ],
 "chain_ptm": [
  0.15,
  0.13,
  0.13,
  0.14
 ],
 "fraction_disordered": 1.0,
 "has_clash": 0.0,
 "iptm": 0.18,
 "num_recycles": 10.0,
 "ptm": 0.25,
 "ranking_score": 0.69
}