{
 "chain_iptm": [
  0.13,
  0.12,
  0.13,
  0.13
 ],
 "chain_pair_iptm": [
  [
   0.17,
   0.14,
   0.12,
   0.14
  ],
  [
   0.14,
   0.15,
   0.12,
   0.11
  ],
  [
   0.12,
   0.12,
   0.15,
   0.14
  ],
  [
   0.14,
   0.11,
   0.14,
   0.17
  ]
 ],
 "chain_pair_pae_min": [
  [
   0.76,
   6.32,
   8.46,
   7.32
  ],
  [
   7.13,
   0.76,
   7.03,
   9.16
  ],
  [
   9.05,
   7.42,
   0.76,
   7.57
  ],
  [
   7.01,
   8.09,
   6.7,
   0.76
  ]
 ],
 "chain_ptm": [
  0.17,
  0.15,
  0.15,
  0.17
 ],
 "fraction_disordered": 1.0,
 "has_clash": 0.0,
 "iptm": 0.22,
 "num_recycles": 10.0,
 "ptm": 0.29,
 "ranking_score": 0.74
}