{
 "chain_iptm": [
  0.17,
  0.19,
  0.19,
  0.16
 ],
 "chain_pair_iptm": [
  [
   0.16,
   0.2,
   0.17,
   0.13
  ],
  [
   0.2,
   0.14,
   0.2,
   0.16
  ],
  [
   0.17,
   0.2,
   0.15,
   0.19
  ],
  [
   0.13,
   0.16,
   0.19,
   0.15
  ]
 ],
 "chain_pair_pae_min": [
  [
   0.76,
   5.84,
   6.61,
   9.44
  ],
  [
   6.32,
   0.76,
   6.45,
   6.5
  ],
  [
   6.37,
   6.69,
   0.76,
   6.27
  ],
  [
   9.3,
   6.73,
   6.01,
   0.76
  ]
 ],
 "chain_ptm": [
  0.16,
  0.14,
  0.15,
  0.15
 ],
 "fraction_disordered": 0.88,
 "has_clash": 0.0,
 "iptm": 0.26,
 "num_recycles": 10.0,
 "ptm": 0.3,
 "ranking_score": 0.71
}