{
 "chain_iptm": [
  0.26,
  0.24,
  0.23,
  0.26,
  0.26,
  0.23,
  0.21,
  0.24
 ],
 "chain_pair_iptm": [
  [
   0.19,
   0.39,
   0.21,
   0.22,
   0.22,
   0.19,
   0.25,
   0.34
  ],
  [
   0.39,
   0.17,
   0.2,
   0.21,
   0.2,
   0.17,
   0.21,
   0.29
  ],
  [
   0.21,
   0.2,
   0.16,
   0.35,
   0.3,
   0.23,
   0.13,
   0.16
  ],
  [
   0.22,
   0.21,
   0.35,
   0.18,
   0.38,
   0.31,
   0.16,
   0.19
  ],
  [
   0.22,
   0.2,
   0.3,
   0.38,
   0.19,
   0.37,
   0.18,
   0.2
  ],
  [
   0.19,
   0.17,
   0.23,
   0.31,
   0.37,
   0.17,
   0.18,
   0.19
  ],
  [
   0.25,
   0.21,
   0.13,
   0.16,
   0.18,
   0.18,
   0.17,
   0.34
  ],
  [
   0.34,
   0.29,
   0.16,
   0.19,
   0.2,
   0.19,
   0.34,
   0.19
  ]
 ],
 "chain_pair_pae_min": [
  [
   0.76,
   2.58,
   6.3,
   6.21,
   6.72,
   8.18,
   7.57,
   4.82
  ],
  [
   2.72,
   0.76,
   5.84,
   6.03,
   7.22,
   8.64,
   8.56,
   6.19
  ],
  [
   6.12,
   6.15,
   0.76,
   3.81,
   4.91,
   7.55,
   10.14,
   9.13
  ],
  [
   6.42,
   5.76,
   3.7,
   0.76,
   2.84,
   4.69,
   8.71,
   7.94
  ],
  [
   6.62,
   6.82,
   4.99,
   2.79,
   0.76,
   3.26,
   8.02,
   7.41
  ],
  [
   7.45,
   7.82,
   7.36,
   4.36,
   3.28,
   0.76,
   6.76,
   7.27
  ],
  [
   6.38,
   7.99,
   9.88,
   8.51,
   6.58,
   6.27,
   0.76,
   3.75
  ],
  [
   4.56,
   5.95,
   8.81,
   7.63,
   7.13,
   7.15,
   4.56,
   0.76
  ]
 ],
 "chain_ptm": [
  0.19,
  0.17,
  0.16,
  0.18,
  0.19,
  0.17,
  0.17,
  0.19
 ],
 "fraction_disordered": 1.0,
 "has_clash": 0.0,
 "iptm": 0.46,
 "num_recycles": 10.0,
 "ptm": 0.49,
 "ranking_score": 0.96
}