{
 "chain_iptm": [
  0.17,
  0.19,
  0.19,
  0.16,
  0.16,
  0.18,
  0.17,
  0.14
 ],
 "chain_pair_iptm": [
  [
   0.16,
   0.33,
   0.26,
   0.19,
   0.09,
   0.1,
   0.1,
   0.09
  ],
  [
   0.33,
   0.17,
   0.33,
   0.24,
   0.11,
   0.11,
   0.11,
   0.09
  ],
  [
   0.26,
   0.33,
   0.17,
   0.31,
   0.12,
   0.11,
   0.1,
   0.08
  ],
  [
   0.19,
   0.24,
   0.31,
   0.16,
   0.12,
   0.11,
   0.09,
   0.07
  ],
  [
   0.09,
   0.11,
   0.12,
   0.12,
   0.16,
   0.32,
   0.23,
   0.15
  ],
  [
   0.1,
   0.11,
   0.11,
   0.11,
   0.32,
   0.17,
   0.3,
   0.21
  ],
  [
   0.1,
   0.11,
   0.1,
   0.09,
   0.23,
   0.3,
   0.17,
   0.28
  ],
  [
   0.09,
   0.09,
   0.08,
   0.07,
   0.15,
   0.21,
   0.28,
   0.15
  ]
 ],
 "chain_pair_pae_min": [
  [
   0.76,
   3.28,
   4.85,
   9.09,
   11.16,
   10.83,
   10.54,
   10.78
  ],
  [
   3.7,
   0.76,
   3.78,
   6.14,
   10.11,
   9.97,
   10.62,
   11.53
  ],
  [
   4.96,
   4.33,
   0.76,
   5.31,
   8.4,
   10.16,
   11.04,
   12.05
  ],
  [
   8.44,
   5.77,
   4.61,
   0.76,
   8.72,
   9.69,
   12.17,
   13.32
  ],
  [
   10.95,
   9.79,
   8.68,
   8.97,
   0.76,
   3.5,
   5.88,
   10.43
  ],
  [
   10.39,
   9.86,
   9.67,
   10.24,
   4.29,
   0.76,
   4.62,
   7.59
  ],
  [
   10.22,
   9.99,
   10.73,
   11.78,
   6.23,
   4.82,
   0.76,
   5.77
  ],
  [
   9.93,
   10.59,
   11.92,
   13.28,
   9.45,
   7.0,
   4.91,
   0.76
  ]
 ],
 "chain_ptm": [
  0.16,
  0.17,
  0.17,
  0.16,
  0.16,
  0.17,
  0.17,
  0.15
 ],
 "fraction_disordered": 1.0,
 "has_clash": 0.0,
 "iptm": 0.34,
 "num_recycles": 10.0,
 "ptm": 0.38,
 "ranking_score": 0.85
}