{
 "chain_iptm": [
  0.13,
  0.15,
  0.15,
  0.13,
  0.11,
  0.13,
  0.13,
  0.1
 ],
 "chain_pair_iptm": [
  [
   0.15,
   0.3,
   0.23,
   0.15,
   0.04,
   0.05,
   0.05,
   0.06
  ],
  [
   0.3,
   0.16,
   0.29,
   0.2,
   0.05,
   0.06,
   0.06,
   0.06
  ],
  [
   0.23,
   0.29,
   0.17,
   0.28,
   0.06,
   0.06,
   0.06,
   0.06
  ],
  [
   0.15,
   0.2,
   0.28,
   0.16,
   0.07,
   0.07,
   0.06,
   0.05
  ],
  [
   0.04,
   0.05,
   0.06,
   0.07,
   0.15,
   0.28,
   0.18,
   0.11
  ],
  [
   0.05,
   0.06,
   0.06,
   0.07,
   0.28,
   0.16,
   0.25,
   0.16
  ],
  [
   0.05,
   0.06,
   0.06,
   0.06,
   0.18,
   0.25,
   0.15,
   0.24
  ],
  [
   0.06,
   0.06,
   0.06,
   0.05,
   0.11,
   0.16,
   0.24,
   0.15
  ]
 ],
 "chain_pair_pae_min": [
  [
   0.76,
   3.37,
   5.36,
   9.1,
   15.71,
   15.2,
   13.12,
   10.66
  ],
  [
   3.89,
   0.76,
   4.14,
   6.55,
   14.06,
   13.77,
   12.56,
   11.93
  ],
  [
   6.27,
   4.41,
   0.76,
   5.19,
   12.53,
   12.57,
   12.27,
   12.42
  ],
  [
   10.27,
   6.49,
   4.96,
   0.76,
   8.68,
   10.04,
   11.68,
   12.72
  ],
  [
   16.65,
   14.64,
   12.05,
   9.29,
   0.76,
   3.67,
   6.97,
   10.8
  ],
  [
   15.2,
   13.88,
   12.12,
   10.22,
   5.12,
   0.76,
   6.0,
   8.24
  ],
  [
   14.03,
   13.38,
   12.29,
   12.17,
   8.69,
   5.87,
   0.76,
   5.42
  ],
  [
   11.09,
   11.67,
   12.1,
   13.24,
   12.45,
   8.03,
   5.92,
   0.76
  ]
 ],
 "chain_ptm": [
  0.15,
  0.16,
  0.17,
  0.16,
  0.15,
  0.16,
  0.15,
  0.15
 ],
 "fraction_disordered": 1.0,
 "has_clash": 0.0,
 "iptm": 0.28,
 "num_recycles": 10.0,
 "ptm": 0.32,
 "ranking_score": 0.79
}