{
 "chain_iptm": [
  0.29,
  0.3,
  0.28,
  0.28,
  0.31,
  0.32,
  0.29,
  0.21
 ],
 "chain_pair_iptm": [
  [
   0.16,
   0.39,
   0.34,
   0.26,
   0.29,
   0.3,
   0.27,
   0.19
  ],
  [
   0.39,
   0.16,
   0.38,
   0.28,
   0.31,
   0.31,
   0.26,
   0.18
  ],
  [
   0.34,
   0.38,
   0.16,
   0.27,
   0.3,
   0.29,
   0.24,
   0.16
  ],
  [
   0.26,
   0.28,
   0.27,
   0.15,
   0.37,
   0.32,
   0.26,
   0.17
  ],
  [
   0.29,
   0.31,
   0.3,
   0.37,
   0.17,
   0.39,
   0.32,
   0.21
  ],
  [
   0.3,
   0.31,
   0.29,
   0.32,
   0.39,
   0.17,
   0.36,
   0.25
  ],
  [
   0.27,
   0.26,
   0.24,
   0.26,
   0.32,
   0.36,
   0.16,
   0.3
  ],
  [
   0.19,
   0.18,
   0.16,
   0.17,
   0.21,
   0.25,
   0.3,
   0.14
  ]
 ],
 "chain_pair_pae_min": [
  [
   0.76,
   1.57,
   2.94,
   5.64,
   4.39,
   3.57,
   4.16,
   8.13
  ],
  [
   1.48,
   0.76,
   1.87,
   5.09,
   3.76,
   3.43,
   4.92,
   8.68
  ],
  [
   2.81,
   1.87,
   0.76,
   4.54,
   4.08,
   4.03,
   5.33,
   9.41
  ],
  [
   4.66,
   4.25,
   4.51,
   0.76,
   2.19,
   3.86,
   5.33,
   8.7
  ],
  [
   4.27,
   3.99,
   4.36,
   2.18,
   0.76,
   1.78,
   3.54,
   7.81
  ],
  [
   4.19,
   3.91,
   5.1,
   4.0,
   1.75,
   0.76,
   1.96,
   7.22
  ],
  [
   5.17,
   5.28,
   5.79,
   5.27,
   4.12,
   2.42,
   0.76,
   3.99
  ],
  [
   6.93,
   7.6,
   8.76,
   8.34,
   7.6,
   5.39,
   3.8,
   0.76
  ]
 ],
 "chain_ptm": [
  0.16,
  0.16,
  0.16,
  0.15,
  0.17,
  0.17,
  0.16,
  0.14
 ],
 "fraction_disordered": 1.0,
 "has_clash": 0.0,
 "iptm": 0.54,
 "num_recycles": 10.0,
 "ptm": 0.56,
 "ranking_score": 1.04
}