{
 "chain_iptm": [
  0.07,
  0.07,
  0.07,
  0.07,
  0.07,
  0.07,
  0.05,
  0.05
 ],
 "chain_pair_iptm": [
  [
   0.14,
   0.16,
   0.11,
   0.04,
   0.03,
   0.03,
   0.04,
   0.08
  ],
  [
   0.16,
   0.14,
   0.14,
   0.05,
   0.03,
   0.03,
   0.03,
   0.05
  ],
  [
   0.11,
   0.14,
   0.14,
   0.09,
   0.05,
   0.03,
   0.02,
   0.03
  ],
  [
   0.04,
   0.05,
   0.09,
   0.13,
   0.17,
   0.09,
   0.04,
   0.03
  ],
  [
   0.03,
   0.03,
   0.05,
   0.17,
   0.14,
   0.13,
   0.07,
   0.03
  ],
  [
   0.03,
   0.03,
   0.03,
   0.09,
   0.13,
   0.14,
   0.11,
   0.04
  ],
  [
   0.04,
   0.03,
   0.02,
   0.04,
   0.07,
   0.11,
   0.13,
   0.07
  ],
  [
   0.08,
   0.05,
   0.03,
   0.03,
   0.03,
   0.04,
   0.07,
   0.14
  ]
 ],
 "chain_pair_pae_min": [
  [
   0.76,
   4.56,
   6.76,
   14.2,
   16.71,
   18.22,
   16.14,
   10.03
  ],
  [
   4.8,
   0.76,
   5.77,
   10.96,
   15.11,
   18.37,
   18.95,
   15.1
  ],
  [
   7.38,
   5.98,
   0.76,
   6.63,
   12.7,
   16.89,
   19.74,
   18.38
  ],
  [
   13.84,
   10.16,
   8.48,
   0.76,
   4.28,
   8.9,
   17.25,
   18.72
  ],
  [
   16.81,
   16.37,
   13.28,
   5.53,
   0.76,
   5.65,
   11.58,
   16.64
  ],
  [
   17.55,
   17.89,
   17.31,
   12.22,
   6.82,
   0.76,
   8.15,
   13.13
  ],
  [
   14.53,
   18.95,
   19.72,
   17.3,
   12.23,
   7.23,
   0.76,
   7.74
  ],
  [
   9.24,
   13.85,
   18.36,
   18.91,
   16.36,
   11.87,
   9.24,
   0.76
  ]
 ],
 "chain_ptm": [
  0.14,
  0.14,
  0.14,
  0.13,
  0.14,
  0.14,
  0.13,
  0.14
 ],
 "fraction_disordered": 1.0,
 "has_clash": 0.0,
 "iptm": 0.17,
 "num_recycles": 10.0,
 "ptm": 0.2,
 "ranking_score": 0.67
}