{
 "chain_iptm": [
  0.12,
  0.12,
  0.12,
  0.11
 ],
 "chain_pair_iptm": [
  [
   0.4,
   0.15,
   0.1,
   0.1
  ],
  [
   0.15,
   0.4,
   0.11,
   0.09
  ],
  [
   0.1,
   0.11,
   0.4,
   0.14
  ],
  [
   0.1,
   0.09,
   0.14,
   0.41
  ]
 ],
 "chain_pair_pae_min": [
  [
   0.77,
   9.62,
   11.5,
   12.11
  ],
  [
   9.58,
   0.76,
   11.37,
   12.65
  ],
  [
   11.32,
   10.64,
   0.76,
   10.55
  ],
  [
   12.22,
   12.71,
   10.13,
   0.76
  ]
 ],
 "chain_ptm": [
  0.4,
  0.4,
  0.4,
  0.41
 ],
 "fraction_disordered": 1.0,
 "has_clash": 0.0,
 "iptm": 0.19,
 "num_recycles": 10.0,
 "ptm": 0.3,
 "ranking_score": 0.71
}