{
 "chain_iptm": [
  0.12,
  0.12,
  0.12,
  0.11
 ],
 "chain_pair_iptm": [
  [
   0.4,
   0.15,
   0.11,
   0.09
  ],
  [
   0.15,
   0.39,
   0.1,
   0.11
  ],
  [
   0.11,
   0.1,
   0.39,
   0.14
  ],
  [
   0.09,
   0.11,
   0.14,
   0.4
  ]
 ],
 "chain_pair_pae_min": [
  [
   0.77,
   9.57,
   11.75,
   12.46
  ],
  [
   9.37,
   0.77,
   11.9,
   12.11
  ],
  [
   11.35,
   11.89,
   0.76,
   10.69
  ],
  [
   12.55,
   12.06,
   10.09,
   0.76
  ]
 ],
 "chain_ptm": [
  0.4,
  0.39,
  0.39,
  0.4
 ],
 "fraction_disordered": 0.97,
 "has_clash": 0.0,
 "iptm": 0.19,
 "num_recycles": 10.0,
 "ptm": 0.3,
 "ranking_score": 0.69
}