{
 "chain_iptm": [
  0.12,
  0.12,
  0.12,
  0.12
 ],
 "chain_pair_iptm": [
  [
   0.4,
   0.15,
   0.11,
   0.09
  ],
  [
   0.15,
   0.4,
   0.1,
   0.11
  ],
  [
   0.11,
   0.1,
   0.4,
   0.14
  ],
  [
   0.09,
   0.11,
   0.14,
   0.4
  ]
 ],
 "chain_pair_pae_min": [
  [
   0.76,
   9.44,
   11.41,
   12.58
  ],
  [
   9.27,
   0.76,
   11.47,
   11.98
  ],
  [
   11.08,
   11.34,
   0.76,
   10.39
  ],
  [
   12.36,
   11.75,
   9.86,
   0.76
  ]
 ],
 "chain_ptm": [
  0.4,
  0.4,
  0.4,
  0.4
 ],
 "fraction_disordered": 1.0,
 "has_clash": 0.0,
 "iptm": 0.18,
 "num_recycles": 10.0,
 "ptm": 0.3,
 "ranking_score": 0.71
}