{
 "chain_iptm": [
  0.11,
  0.13,
  0.12,
  0.12
 ],
 "chain_pair_iptm": [
  [
   0.41,
   0.15,
   0.09,
   0.09
  ],
  [
   0.15,
   0.41,
   0.12,
   0.13
  ],
  [
   0.09,
   0.12,
   0.4,
   0.16
  ],
  [
   0.09,
   0.13,
   0.16,
   0.4
  ]
 ],
 "chain_pair_pae_min": [
  [
   0.76,
   9.52,
   12.54,
   13.63
  ],
  [
   9.71,
   0.76,
   12.01,
   11.56
  ],
  [
   12.39,
   11.63,
   0.76,
   9.88
  ],
  [
   13.7,
   11.0,
   9.38,
   0.76
  ]
 ],
 "chain_ptm": [
  0.41,
  0.41,
  0.4,
  0.4
 ],
 "fraction_disordered": 1.0,
 "has_clash": 0.0,
 "iptm": 0.19,
 "num_recycles": 10.0,
 "ptm": 0.31,
 "ranking_score": 0.72
}