{
 "chain_iptm": [
  0.11,
  0.11,
  0.1,
  0.1
 ],
 "chain_pair_iptm": [
  [
   0.41,
   0.13,
   0.09,
   0.09
  ],
  [
   0.13,
   0.41,
   0.1,
   0.08
  ],
  [
   0.09,
   0.1,
   0.4,
   0.12
  ],
  [
   0.09,
   0.08,
   0.12,
   0.41
  ]
 ],
 "chain_pair_pae_min": [
  [
   0.76,
   9.55,
   12.01,
   12.23
  ],
  [
   9.5,
   0.76,
   11.59,
   12.68
  ],
  [
   11.58,
   10.83,
   0.76,
   11.07
  ],
  [
   12.43,
   12.77,
   10.5,
   0.76
  ]
 ],
 "chain_ptm": [
  0.41,
  0.41,
  0.4,
  0.41
 ],
 "fraction_disordered": 1.0,
 "has_clash": 0.0,
 "iptm": 0.17,
 "num_recycles": 10.0,
 "ptm": 0.29,
 "ranking_score": 0.69
}