{
 "chain_iptm": [
  0.08,
  0.09,
  0.09,
  0.08,
  0.07,
  0.08,
  0.08,
  0.08,
  0.08,
  0.07,
  0.07,
  0.05,
  0.05,
  0.05
 ],
 "chain_pair_iptm": [
  [
   0.15,
   0.3,
   0.23,
   0.16,
   0.04,
   0.04,
   0.04,
   0.03,
   0.03,
   0.03,
   0.03,
   0.02,
   0.05,
   0.08
  ],
  [
   0.3,
   0.16,
   0.29,
   0.21,
   0.04,
   0.04,
   0.04,
   0.04,
   0.03,
   0.03,
   0.02,
   0.02,
   0.04,
   0.05
  ],
  [
   0.23,
   0.29,
   0.15,
   0.27,
   0.06,
   0.05,
   0.05,
   0.04,
   0.03,
   0.02,
   0.02,
   0.02,
   0.03,
   0.04
  ],
  [
   0.16,
   0.21,
   0.27,
   0.14,
   0.07,
   0.07,
   0.06,
   0.04,
   0.03,
   0.02,
   0.02,
   0.02,
   0.02,
   0.03
  ],
  [
   0.04,
   0.04,
   0.06,
   0.07,
   0.13,
   0.25,
   0.16,
   0.09,
   0.05,
   0.03,
   0.02,
   0.02,
   0.02,
   0.02
  ],
  [
   0.04,
   0.04,
   0.05,
   0.07,
   0.25,
   0.14,
   0.22,
   0.13,
   0.07,
   0.04,
   0.03,
   0.02,
   0.02,
   0.02
  ],
  [
   0.04,
   0.04,
   0.05,
   0.06,
   0.16,
   0.22,
   0.14,
   0.19,
   0.11,
   0.06,
   0.04,
   0.03,
   0.02,
   0.02
  ],
  [
   0.03,
   0.04,
   0.04,
   0.04,
   0.09,
   0.13,
   0.19,
   0.13,
   0.18,
   0.11,
   0.06,
   0.04,
   0.02,
   0.02
  ],
  [
   0.03,
   0.03,
   0.03,
   0.03,
   0.05,
   0.07,
   0.11,
   0.18,
   0.13,
   0.19,
   0.12,
   0.08,
   0.03,
   0.03
  ],
  [
   0.03,
   0.03,
   0.02,
   0.02,
   0.03,
   0.04,
   0.06,
   0.11,
   0.19,
   0.13,
   0.21,
   0.14,
   0.04,
   0.03
  ],
  [
   0.03,
   0.02,
   0.02,
   0.02,
   0.02,
   0.03,
   0.04,
   0.06,
   0.12,
   0.21,
   0.13,
   0.21,
   0.05,
   0.04
  ],
  [
   0.02,
   0.02,
   0.02,
   0.02,
   0.02,
   0.02,
   0.03,
   0.04,
   0.08,
   0.14,
   0.21,
   0.13,
   0.05,
   0.04
  ],
  [
   0.05,
   0.04,
   0.03,
   0.02,
   0.02,
   0.02,
   0.02,
   0.02,
   0.03,
   0.04,
   0.05,
   0.05,
   0.13,
   0.2
  ],
  [
   0.08,
   0.05,
   0.04,
   0.03,
   0.02,
   0.02,
   0.02,
   0.02,
   0.03,
   0.03,
   0.04,
   0.04,
   0.2,
   0.13
  ]
 ],
 "chain_pair_pae_min": [
  [
   0.76,
   3.54,
   5.54,
   10.36,
   17.2,
   17.05,
   16.62,
   17.04,
   17.59,
   17.5,
   19.86,
   21.72,
   19.67,
   18.58
  ],
  [
   4.03,
   0.76,
   3.68,
   7.65,
   15.15,
   14.38,
   14.91,
   15.85,
   17.89,
   19.24,
   20.8,
   22.95,
   22.06,
   19.92
  ],
  [
   5.09,
   4.49,
   0.76,
   4.74,
   12.54,
   13.62,
   13.26,
   15.54,
   18.46,
   20.09,
   21.63,
   23.46,
   22.5,
   21.45
  ],
  [
   9.98,
   6.83,
   4.91,
   0.76,
   10.12,
   10.78,
   12.18,
   15.18,
   18.73,
   20.3,
   22.11,
   23.83,
   23.06,
   22.2
  ],
  [
   18.01,
   15.82,
   12.79,
   10.25,
   0.76,
   4.5,
   7.94,
   14.03,
   17.27,
   20.05,
   22.52,
   24.34,
   24.76,
   24.29
  ],
  [
   18.06,
   16.22,
   13.42,
   11.14,
   5.56,
   0.76,
   5.24,
   10.2,
   14.81,
   18.47,
   21.23,
   23.63,
   24.17,
   23.72
  ],
  [
   18.14,
   16.5,
   14.56,
   13.94,
   9.68,
   6.31,
   0.76,
   6.52,
   11.03,
   15.12,
   19.11,
   22.04,
   23.19,
   23.03
  ],
  [
   18.37,
   17.76,
   16.89,
   16.11,
   15.21,
   11.3,
   7.04,
   0.76,
   6.47,
   10.65,
   15.52,
   19.5,
   21.44,
   21.41
  ],
  [
   18.51,
   19.06,
   18.78,
   19.27,
   19.55,
   16.94,
   12.54,
   7.34,
   0.76,
   6.42,
   10.42,
   16.03,
   19.19,
   19.58
  ],
  [
   18.79,
   19.51,
   21.36,
   21.71,
   21.09,
   20.09,
   16.77,
   12.15,
   7.03,
   0.76,
   6.11,
   10.38,
   16.05,
   17.83
  ],
  [
   19.04,
   21.29,
   22.66,
   23.34,
   22.96,
   21.55,
   19.55,
   16.2,
   10.42,
   6.38,
   0.76,
   5.1,
   13.04,
   16.48
  ],
  [
   20.36,
   22.53,
   23.9,
   24.61,
   24.73,
   23.45,
   21.71,
   18.3,
   14.99,
   9.01,
   5.02,
   0.76,
   11.15,
   15.18
  ],
  [
   17.75,
   20.88,
   22.78,
   23.87,
   25.77,
   24.63,
   23.14,
   21.34,
   18.28,
   14.42,
   12.04,
   11.34,
   0.76,
   6.47
  ],
  [
   17.14,
   18.45,
   22.15,
   23.15,
   25.14,
   23.99,
   22.96,
   21.39,
   18.52,
   16.86,
   15.68,
   15.07,
   6.56,
   0.76
  ]
 ],
 "chain_ptm": [
  0.15,
  0.16,
  0.15,
  0.14,
  0.13,
  0.14,
  0.14,
  0.13,
  0.13,
  0.13,
  0.13,
  0.13,
  0.13,
  0.13
 ],
 "fraction_disordered": 1.0,
 "has_clash": 0.0,
 "iptm": 0.24,
 "num_recycles": 10.0,
 "ptm": 0.27,
 "ranking_score": 0.74
}