{
 "chain_iptm": [
  0.07,
  0.09,
  0.09,
  0.1,
  0.1,
  0.09,
  0.07,
  0.07,
  0.08,
  0.08,
  0.07,
  0.06,
  0.05,
  0.04
 ],
 "chain_pair_iptm": [
  [
   0.14,
   0.29,
   0.23,
   0.14,
   0.09,
   0.05,
   0.03,
   0.02,
   0.02,
   0.02,
   0.02,
   0.02,
   0.02,
   0.02
  ],
  [
   0.29,
   0.15,
   0.28,
   0.19,
   0.11,
   0.07,
   0.04,
   0.02,
   0.03,
   0.02,
   0.02,
   0.02,
   0.02,
   0.02
  ],
  [
   0.23,
   0.28,
   0.15,
   0.25,
   0.16,
   0.1,
   0.06,
   0.03,
   0.03,
   0.02,
   0.02,
   0.02,
   0.02,
   0.02
  ],
  [
   0.14,
   0.19,
   0.25,
   0.15,
   0.25,
   0.16,
   0.1,
   0.04,
   0.03,
   0.03,
   0.02,
   0.02,
   0.02,
   0.02
  ],
  [
   0.09,
   0.11,
   0.16,
   0.25,
   0.15,
   0.25,
   0.17,
   0.05,
   0.05,
   0.04,
   0.03,
   0.02,
   0.02,
   0.02
  ],
  [
   0.05,
   0.07,
   0.1,
   0.16,
   0.25,
   0.15,
   0.26,
   0.07,
   0.06,
   0.04,
   0.03,
   0.02,
   0.02,
   0.01
  ],
  [
   0.03,
   0.04,
   0.06,
   0.1,
   0.17,
   0.26,
   0.14,
   0.08,
   0.06,
   0.04,
   0.03,
   0.02,
   0.02,
   0.01
  ],
  [
   0.02,
   0.02,
   0.03,
   0.04,
   0.05,
   0.07,
   0.08,
   0.13,
   0.24,
   0.15,
   0.07,
   0.04,
   0.02,
   0.02
  ],
  [
   0.02,
   0.03,
   0.03,
   0.03,
   0.05,
   0.06,
   0.06,
   0.24,
   0.14,
   0.22,
   0.12,
   0.06,
   0.03,
   0.02
  ],
  [
   0.02,
   0.02,
   0.02,
   0.03,
   0.04,
   0.04,
   0.04,
   0.15,
   0.22,
   0.14,
   0.2,
   0.11,
   0.05,
   0.03
  ],
  [
   0.02,
   0.02,
   0.02,
   0.02,
   0.03,
   0.03,
   0.03,
   0.07,
   0.12,
   0.2,
   0.13,
   0.19,
   0.09,
   0.05
  ],
  [
   0.02,
   0.02,
   0.02,
   0.02,
   0.02,
   0.02,
   0.02,
   0.04,
   0.06,
   0.11,
   0.19,
   0.13,
   0.17,
   0.09
  ],
  [
   0.02,
   0.02,
   0.02,
   0.02,
   0.02,
   0.02,
   0.02,
   0.02,
   0.03,
   0.05,
   0.09,
   0.17,
   0.13,
   0.18
  ],
  [
   0.02,
   0.02,
   0.02,
   0.02,
   0.02,
   0.01,
   0.01,
   0.02,
   0.02,
   0.03,
   0.05,
   0.09,
   0.18,
   0.13
  ]
 ],
 "chain_pair_pae_min": [
  [
   0.76,
   4.13,
   5.84,
   10.77,
   14.8,
   17.6,
   19.83,
   21.4,
   21.01,
   21.38,
   21.3,
   20.24,
   20.28,
   19.91
  ],
  [
   4.1,
   0.76,
   4.29,
   7.88,
   12.55,
   15.43,
   18.09,
   19.93,
   19.86,
   19.96,
   19.91,
   19.45,
   20.54,
   21.35
  ],
  [
   5.35,
   4.72,
   0.76,
   5.39,
   9.51,
   13.63,
   16.92,
   18.64,
   18.76,
   19.07,
   19.71,
   20.45,
   21.5,
   22.89
  ],
  [
   10.9,
   7.92,
   5.54,
   0.76,
   5.06,
   9.25,
   14.12,
   17.06,
   17.1,
   18.54,
   19.89,
   21.14,
   22.6,
   23.57
  ],
  [
   14.33,
   12.29,
   9.08,
   5.73,
   0.76,
   5.28,
   9.6,
   14.09,
   14.48,
   16.3,
   19.35,
   21.08,
   22.73,
   24.01
  ],
  [
   17.89,
   15.66,
   13.27,
   9.04,
   5.39,
   0.76,
   4.98,
   10.71,
   12.77,
   15.89,
   19.52,
   21.53,
   23.52,
   24.52
  ],
  [
   20.43,
   18.86,
   16.12,
   13.69,
   8.39,
   5.38,
   0.76,
   8.58,
   10.66,
   15.64,
   19.53,
   21.71,
   24.04,
   25.37
  ],
  [
   23.27,
   21.24,
   19.65,
   18.2,
   13.94,
   10.16,
   9.19,
   0.76,
   5.08,
   9.13,
   15.69,
   19.2,
   22.4,
   24.41
  ],
  [
   22.84,
   21.27,
   20.53,
   17.96,
   13.79,
   13.04,
   11.89,
   5.89,
   0.76,
   5.68,
   11.14,
   16.18,
   20.06,
   23.18
  ],
  [
   22.82,
   21.68,
   20.62,
   18.38,
   16.72,
   15.4,
   15.85,
   10.46,
   6.72,
   0.76,
   6.39,
   12.07,
   17.3,
   21.43
  ],
  [
   22.38,
   21.16,
   20.5,
   20.25,
   19.32,
   19.45,
   20.0,
   16.46,
   11.44,
   7.31,
   0.76,
   6.97,
   12.77,
   18.15
  ],
  [
   20.92,
   20.31,
   21.09,
   21.69,
   22.4,
   21.73,
   21.6,
   20.64,
   16.31,
   11.43,
   7.15,
   0.76,
   8.01,
   14.28
  ],
  [
   19.61,
   19.92,
   21.57,
   23.06,
   23.66,
   23.35,
   23.81,
   23.0,
   20.38,
   16.13,
   11.92,
   7.61,
   0.76,
   8.65
  ],
  [
   18.33,
   20.13,
   22.48,
   23.61,
   24.25,
   24.93,
   25.49,
   24.58,
   22.45,
   20.04,
   16.52,
   11.92,
   7.04,
   0.76
  ]
 ],
 "chain_ptm": [
  0.14,
  0.15,
  0.15,
  0.15,
  0.15,
  0.15,
  0.14,
  0.13,
  0.14,
  0.14,
  0.13,
  0.13,
  0.13,
  0.13
 ],
 "fraction_disordered": 1.0,
 "has_clash": 0.0,
 "iptm": 0.25,
 "num_recycles": 10.0,
 "ptm": 0.28,
 "ranking_score": 0.76
}