{
 "chain_iptm": [
  0.04,
  0.05,
  0.05,
  0.05,
  0.05,
  0.05,
  0.05,
  0.05,
  0.05,
  0.05,
  0.05,
  0.04,
  0.03,
  0.02
 ],
 "chain_pair_iptm": [
  [
   0.1,
   0.17,
   0.12,
   0.07,
   0.04,
   0.03,
   0.01,
   0.01,
   0.01,
   0.01,
   0.01,
   0.01,
   0.01,
   0.01
  ],
  [
   0.17,
   0.1,
   0.16,
   0.1,
   0.06,
   0.04,
   0.02,
   0.01,
   0.01,
   0.01,
   0.01,
   0.01,
   0.01,
   0.01
  ],
  [
   0.12,
   0.16,
   0.1,
   0.15,
   0.1,
   0.06,
   0.02,
   0.02,
   0.01,
   0.01,
   0.01,
   0.01,
   0.01,
   0.01
  ],
  [
   0.07,
   0.1,
   0.15,
   0.11,
   0.15,
   0.11,
   0.04,
   0.02,
   0.02,
   0.01,
   0.01,
   0.01,
   0.01,
   0.01
  ],
  [
   0.04,
   0.06,
   0.1,
   0.15,
   0.11,
   0.16,
   0.06,
   0.04,
   0.02,
   0.02,
   0.01,
   0.01,
   0.01,
   0.01
  ],
  [
   0.03,
   0.04,
   0.06,
   0.11,
   0.16,
   0.11,
   0.1,
   0.06,
   0.04,
   0.02,
   0.02,
   0.01,
   0.01,
   0.01
  ],
  [
   0.01,
   0.02,
   0.02,
   0.04,
   0.06,
   0.1,
   0.11,
   0.17,
   0.11,
   0.06,
   0.04,
   0.02,
   0.02,
   0.01
  ],
  [
   0.01,
   0.01,
   0.02,
   0.02,
   0.04,
   0.06,
   0.17,
   0.11,
   0.15,
   0.1,
   0.05,
   0.03,
   0.02,
   0.01
  ],
  [
   0.01,
   0.01,
   0.01,
   0.02,
   0.02,
   0.04,
   0.11,
   0.15,
   0.11,
   0.15,
   0.09,
   0.05,
   0.03,
   0.02
  ],
  [
   0.01,
   0.01,
   0.01,
   0.01,
   0.02,
   0.02,
   0.06,
   0.1,
   0.15,
   0.11,
   0.14,
   0.08,
   0.04,
   0.02
  ],
  [
   0.01,
   0.01,
   0.01,
   0.01,
   0.01,
   0.02,
   0.04,
   0.05,
   0.09,
   0.14,
   0.1,
   0.13,
   0.07,
   0.03
  ],
  [
   0.01,
   0.01,
   0.01,
   0.01,
   0.01,
   0.01,
   0.02,
   0.03,
   0.05,
   0.08,
   0.13,
   0.1,
   0.12,
   0.06
  ],
  [
   0.01,
   0.01,
   0.01,
   0.01,
   0.01,
   0.01,
   0.02,
   0.02,
   0.03,
   0.04,
   0.07,
   0.12,
   0.09,
   0.1
  ],
  [
   0.01,
   0.01,
   0.01,
   0.01,
   0.01,
   0.01,
   0.01,
   0.01,
   0.02,
   0.02,
   0.03,
   0.06,
   0.1,
   0.08
  ]
 ],
 "chain_pair_pae_min": [
  [
   0.76,
   5.54,
   7.02,
   14.18,
   17.99,
   21.55,
   24.09,
   25.62,
   26.72,
   27.59,
   28.26,
   28.4,
   28.72,
   28.9
  ],
  [
   6.17,
   0.76,
   5.33,
   11.1,
   15.82,
   19.67,
   22.63,
   24.15,
   25.51,
   26.87,
   27.79,
   28.2,
   28.62,
   28.87
  ],
  [
   8.51,
   6.33,
   0.76,
   8.08,
   12.84,
   16.82,
   21.42,
   23.32,
   24.58,
   25.85,
   27.08,
   27.91,
   28.41,
   28.86
  ],
  [
   16.26,
   11.74,
   7.82,
   0.76,
   7.78,
   12.86,
   18.52,
   21.44,
   23.06,
   24.59,
   26.25,
   27.08,
   28.06,
   28.78
  ],
  [
   19.97,
   17.34,
   12.34,
   7.72,
   0.76,
   7.02,
   13.64,
   18.29,
   20.79,
   22.75,
   24.89,
   26.32,
   27.61,
   28.55
  ],
  [
   22.72,
   19.95,
   16.79,
   11.14,
   6.81,
   0.76,
   9.52,
   12.9,
   17.29,
   20.1,
   22.46,
   25.01,
   26.76,
   28.12
  ],
  [
   25.21,
   23.69,
   21.4,
   18.4,
   14.79,
   9.79,
   0.76,
   5.29,
   10.25,
   14.85,
   18.51,
   21.89,
   24.83,
   26.66
  ],
  [
   26.16,
   25.19,
   23.17,
   21.41,
   18.32,
   13.87,
   6.06,
   0.76,
   6.5,
   11.41,
   15.59,
   19.63,
   23.34,
   25.78
  ],
  [
   27.13,
   26.06,
   24.78,
   23.31,
   21.3,
   17.92,
   10.84,
   7.59,
   0.76,
   7.82,
   12.08,
   16.38,
   21.22,
   24.91
  ],
  [
   27.88,
   26.97,
   25.87,
   24.67,
   23.14,
   20.91,
   16.41,
   11.35,
   7.75,
   0.76,
   7.24,
   12.67,
   18.32,
   23.32
  ],
  [
   28.22,
   27.61,
   26.74,
   25.86,
   24.66,
   23.21,
   19.94,
   16.47,
   12.21,
   7.77,
   0.76,
   6.77,
   14.02,
   20.48
  ],
  [
   28.54,
   28.1,
   27.82,
   26.97,
   25.88,
   24.54,
   22.32,
   20.39,
   17.31,
   12.47,
   7.7,
   0.76,
   8.02,
   15.55
  ],
  [
   29.01,
   28.77,
   28.61,
   27.98,
   27.22,
   26.36,
   24.59,
   22.96,
   21.03,
   18.5,
   13.42,
   8.33,
   0.76,
   9.24
  ],
  [
   29.58,
   29.26,
   29.13,
   29.03,
   28.64,
   28.01,
   26.98,
   25.65,
   24.12,
   22.0,
   19.56,
   14.52,
   7.67,
   0.76
  ]
 ],
 "chain_ptm": [
  0.1,
  0.1,
  0.1,
  0.11,
  0.11,
  0.11,
  0.11,
  0.11,
  0.11,
  0.11,
  0.1,
  0.1,
  0.09,
  0.08
 ],
 "fraction_disordered": 1.0,
 "has_clash": 0.0,
 "iptm": 0.18,
 "num_recycles": 10.0,
 "ptm": 0.21,
 "ranking_score": 0.69
}