{
 "chain_iptm": [
  0.2,
  0.2,
  0.18,
  0.15,
  0.17,
  0.2,
  0.21,
  0.2,
  0.17,
  0.14,
  0.15,
  0.13,
  0.1,
  0.06
 ],
 "chain_pair_iptm": [
  [
   0.15,
   0.36,
   0.31,
   0.23,
   0.22,
   0.25,
   0.26,
   0.24,
   0.17,
   0.12,
   0.17,
   0.12,
   0.07,
   0.04
  ],
  [
   0.36,
   0.16,
   0.35,
   0.27,
   0.25,
   0.27,
   0.27,
   0.23,
   0.16,
   0.11,
   0.14,
   0.11,
   0.06,
   0.04
  ],
  [
   0.31,
   0.35,
   0.15,
   0.3,
   0.25,
   0.25,
   0.24,
   0.18,
   0.13,
   0.09,
   0.11,
   0.09,
   0.05,
   0.03
  ],
  [
   0.23,
   0.27,
   0.3,
   0.14,
   0.23,
   0.22,
   0.19,
   0.15,
   0.1,
   0.07,
   0.09,
   0.07,
   0.04,
   0.02
  ],
  [
   0.22,
   0.25,
   0.25,
   0.23,
   0.14,
   0.32,
   0.28,
   0.22,
   0.15,
   0.1,
   0.1,
   0.08,
   0.04,
   0.03
  ],
  [
   0.25,
   0.27,
   0.25,
   0.22,
   0.32,
   0.15,
   0.35,
   0.28,
   0.2,
   0.13,
   0.12,
   0.09,
   0.05,
   0.03
  ],
  [
   0.26,
   0.27,
   0.24,
   0.19,
   0.28,
   0.35,
   0.16,
   0.34,
   0.26,
   0.17,
   0.15,
   0.11,
   0.06,
   0.03
  ],
  [
   0.24,
   0.23,
   0.18,
   0.15,
   0.22,
   0.28,
   0.34,
   0.15,
   0.31,
   0.23,
   0.19,
   0.14,
   0.07,
   0.04
  ],
  [
   0.17,
   0.16,
   0.13,
   0.1,
   0.15,
   0.2,
   0.26,
   0.31,
   0.14,
   0.28,
   0.19,
   0.15,
   0.09,
   0.05
  ],
  [
   0.12,
   0.11,
   0.09,
   0.07,
   0.1,
   0.13,
   0.17,
   0.23,
   0.28,
   0.13,
   0.17,
   0.16,
   0.1,
   0.06
  ],
  [
   0.17,
   0.14,
   0.11,
   0.09,
   0.1,
   0.12,
   0.15,
   0.19,
   0.19,
   0.17,
   0.13,
   0.25,
   0.16,
   0.09
  ],
  [
   0.12,
   0.11,
   0.09,
   0.07,
   0.08,
   0.09,
   0.11,
   0.14,
   0.15,
   0.16,
   0.25,
   0.14,
   0.23,
   0.13
  ],
  [
   0.07,
   0.06,
   0.05,
   0.04,
   0.04,
   0.05,
   0.06,
   0.07,
   0.09,
   0.1,
   0.16,
   0.23,
   0.13,
   0.21
  ],
  [
   0.04,
   0.04,
   0.03,
   0.02,
   0.03,
   0.03,
   0.03,
   0.04,
   0.05,
   0.06,
   0.09,
   0.13,
   0.21,
   0.11
  ]
 ],
 "chain_pair_pae_min": [
  [
   0.76,
   1.72,
   3.46,
   7.53,
   7.1,
   4.54,
   4.25,
   4.98,
   9.38,
   12.7,
   8.42,
   12.14,
   15.99,
   19.54
  ],
  [
   1.88,
   0.76,
   2.47,
   6.89,
   6.94,
   4.47,
   4.22,
   5.8,
   10.09,
   12.87,
   10.78,
   13.14,
   16.97,
   20.36
  ],
  [
   3.94,
   2.67,
   0.76,
   3.73,
   6.44,
   5.41,
   5.11,
   7.46,
   11.64,
   13.73,
   13.04,
   14.33,
   17.87,
   21.16
  ],
  [
   6.69,
   5.11,
   3.91,
   0.76,
   5.56,
   6.36,
   7.55,
   9.53,
   12.66,
   15.24,
   14.25,
   15.72,
   19.04,
   22.78
  ],
  [
   6.24,
   5.53,
   5.35,
   6.49,
   0.76,
   2.76,
   5.02,
   7.14,
   10.33,
   13.4,
   12.4,
   14.17,
   18.53,
   21.89
  ],
  [
   5.8,
   5.01,
   5.71,
   7.86,
   2.86,
   0.76,
   2.27,
   5.05,
   8.43,
   12.23,
   11.44,
   13.6,
   17.67,
   21.05
  ],
  [
   5.25,
   4.56,
   6.3,
   9.31,
   6.05,
   2.6,
   0.76,
   2.46,
   6.65,
   10.27,
   9.68,
   12.8,
   17.23,
   20.85
  ],
  [
   6.79,
   6.92,
   8.61,
   11.27,
   9.22,
   5.26,
   2.7,
   0.76,
   2.96,
   8.44,
   8.33,
   10.38,
   15.65,
   20.14
  ],
  [
   9.71,
   10.46,
   12.75,
   14.92,
   12.63,
   9.58,
   5.95,
   3.0,
   0.76,
   3.93,
   7.53,
   8.96,
   13.33,
   18.8
  ],
  [
   12.94,
   14.43,
   15.59,
   18.08,
   15.89,
   13.17,
   10.27,
   6.22,
   4.04,
   0.76,
   7.99,
   8.59,
   12.19,
   17.58
  ],
  [
   9.87,
   12.54,
   15.1,
   16.65,
   15.36,
   13.13,
   9.45,
   7.18,
   7.0,
   8.45,
   0.76,
   4.29,
   9.66,
   14.62
  ],
  [
   13.35,
   15.43,
   17.06,
   18.85,
   17.48,
   15.94,
   13.55,
   9.46,
   9.1,
   9.23,
   4.83,
   0.76,
   6.15,
   11.81
  ],
  [
   17.59,
   19.04,
   20.66,
   23.13,
   21.36,
   20.15,
   18.62,
   16.59,
   12.67,
   12.7,
   11.3,
   5.92,
   0.76,
   7.72
  ],
  [
   20.58,
   22.54,
   24.6,
   26.36,
   24.62,
   23.34,
   21.3,
   19.48,
   17.59,
   15.53,
   15.52,
   10.36,
   5.76,
   0.76
  ]
 ],
 "chain_ptm": [
  0.15,
  0.16,
  0.15,
  0.14,
  0.14,
  0.15,
  0.16,
  0.15,
  0.14,
  0.13,
  0.13,
  0.14,
  0.13,
  0.11
 ],
 "fraction_disordered": 1.0,
 "has_clash": 0.0,
 "iptm": 0.45,
 "num_recycles": 10.0,
 "ptm": 0.47,
 "ranking_score": 0.95
}