{
 "chain_iptm": [
  0.05,
  0.06,
  0.07,
  0.06,
  0.06,
  0.05,
  0.05,
  0.07,
  0.07,
  0.07,
  0.07,
  0.06,
  0.05,
  0.04
 ],
 "chain_pair_iptm": [
  [
   0.13,
   0.23,
   0.17,
   0.08,
   0.05,
   0.03,
   0.01,
   0.01,
   0.01,
   0.01,
   0.02,
   0.02,
   0.02,
   0.02
  ],
  [
   0.23,
   0.13,
   0.21,
   0.12,
   0.07,
   0.04,
   0.01,
   0.02,
   0.02,
   0.02,
   0.02,
   0.02,
   0.02,
   0.02
  ],
  [
   0.17,
   0.21,
   0.13,
   0.18,
   0.1,
   0.06,
   0.02,
   0.02,
   0.02,
   0.01,
   0.01,
   0.01,
   0.01,
   0.02
  ],
  [
   0.08,
   0.12,
   0.18,
   0.13,
   0.19,
   0.12,
   0.02,
   0.02,
   0.02,
   0.02,
   0.01,
   0.01,
   0.01,
   0.01
  ],
  [
   0.05,
   0.07,
   0.1,
   0.19,
   0.13,
   0.19,
   0.04,
   0.03,
   0.02,
   0.02,
   0.02,
   0.01,
   0.01,
   0.01
  ],
  [
   0.03,
   0.04,
   0.06,
   0.12,
   0.19,
   0.12,
   0.05,
   0.04,
   0.03,
   0.02,
   0.02,
   0.02,
   0.01,
   0.01
  ],
  [
   0.01,
   0.01,
   0.02,
   0.02,
   0.04,
   0.05,
   0.13,
   0.23,
   0.14,
   0.07,
   0.04,
   0.03,
   0.02,
   0.01
  ],
  [
   0.01,
   0.02,
   0.02,
   0.02,
   0.03,
   0.04,
   0.23,
   0.14,
   0.22,
   0.12,
   0.07,
   0.04,
   0.02,
   0.02
  ],
  [
   0.01,
   0.02,
   0.02,
   0.02,
   0.02,
   0.03,
   0.14,
   0.22,
   0.13,
   0.2,
   0.11,
   0.06,
   0.03,
   0.02
  ],
  [
   0.01,
   0.02,
   0.01,
   0.02,
   0.02,
   0.02,
   0.07,
   0.12,
   0.2,
   0.13,
   0.2,
   0.11,
   0.05,
   0.03
  ],
  [
   0.02,
   0.02,
   0.01,
   0.01,
   0.02,
   0.02,
   0.04,
   0.07,
   0.11,
   0.2,
   0.13,
   0.19,
   0.1,
   0.05
  ],
  [
   0.02,
   0.02,
   0.01,
   0.01,
   0.01,
   0.02,
   0.03,
   0.04,
   0.06,
   0.11,
   0.19,
   0.13,
   0.18,
   0.1
  ],
  [
   0.02,
   0.02,
   0.01,
   0.01,
   0.01,
   0.01,
   0.02,
   0.02,
   0.03,
   0.05,
   0.1,
   0.18,
   0.12,
   0.17
  ],
  [
   0.02,
   0.02,
   0.02,
   0.01,
   0.01,
   0.01,
   0.01,
   0.02,
   0.02,
   0.03,
   0.05,
   0.1,
   0.17,
   0.11
  ]
 ],
 "chain_pair_pae_min": [
  [
   0.76,
   4.88,
   7.32,
   13.12,
   16.96,
   19.96,
   24.49,
   24.09,
   24.03,
   23.59,
   22.97,
   21.33,
   21.45,
   22.18
  ],
  [
   5.02,
   0.76,
   5.35,
   9.9,
   14.67,
   18.08,
   23.31,
   23.07,
   23.21,
   22.93,
   22.13,
   20.67,
   21.4,
   23.47
  ],
  [
   7.11,
   6.43,
   0.76,
   7.42,
   11.18,
   16.17,
   22.31,
   22.49,
   22.38,
   22.52,
   21.71,
   21.43,
   22.55,
   24.88
  ],
  [
   13.47,
   10.28,
   7.67,
   0.76,
   7.31,
   11.63,
   20.71,
   20.71,
   20.46,
   21.48,
   22.05,
   22.81,
   24.6,
   25.76
  ],
  [
   18.1,
   15.09,
   11.62,
   8.01,
   0.76,
   7.21,
   16.44,
   17.9,
   18.03,
   19.64,
   21.65,
   23.64,
   25.19,
   26.07
  ],
  [
   21.11,
   19.08,
   16.61,
   11.3,
   7.35,
   0.76,
   11.55,
   13.85,
   15.39,
   18.35,
   21.79,
   23.87,
   25.5,
   26.65
  ],
  [
   25.01,
   23.33,
   21.79,
   19.48,
   15.2,
   10.94,
   0.76,
   4.82,
   9.67,
   15.47,
   18.64,
   21.12,
   22.97,
   24.47
  ],
  [
   24.38,
   22.37,
   21.47,
   20.79,
   17.19,
   14.26,
   5.7,
   0.76,
   6.15,
   11.32,
   16.11,
   19.13,
   21.43,
   23.34
  ],
  [
   24.16,
   22.62,
   22.92,
   21.43,
   18.65,
   17.08,
   11.5,
   6.88,
   0.76,
   6.84,
   11.39,
   16.11,
   19.45,
   21.79
  ],
  [
   23.69,
   23.03,
   22.45,
   21.59,
   20.59,
   20.08,
   17.15,
   11.89,
   7.13,
   0.76,
   7.12,
   11.71,
   16.58,
   19.73
  ],
  [
   22.63,
   21.81,
   21.64,
   22.24,
   22.44,
   22.32,
   21.1,
   17.0,
   11.61,
   6.96,
   0.76,
   7.08,
   12.6,
   17.49
  ],
  [
   21.12,
   20.99,
   21.84,
   23.57,
   24.1,
   23.2,
   22.74,
   20.42,
   16.55,
   11.18,
   6.94,
   0.76,
   7.88,
   13.64
  ],
  [
   19.71,
   20.24,
   22.11,
   24.66,
   24.66,
   24.51,
   25.06,
   22.97,
   20.53,
   17.4,
   11.7,
   7.83,
   0.76,
   8.15
  ],
  [
   19.71,
   20.77,
   23.47,
   24.97,
   25.63,
   26.49,
   26.68,
   25.17,
   23.3,
   21.26,
   18.47,
   13.16,
   7.6,
   0.76
  ]
 ],
 "chain_ptm": [
  0.13,
  0.13,
  0.13,
  0.13,
  0.13,
  0.12,
  0.13,
  0.14,
  0.13,
  0.13,
  0.13,
  0.13,
  0.12,
  0.11
 ],
 "fraction_disordered": 1.0,
 "has_clash": 0.0,
 "iptm": 0.2,
 "num_recycles": 10.0,
 "ptm": 0.22,
 "ranking_score": 0.7
}