{
 "chain_iptm": [
  0.06,
  0.06,
  0.06,
  0.06,
  0.05,
  0.06,
  0.06
 ],
 "chain_pair_iptm": [
  [
   0.22,
   0.11,
   0.06,
   0.05,
   0.04,
   0.05,
   0.05
  ],
  [
   0.11,
   0.23,
   0.05,
   0.05,
   0.04,
   0.05,
   0.06
  ],
  [
   0.06,
   0.05,
   0.23,
   0.1,
   0.05,
   0.04,
   0.04
  ],
  [
   0.05,
   0.05,
   0.1,
   0.23,
   0.06,
   0.04,
   0.04
  ],
  [
   0.04,
   0.04,
   0.05,
   0.06,
   0.24,
   0.07,
   0.06
  ],
  [
   0.05,
   0.05,
   0.04,
   0.04,
   0.07,
   0.23,
   0.09
  ],
  [
   0.05,
   0.06,
   0.04,
   0.04,
   0.06,
   0.09,
   0.23
  ]
 ],
 "chain_pair_pae_min": [
  [
   0.77,
   12.01,
   23.6,
   25.09,
   29.34,
   26.19,
   26.77
  ],
  [
   11.88,
   0.77,
   25.45,
   25.03,
   29.28,
   25.93,
   24.71
  ],
  [
   23.43,
   23.45,
   0.77,
   16.14,
   25.32,
   29.6,
   28.96
  ],
  [
   25.78,
   25.26,
   16.31,
   0.77,
   23.09,
   28.95,
   29.27
  ],
  [
   28.44,
   29.37,
   24.2,
   23.17,
   0.76,
   22.79,
   21.53
  ],
  [
   25.81,
   26.66,
   28.49,
   27.96,
   22.73,
   0.76,
   17.71
  ],
  [
   24.7,
   24.63,
   29.05,
   29.73,
   23.74,
   17.66,
   0.76
  ]
 ],
 "chain_ptm": [
  0.22,
  0.23,
  0.23,
  0.23,
  0.24,
  0.23,
  0.23
 ],
 "fraction_disordered": 0.37,
 "has_clash": 0.0,
 "iptm": 0.13,
 "num_recycles": 10.0,
 "ptm": 0.17,
 "ranking_score": 0.32
}