{
 "chain_iptm": [
  0.06,
  0.06,
  0.06,
  0.06,
  0.06,
  0.06,
  0.06
 ],
 "chain_pair_iptm": [
  [
   0.21,
   0.08,
   0.06,
   0.06,
   0.05,
   0.05,
   0.05
  ],
  [
   0.08,
   0.22,
   0.07,
   0.05,
   0.05,
   0.05,
   0.05
  ],
  [
   0.06,
   0.07,
   0.22,
   0.05,
   0.06,
   0.05,
   0.05
  ],
  [
   0.06,
   0.05,
   0.05,
   0.21,
   0.05,
   0.06,
   0.05
  ],
  [
   0.05,
   0.05,
   0.06,
   0.05,
   0.21,
   0.06,
   0.06
  ],
  [
   0.05,
   0.05,
   0.05,
   0.06,
   0.06,
   0.22,
   0.07
  ],
  [
   0.05,
   0.05,
   0.05,
   0.05,
   0.06,
   0.07,
   0.22
  ]
 ],
 "chain_pair_pae_min": [
  [
   0.76,
   18.35,
   23.17,
   23.54,
   26.88,
   25.73,
   27.21
  ],
  [
   18.45,
   0.77,
   21.72,
   24.01,
   25.79,
   26.71,
   27.2
  ],
  [
   23.25,
   21.14,
   0.76,
   23.93,
   22.04,
   26.09,
   25.25
  ],
  [
   22.99,
   23.97,
   23.7,
   0.76,
   24.74,
   23.16,
   25.03
  ],
  [
   26.94,
   25.73,
   22.51,
   25.16,
   0.77,
   21.88,
   20.35
  ],
  [
   25.47,
   26.77,
   25.95,
   23.41,
   22.08,
   0.77,
   19.35
  ],
  [
   26.92,
   26.91,
   24.97,
   24.09,
   20.18,
   19.02,
   0.77
  ]
 ],
 "chain_ptm": [
  0.21,
  0.22,
  0.22,
  0.21,
  0.21,
  0.22,
  0.22
 ],
 "fraction_disordered": 0.0,
 "has_clash": 0.0,
 "iptm": 0.13,
 "num_recycles": 10.0,
 "ptm": 0.17,
 "ranking_score": 0.14
}