{
 "chain_iptm": [
  0.05,
  0.05,
  0.05,
  0.05,
  0.05,
  0.05,
  0.05
 ],
 "chain_pair_iptm": [
  [
   0.21,
   0.08,
   0.04,
   0.04,
   0.04,
   0.04,
   0.04
  ],
  [
   0.08,
   0.21,
   0.05,
   0.04,
   0.04,
   0.04,
   0.04
  ],
  [
   0.04,
   0.05,
   0.21,
   0.07,
   0.04,
   0.04,
   0.04
  ],
  [
   0.04,
   0.04,
   0.07,
   0.21,
   0.04,
   0.04,
   0.04
  ],
  [
   0.04,
   0.04,
   0.04,
   0.04,
   0.21,
   0.05,
   0.06
  ],
  [
   0.04,
   0.04,
   0.04,
   0.04,
   0.05,
   0.21,
   0.07
  ],
  [
   0.04,
   0.04,
   0.04,
   0.04,
   0.06,
   0.07,
   0.21
  ]
 ],
 "chain_pair_pae_min": [
  [
   0.77,
   16.46,
   28.12,
   29.24,
   29.7,
   29.79,
   29.53
  ],
  [
   16.4,
   0.77,
   26.41,
   28.62,
   30.1,
   29.24,
   29.72
  ],
  [
   28.34,
   26.67,
   0.77,
   19.72,
   29.69,
   29.6,
   30.02
  ],
  [
   28.96,
   28.41,
   20.02,
   0.76,
   26.79,
   30.11,
   29.73
  ],
  [
   29.65,
   30.07,
   29.85,
   26.81,
   0.76,
   26.54,
   21.79
  ],
  [
   29.56,
   29.51,
   29.59,
   28.88,
   26.59,
   0.76,
   20.21
  ],
  [
   29.23,
   29.64,
   30.06,
   29.54,
   22.23,
   21.16,
   0.76
  ]
 ],
 "chain_ptm": [
  0.21,
  0.21,
  0.21,
  0.21,
  0.21,
  0.21,
  0.21
 ],
 "fraction_disordered": 0.47,
 "has_clash": 0.0,
 "iptm": 0.11,
 "num_recycles": 10.0,
 "ptm": 0.15,
 "ranking_score": 0.35
}