{
 "chain_iptm": [
  0.07,
  0.06,
  0.06,
  0.06,
  0.06,
  0.06,
  0.06
 ],
 "chain_pair_iptm": [
  [
   0.23,
   0.11,
   0.06,
   0.06,
   0.05,
   0.06,
   0.06
  ],
  [
   0.11,
   0.23,
   0.06,
   0.06,
   0.05,
   0.06,
   0.05
  ],
  [
   0.06,
   0.06,
   0.21,
   0.08,
   0.07,
   0.05,
   0.05
  ],
  [
   0.06,
   0.06,
   0.08,
   0.22,
   0.07,
   0.05,
   0.05
  ],
  [
   0.05,
   0.05,
   0.07,
   0.07,
   0.23,
   0.06,
   0.06
  ],
  [
   0.06,
   0.06,
   0.05,
   0.05,
   0.06,
   0.24,
   0.09
  ],
  [
   0.06,
   0.05,
   0.05,
   0.05,
   0.06,
   0.09,
   0.23
  ]
 ],
 "chain_pair_pae_min": [
  [
   0.77,
   14.16,
   24.94,
   23.79,
   26.57,
   22.39,
   24.97
  ],
  [
   14.47,
   0.77,
   24.76,
   21.41,
   25.13,
   24.65,
   26.43
  ],
  [
   24.44,
   23.3,
   0.77,
   18.58,
   19.66,
   24.97,
   22.51
  ],
  [
   24.25,
   21.57,
   18.24,
   0.77,
   19.19,
   26.37,
   26.3
  ],
  [
   26.7,
   25.17,
   20.97,
   21.14,
   0.77,
   24.66,
   22.15
  ],
  [
   22.33,
   24.02,
   24.74,
   26.41,
   24.58,
   0.77,
   18.88
  ],
  [
   24.19,
   26.0,
   22.16,
   25.48,
   23.42,
   18.83,
   0.77
  ]
 ],
 "chain_ptm": [
  0.23,
  0.23,
  0.21,
  0.22,
  0.23,
  0.24,
  0.23
 ],
 "fraction_disordered": 0.28,
 "has_clash": 0.0,
 "iptm": 0.14,
 "num_recycles": 10.0,
 "ptm": 0.18,
 "ranking_score": 0.29
}