{
 "chain_iptm": [
  0.06,
  0.06,
  0.05,
  0.05,
  0.05,
  0.05,
  0.05
 ],
 "chain_pair_iptm": [
  [
   0.24,
   0.11,
   0.05,
   0.05,
   0.04,
   0.05,
   0.04
  ],
  [
   0.11,
   0.23,
   0.05,
   0.04,
   0.04,
   0.05,
   0.04
  ],
  [
   0.05,
   0.05,
   0.24,
   0.07,
   0.04,
   0.04,
   0.04
  ],
  [
   0.05,
   0.04,
   0.07,
   0.24,
   0.05,
   0.04,
   0.05
  ],
  [
   0.04,
   0.04,
   0.04,
   0.05,
   0.24,
   0.05,
   0.08
  ],
  [
   0.05,
   0.05,
   0.04,
   0.04,
   0.05,
   0.24,
   0.06
  ],
  [
   0.04,
   0.04,
   0.04,
   0.05,
   0.08,
   0.06,
   0.24
  ]
 ],
 "chain_pair_pae_min": [
  [
   0.77,
   14.43,
   23.97,
   27.35,
   28.25,
   27.08,
   28.09
  ],
  [
   14.17,
   0.77,
   24.82,
   27.99,
   28.0,
   25.46,
   28.32
  ],
  [
   24.1,
   25.06,
   0.76,
   23.52,
   28.09,
   27.98,
   28.43
  ],
  [
   27.81,
   27.95,
   23.65,
   0.76,
   23.87,
   28.43,
   25.33
  ],
  [
   28.5,
   28.11,
   28.25,
   23.83,
   0.77,
   23.71,
   20.64
  ],
  [
   26.31,
   25.33,
   28.02,
   28.52,
   21.54,
   0.76,
   24.02
  ],
  [
   28.16,
   27.81,
   27.99,
   24.64,
   20.28,
   23.6,
   0.77
  ]
 ],
 "chain_ptm": [
  0.24,
  0.23,
  0.24,
  0.24,
  0.24,
  0.24,
  0.24
 ],
 "fraction_disordered": 0.6,
 "has_clash": 0.0,
 "iptm": 0.13,
 "num_recycles": 10.0,
 "ptm": 0.17,
 "ranking_score": 0.44
}