{
 "chain_iptm": [
  0.16,
  0.18,
  0.19,
  0.2,
  0.2,
  0.17
 ],
 "chain_pair_iptm": [
  [
   0.16,
   0.32,
   0.26,
   0.09,
   0.08,
   0.06
  ],
  [
   0.32,
   0.17,
   0.31,
   0.12,
   0.1,
   0.08
  ],
  [
   0.26,
   0.31,
   0.16,
   0.16,
   0.12,
   0.09
  ],
  [
   0.09,
   0.12,
   0.16,
   0.17,
   0.34,
   0.28
  ],
  [
   0.08,
   0.1,
   0.12,
   0.34,
   0.18,
   0.34
  ],
  [
   0.06,
   0.08,
   0.09,
   0.28,
   0.34,
   0.17
  ]
 ],
 "chain_pair_pae_min": [
  [
   0.76,
   4.58,
   4.83,
   11.6,
   12.74,
   15.47
  ],
  [
   4.15,
   0.76,
   3.84,
   8.71,
   11.25,
   13.58
  ],
  [
   4.22,
   3.99,
   0.76,
   6.48,
   8.86,
   12.2
  ],
  [
   11.29,
   7.68,
   6.51,
   0.76,
   3.31,
   4.65
  ],
  [
   12.89,
   10.41,
   8.02,
   3.8,
   0.76,
   3.9
  ],
  [
   14.54,
   11.71,
   11.06,
   5.27,
   4.16,
   0.76
  ]
 ],
 "chain_ptm": [
  0.16,
  0.17,
  0.16,
  0.17,
  0.18,
  0.17
 ],
 "fraction_disordered": 1.0,
 "has_clash": 0.0,
 "iptm": 0.33,
 "num_recycles": 10.0,
 "ptm": 0.37,
 "ranking_score": 0.84
}