{
 "chain_iptm": [
  0.25,
  0.27,
  0.29,
  0.29,
  0.26,
  0.23
 ],
 "chain_pair_iptm": [
  [
   0.14,
   0.34,
   0.31,
   0.24,
   0.19,
   0.15
  ],
  [
   0.34,
   0.15,
   0.35,
   0.28,
   0.21,
   0.18
  ],
  [
   0.31,
   0.35,
   0.15,
   0.34,
   0.26,
   0.22
  ],
  [
   0.24,
   0.28,
   0.34,
   0.15,
   0.32,
   0.28
  ],
  [
   0.19,
   0.21,
   0.26,
   0.32,
   0.15,
   0.32
  ],
  [
   0.15,
   0.18,
   0.22,
   0.28,
   0.32,
   0.14
  ]
 ],
 "chain_pair_pae_min": [
  [
   0.76,
   1.91,
   3.05,
   5.32,
   7.53,
   8.8
  ],
  [
   1.77,
   0.76,
   2.02,
   3.47,
   6.02,
   8.18
  ],
  [
   3.0,
   2.0,
   0.76,
   2.01,
   4.08,
   7.05
  ],
  [
   5.32,
   3.39,
   2.19,
   0.76,
   2.23,
   4.55
  ],
  [
   7.27,
   5.92,
   3.95,
   2.46,
   0.76,
   2.66
  ],
  [
   9.15,
   7.55,
   6.06,
   4.25,
   2.64,
   0.76
  ]
 ],
 "chain_ptm": [
  0.14,
  0.15,
  0.15,
  0.15,
  0.15,
  0.14
 ],
 "fraction_disordered": 1.0,
 "has_clash": 0.0,
 "iptm": 0.48,
 "num_recycles": 10.0,
 "ptm": 0.5,
 "ranking_score": 0.98
}