{
 "chain_iptm": [
  0.12,
  0.14,
  0.14,
  0.16,
  0.15,
  0.13
 ],
 "chain_pair_iptm": [
  [
   0.14,
   0.24,
   0.2,
   0.06,
   0.05,
   0.04
  ],
  [
   0.24,
   0.14,
   0.26,
   0.09,
   0.07,
   0.05
  ],
  [
   0.2,
   0.26,
   0.14,
   0.11,
   0.09,
   0.07
  ],
  [
   0.06,
   0.09,
   0.11,
   0.14,
   0.29,
   0.23
  ],
  [
   0.05,
   0.07,
   0.09,
   0.29,
   0.16,
   0.27
  ],
  [
   0.04,
   0.05,
   0.07,
   0.23,
   0.27,
   0.15
  ]
 ],
 "chain_pair_pae_min": [
  [
   0.76,
   5.29,
   6.34,
   13.16,
   16.48,
   18.23
  ],
  [
   5.63,
   0.76,
   5.2,
   9.15,
   12.41,
   16.0
  ],
  [
   5.88,
   5.22,
   0.76,
   7.47,
   9.06,
   14.81
  ],
  [
   13.97,
   9.67,
   7.81,
   0.76,
   4.37,
   5.78
  ],
  [
   15.6,
   12.12,
   9.78,
   4.24,
   0.76,
   4.5
  ],
  [
   17.26,
   14.99,
   13.42,
   5.76,
   4.77,
   0.76
  ]
 ],
 "chain_ptm": [
  0.14,
  0.14,
  0.14,
  0.14,
  0.16,
  0.15
 ],
 "fraction_disordered": 1.0,
 "has_clash": 0.0,
 "iptm": 0.27,
 "num_recycles": 10.0,
 "ptm": 0.32,
 "ranking_score": 0.78
}