{
 "chain_iptm": [
  0.1,
  0.13,
  0.15,
  0.15,
  0.14,
  0.11
 ],
 "chain_pair_iptm": [
  [
   0.11,
   0.18,
   0.14,
   0.09,
   0.07,
   0.05
  ],
  [
   0.18,
   0.12,
   0.18,
   0.14,
   0.1,
   0.07
  ],
  [
   0.14,
   0.18,
   0.12,
   0.19,
   0.14,
   0.09
  ],
  [
   0.09,
   0.14,
   0.19,
   0.12,
   0.2,
   0.14
  ],
  [
   0.07,
   0.1,
   0.14,
   0.2,
   0.12,
   0.2
  ],
  [
   0.05,
   0.07,
   0.09,
   0.14,
   0.2,
   0.12
  ]
 ],
 "chain_pair_pae_min": [
  [
   0.76,
   5.64,
   6.23,
   11.49,
   14.68,
   17.2
  ],
  [
   6.0,
   0.76,
   5.77,
   6.89,
   11.27,
   14.48
  ],
  [
   5.37,
   5.51,
   0.76,
   5.8,
   7.31,
   11.71
  ],
  [
   11.48,
   6.76,
   5.7,
   0.76,
   5.29,
   6.74
  ],
  [
   13.91,
   10.99,
   7.32,
   5.61,
   0.76,
   5.39
  ],
  [
   17.17,
   14.37,
   11.36,
   7.24,
   5.54,
   0.76
  ]
 ],
 "chain_ptm": [
  0.11,
  0.12,
  0.12,
  0.12,
  0.12,
  0.12
 ],
 "fraction_disordered": 1.0,
 "has_clash": 0.0,
 "iptm": 0.27,
 "num_recycles": 10.0,
 "ptm": 0.3,
 "ranking_score": 0.78
}