{
 "chain_iptm": [
  0.12,
  0.14,
  0.15,
  0.14,
  0.13,
  0.1
 ],
 "chain_pair_iptm": [
  [
   0.12,
   0.21,
   0.17,
   0.1,
   0.07,
   0.05
  ],
  [
   0.21,
   0.13,
   0.2,
   0.14,
   0.09,
   0.06
  ],
  [
   0.17,
   0.2,
   0.13,
   0.18,
   0.12,
   0.08
  ],
  [
   0.1,
   0.14,
   0.18,
   0.13,
   0.18,
   0.13
  ],
  [
   0.07,
   0.09,
   0.12,
   0.18,
   0.12,
   0.18
  ],
  [
   0.05,
   0.06,
   0.08,
   0.13,
   0.18,
   0.12
  ]
 ],
 "chain_pair_pae_min": [
  [
   0.76,
   5.92,
   6.56,
   12.07,
   15.83,
   18.9
  ],
  [
   6.28,
   0.76,
   6.06,
   7.22,
   12.86,
   16.24
  ],
  [
   5.64,
   6.09,
   0.76,
   6.73,
   8.79,
   14.04
  ],
  [
   12.24,
   6.13,
   6.62,
   0.76,
   6.44,
   9.22
  ],
  [
   14.83,
   12.42,
   7.83,
   6.75,
   0.76,
   6.66
  ],
  [
   18.36,
   15.89,
   13.41,
   7.98,
   6.57,
   0.76
  ]
 ],
 "chain_ptm": [
  0.12,
  0.13,
  0.13,
  0.13,
  0.12,
  0.12
 ],
 "fraction_disordered": 1.0,
 "has_clash": 0.0,
 "iptm": 0.26,
 "num_recycles": 10.0,
 "ptm": 0.29,
 "ranking_score": 0.77
}