{
 "chain_iptm": [
  0.05,
  0.06,
  0.06,
  0.06,
  0.06,
  0.05
 ],
 "chain_pair_iptm": [
  [
   0.2,
   0.09,
   0.06,
   0.04,
   0.04,
   0.04
  ],
  [
   0.09,
   0.19,
   0.08,
   0.05,
   0.04,
   0.04
  ],
  [
   0.06,
   0.08,
   0.19,
   0.08,
   0.05,
   0.04
  ],
  [
   0.04,
   0.05,
   0.08,
   0.19,
   0.08,
   0.05
  ],
  [
   0.04,
   0.04,
   0.05,
   0.08,
   0.18,
   0.08
  ],
  [
   0.04,
   0.04,
   0.04,
   0.05,
   0.08,
   0.2
  ]
 ],
 "chain_pair_pae_min": [
  [
   0.77,
   7.3,
   11.97,
   16.38,
   15.54,
   15.12
  ],
  [
   7.83,
   0.77,
   9.76,
   13.97,
   14.84,
   15.66
  ],
  [
   10.79,
   8.38,
   0.77,
   9.55,
   11.94,
   14.84
  ],
  [
   15.76,
   13.14,
   9.04,
   0.77,
   7.92,
   12.12
  ],
  [
   16.19,
   14.94,
   12.83,
   9.3,
   0.77,
   9.59
  ],
  [
   16.34,
   16.64,
   15.65,
   13.0,
   8.99,
   0.77
  ]
 ],
 "chain_ptm": [
  0.2,
  0.19,
  0.19,
  0.19,
  0.18,
  0.2
 ],
 "fraction_disordered": 1.0,
 "has_clash": 0.0,
 "iptm": 0.13,
 "num_recycles": 10.0,
 "ptm": 0.16,
 "ranking_score": 0.63
}