{
 "chain_iptm": [
  0.05,
  0.06,
  0.06,
  0.06,
  0.06,
  0.05
 ],
 "chain_pair_iptm": [
  [
   0.19,
   0.08,
   0.06,
   0.04,
   0.04,
   0.04
  ],
  [
   0.08,
   0.17,
   0.07,
   0.05,
   0.04,
   0.04
  ],
  [
   0.06,
   0.07,
   0.17,
   0.07,
   0.05,
   0.04
  ],
  [
   0.04,
   0.05,
   0.07,
   0.18,
   0.08,
   0.05
  ],
  [
   0.04,
   0.04,
   0.05,
   0.08,
   0.17,
   0.08
  ],
  [
   0.04,
   0.04,
   0.04,
   0.05,
   0.08,
   0.19
  ]
 ],
 "chain_pair_pae_min": [
  [
   0.77,
   7.26,
   11.45,
   16.27,
   16.54,
   15.24
  ],
  [
   7.69,
   0.77,
   9.9,
   13.95,
   15.99,
   17.55
  ],
  [
   11.08,
   8.4,
   0.77,
   9.92,
   13.84,
   17.26
  ],
  [
   17.07,
   13.61,
   9.48,
   0.77,
   7.54,
   11.7
  ],
  [
   16.73,
   16.47,
   13.64,
   9.03,
   0.77,
   9.46
  ],
  [
   13.19,
   16.84,
   16.84,
   12.78,
   8.96,
   0.77
  ]
 ],
 "chain_ptm": [
  0.19,
  0.17,
  0.17,
  0.18,
  0.17,
  0.19
 ],
 "fraction_disordered": 1.0,
 "has_clash": 0.0,
 "iptm": 0.12,
 "num_recycles": 10.0,
 "ptm": 0.16,
 "ranking_score": 0.63
}