{
 "chain_iptm": [
  0.06,
  0.06,
  0.06,
  0.06,
  0.06,
  0.05
 ],
 "chain_pair_iptm": [
  [
   0.22,
   0.1,
   0.05,
   0.04,
   0.05,
   0.05
  ],
  [
   0.1,
   0.22,
   0.08,
   0.05,
   0.04,
   0.04
  ],
  [
   0.05,
   0.08,
   0.22,
   0.09,
   0.05,
   0.04
  ],
  [
   0.04,
   0.05,
   0.09,
   0.23,
   0.08,
   0.05
  ],
  [
   0.05,
   0.04,
   0.05,
   0.08,
   0.21,
   0.09
  ],
  [
   0.05,
   0.04,
   0.04,
   0.05,
   0.09,
   0.22
  ]
 ],
 "chain_pair_pae_min": [
  [
   0.77,
   8.88,
   14.82,
   18.81,
   18.07,
   16.08
  ],
  [
   9.73,
   0.77,
   10.49,
   16.66,
   19.3,
   19.26
  ],
  [
   15.47,
   10.18,
   0.77,
   9.86,
   16.08,
   19.59
  ],
  [
   18.38,
   15.73,
   9.91,
   0.77,
   10.39,
   17.29
  ],
  [
   18.35,
   18.99,
   16.71,
   10.53,
   0.77,
   10.2
  ],
  [
   15.58,
   17.65,
   19.68,
   17.05,
   9.57,
   0.77
  ]
 ],
 "chain_ptm": [
  0.22,
  0.22,
  0.22,
  0.23,
  0.21,
  0.22
 ],
 "fraction_disordered": 1.0,
 "has_clash": 0.0,
 "iptm": 0.14,
 "num_recycles": 10.0,
 "ptm": 0.19,
 "ranking_score": 0.65
}