{
 "chain_iptm": [
  0.09,
  0.1,
  0.09,
  0.09,
  0.09,
  0.08
 ],
 "chain_pair_iptm": [
  [
   0.18,
   0.14,
   0.11,
   0.07,
   0.07,
   0.06
  ],
  [
   0.14,
   0.18,
   0.13,
   0.09,
   0.07,
   0.07
  ],
  [
   0.11,
   0.13,
   0.17,
   0.09,
   0.07,
   0.06
  ],
  [
   0.07,
   0.09,
   0.09,
   0.18,
   0.13,
   0.09
  ],
  [
   0.07,
   0.07,
   0.07,
   0.13,
   0.18,
   0.13
  ],
  [
   0.06,
   0.07,
   0.06,
   0.09,
   0.13,
   0.17
  ]
 ],
 "chain_pair_pae_min": [
  [
   0.77,
   5.08,
   8.96,
   9.62,
   9.06,
   12.81
  ],
  [
   4.84,
   0.77,
   6.53,
   8.37,
   9.32,
   11.93
  ],
  [
   7.6,
   5.98,
   0.77,
   7.58,
   8.9,
   12.58
  ],
  [
   8.88,
   7.81,
   8.03,
   0.77,
   6.01,
   9.2
  ],
  [
   9.66,
   9.12,
   10.66,
   6.08,
   0.77,
   6.89
  ],
  [
   10.93,
   12.09,
   14.04,
   9.6,
   6.27,
   0.77
  ]
 ],
 "chain_ptm": [
  0.18,
  0.18,
  0.17,
  0.18,
  0.18,
  0.17
 ],
 "fraction_disordered": 1.0,
 "has_clash": 0.0,
 "iptm": 0.18,
 "num_recycles": 10.0,
 "ptm": 0.2,
 "ranking_score": 0.69
}