{
 "chain_iptm": [
  0.07,
  0.08,
  0.09,
  0.09,
  0.09,
  0.08,
  0.07,
  0.08,
  0.09,
  0.09,
  0.08,
  0.07,
  0.05
 ],
 "chain_pair_iptm": [
  [
   0.14,
   0.27,
   0.21,
   0.12,
   0.07,
   0.04,
   0.03,
   0.02,
   0.02,
   0.02,
   0.02,
   0.02,
   0.02
  ],
  [
   0.27,
   0.15,
   0.26,
   0.16,
   0.09,
   0.05,
   0.04,
   0.02,
   0.02,
   0.02,
   0.02,
   0.02,
   0.02
  ],
  [
   0.21,
   0.26,
   0.14,
   0.22,
   0.13,
   0.08,
   0.05,
   0.02,
   0.02,
   0.02,
   0.02,
   0.02,
   0.02
  ],
  [
   0.12,
   0.16,
   0.22,
   0.14,
   0.22,
   0.13,
   0.08,
   0.03,
   0.03,
   0.03,
   0.02,
   0.02,
   0.02
  ],
  [
   0.07,
   0.09,
   0.13,
   0.22,
   0.14,
   0.23,
   0.16,
   0.05,
   0.04,
   0.03,
   0.03,
   0.02,
   0.02
  ],
  [
   0.04,
   0.05,
   0.08,
   0.13,
   0.23,
   0.15,
   0.25,
   0.07,
   0.05,
   0.04,
   0.03,
   0.02,
   0.02
  ],
  [
   0.03,
   0.04,
   0.05,
   0.08,
   0.16,
   0.25,
   0.14,
   0.07,
   0.05,
   0.04,
   0.03,
   0.02,
   0.02
  ],
  [
   0.02,
   0.02,
   0.02,
   0.03,
   0.05,
   0.07,
   0.07,
   0.15,
   0.26,
   0.19,
   0.11,
   0.06,
   0.04
  ],
  [
   0.02,
   0.02,
   0.02,
   0.03,
   0.04,
   0.05,
   0.05,
   0.26,
   0.15,
   0.26,
   0.15,
   0.08,
   0.04
  ],
  [
   0.02,
   0.02,
   0.02,
   0.03,
   0.03,
   0.04,
   0.04,
   0.19,
   0.26,
   0.15,
   0.23,
   0.12,
   0.07
  ],
  [
   0.02,
   0.02,
   0.02,
   0.02,
   0.03,
   0.03,
   0.03,
   0.11,
   0.15,
   0.23,
   0.14,
   0.21,
   0.12
  ],
  [
   0.02,
   0.02,
   0.02,
   0.02,
   0.02,
   0.02,
   0.02,
   0.06,
   0.08,
   0.12,
   0.21,
   0.14,
   0.21
  ],
  [
   0.02,
   0.02,
   0.02,
   0.02,
   0.02,
   0.02,
   0.02,
   0.04,
   0.04,
   0.07,
   0.12,
   0.21,
   0.13
  ]
 ],
 "chain_pair_pae_min": [
  [
   0.76,
   3.58,
   5.49,
   11.19,
   15.42,
   17.98,
   20.58,
   21.94,
   21.94,
   21.81,
   21.06,
   19.55,
   17.74
  ],
  [
   3.63,
   0.76,
   4.53,
   8.34,
   13.2,
   16.35,
   19.33,
   20.81,
   21.0,
   20.65,
   20.65,
   20.19,
   19.61
  ],
  [
   4.93,
   4.82,
   0.76,
   6.14,
   9.95,
   14.5,
   17.78,
   19.78,
   20.11,
   20.29,
   20.07,
   20.82,
   20.84
  ],
  [
   11.56,
   8.76,
   6.28,
   0.76,
   6.4,
   9.77,
   14.92,
   17.72,
   18.58,
   19.2,
   20.28,
   21.71,
   22.28
  ],
  [
   15.82,
   13.65,
   9.95,
   6.34,
   0.76,
   6.28,
   9.72,
   14.64,
   15.75,
   17.74,
   19.82,
   21.83,
   22.58
  ],
  [
   19.12,
   16.72,
   14.52,
   9.92,
   6.13,
   0.76,
   5.0,
   11.17,
   13.71,
   16.52,
   19.5,
   22.03,
   23.43
  ],
  [
   21.25,
   19.43,
   17.11,
   13.94,
   8.58,
   4.96,
   0.76,
   8.53,
   11.85,
   15.86,
   19.4,
   22.29,
   23.86
  ],
  [
   22.71,
   21.14,
   19.73,
   17.81,
   13.05,
   10.44,
   9.42,
   0.76,
   3.84,
   8.03,
   13.22,
   18.24,
   20.36
  ],
  [
   22.7,
   21.43,
   20.18,
   17.43,
   13.98,
   13.15,
   12.15,
   4.46,
   0.76,
   4.72,
   9.38,
   16.32,
   19.61
  ],
  [
   22.31,
   21.09,
   19.85,
   18.24,
   16.43,
   15.51,
   15.08,
   8.54,
   5.26,
   0.76,
   5.86,
   12.0,
   17.43
  ],
  [
   21.86,
   20.38,
   19.63,
   19.18,
   18.92,
   17.88,
   18.15,
   14.5,
   9.2,
   5.77,
   0.76,
   6.53,
   13.0
  ],
  [
   19.71,
   19.69,
   19.31,
   20.53,
   21.35,
   20.68,
   21.0,
   18.74,
   15.78,
   10.31,
   6.0,
   0.76,
   6.53
  ],
  [
   17.7,
   18.24,
   19.34,
   20.77,
   22.04,
   22.39,
   23.66,
   21.81,
   19.59,
   16.32,
   11.46,
   5.94,
   0.76
  ]
 ],
 "chain_ptm": [
  0.14,
  0.15,
  0.14,
  0.14,
  0.14,
  0.15,
  0.14,
  0.15,
  0.15,
  0.15,
  0.14,
  0.14,
  0.13
 ],
 "fraction_disordered": 1.0,
 "has_clash": 0.0,
 "iptm": 0.23,
 "num_recycles": 10.0,
 "ptm": 0.26,
 "ranking_score": 0.74
}