{
 "chain_iptm": [
  0.09,
  0.1,
  0.11,
  0.1,
  0.09,
  0.08,
  0.1,
  0.11,
  0.1,
  0.1,
  0.09,
  0.07,
  0.05
 ],
 "chain_pair_iptm": [
  [
   0.15,
   0.31,
   0.25,
   0.16,
   0.11,
   0.03,
   0.03,
   0.03,
   0.03,
   0.03,
   0.03,
   0.03,
   0.02
  ],
  [
   0.31,
   0.16,
   0.29,
   0.21,
   0.13,
   0.03,
   0.04,
   0.04,
   0.03,
   0.03,
   0.02,
   0.02,
   0.02
  ],
  [
   0.25,
   0.29,
   0.16,
   0.29,
   0.2,
   0.04,
   0.04,
   0.04,
   0.03,
   0.03,
   0.02,
   0.02,
   0.02
  ],
  [
   0.16,
   0.21,
   0.29,
   0.17,
   0.29,
   0.06,
   0.06,
   0.05,
   0.04,
   0.03,
   0.03,
   0.02,
   0.02
  ],
  [
   0.11,
   0.13,
   0.2,
   0.29,
   0.16,
   0.08,
   0.07,
   0.06,
   0.04,
   0.03,
   0.02,
   0.02,
   0.02
  ],
  [
   0.03,
   0.03,
   0.04,
   0.06,
   0.08,
   0.15,
   0.28,
   0.2,
   0.12,
   0.07,
   0.05,
   0.03,
   0.02
  ],
  [
   0.03,
   0.04,
   0.04,
   0.06,
   0.07,
   0.28,
   0.16,
   0.28,
   0.18,
   0.11,
   0.07,
   0.04,
   0.02
  ],
  [
   0.03,
   0.04,
   0.04,
   0.05,
   0.06,
   0.2,
   0.28,
   0.16,
   0.26,
   0.16,
   0.09,
   0.05,
   0.03
  ],
  [
   0.03,
   0.03,
   0.03,
   0.04,
   0.04,
   0.12,
   0.18,
   0.26,
   0.15,
   0.25,
   0.15,
   0.08,
   0.05
  ],
  [
   0.03,
   0.03,
   0.03,
   0.03,
   0.03,
   0.07,
   0.11,
   0.16,
   0.25,
   0.15,
   0.24,
   0.13,
   0.07
  ],
  [
   0.03,
   0.02,
   0.02,
   0.03,
   0.02,
   0.05,
   0.07,
   0.09,
   0.15,
   0.24,
   0.15,
   0.22,
   0.13
  ],
  [
   0.03,
   0.02,
   0.02,
   0.02,
   0.02,
   0.03,
   0.04,
   0.05,
   0.08,
   0.13,
   0.22,
   0.14,
   0.21
  ],
  [
   0.02,
   0.02,
   0.02,
   0.02,
   0.02,
   0.02,
   0.02,
   0.03,
   0.05,
   0.07,
   0.13,
   0.21,
   0.13
  ]
 ],
 "chain_pair_pae_min": [
  [
   0.76,
   3.56,
   5.35,
   9.63,
   13.55,
   18.61,
   18.73,
   18.83,
   18.8,
   18.58,
   18.18,
   19.31,
   19.83
  ],
  [
   3.8,
   0.76,
   4.13,
   7.31,
   11.46,
   17.27,
   17.78,
   17.7,
   17.82,
   18.22,
   18.59,
   20.31,
   21.45
  ],
  [
   5.49,
   4.58,
   0.76,
   5.97,
   8.41,
   15.34,
   15.89,
   16.33,
   17.1,
   18.35,
   19.6,
   21.32,
   21.78
  ],
  [
   9.92,
   7.3,
   5.06,
   0.76,
   4.88,
   12.03,
   13.89,
   14.13,
   15.69,
   18.43,
   20.21,
   21.98,
   22.85
  ],
  [
   13.12,
   11.19,
   7.81,
   4.97,
   0.76,
   9.28,
   10.35,
   12.32,
   14.55,
   18.12,
   20.13,
   22.61,
   23.59
  ],
  [
   19.82,
   18.41,
   16.4,
   12.83,
   9.63,
   0.76,
   3.97,
   7.25,
   12.31,
   15.34,
   18.65,
   21.47,
   23.33
  ],
  [
   19.37,
   17.73,
   16.54,
   13.52,
   10.11,
   4.22,
   0.76,
   4.87,
   8.78,
   14.11,
   17.08,
   19.99,
   22.49
  ],
  [
   19.69,
   18.18,
   16.61,
   13.59,
   13.08,
   8.47,
   5.43,
   0.76,
   5.38,
   9.35,
   14.76,
   18.48,
   21.0
  ],
  [
   19.93,
   18.54,
   17.01,
   15.54,
   14.81,
   13.48,
   9.48,
   5.5,
   0.76,
   5.68,
   10.13,
   16.28,
   19.48
  ],
  [
   18.89,
   18.17,
   18.05,
   18.11,
   17.75,
   17.05,
   14.39,
   10.09,
   5.47,
   0.76,
   5.38,
   11.88,
   16.85
  ],
  [
   18.52,
   18.69,
   19.8,
   20.57,
   19.62,
   19.26,
   18.12,
   14.41,
   9.9,
   5.74,
   0.76,
   5.89,
   12.87
  ],
  [
   17.41,
   18.85,
   20.65,
   21.98,
   21.64,
   22.86,
   21.12,
   18.68,
   15.17,
   10.91,
   5.98,
   0.76,
   6.19
  ],
  [
   17.41,
   19.89,
   22.21,
   23.16,
   23.82,
   24.54,
   23.11,
   21.52,
   18.74,
   15.82,
   11.06,
   5.89,
   0.76
  ]
 ],
 "chain_ptm": [
  0.15,
  0.16,
  0.16,
  0.17,
  0.16,
  0.15,
  0.16,
  0.16,
  0.15,
  0.15,
  0.15,
  0.14,
  0.13
 ],
 "fraction_disordered": 1.0,
 "has_clash": 0.0,
 "iptm": 0.27,
 "num_recycles": 10.0,
 "ptm": 0.29,
 "ranking_score": 0.77
}