{
 "chain_iptm": [
  0.13,
  0.14,
  0.13,
  0.11,
  0.1,
  0.12,
  0.12,
  0.12,
  0.11,
  0.09,
  0.08,
  0.09,
  0.09
 ],
 "chain_pair_iptm": [
  [
   0.17,
   0.35,
   0.27,
   0.19,
   0.1,
   0.11,
   0.12,
   0.09,
   0.07,
   0.05,
   0.05,
   0.08,
   0.13
  ],
  [
   0.35,
   0.18,
   0.33,
   0.24,
   0.1,
   0.12,
   0.12,
   0.09,
   0.07,
   0.05,
   0.04,
   0.06,
   0.09
  ],
  [
   0.27,
   0.33,
   0.17,
   0.31,
   0.11,
   0.11,
   0.11,
   0.09,
   0.06,
   0.04,
   0.04,
   0.05,
   0.07
  ],
  [
   0.19,
   0.24,
   0.31,
   0.15,
   0.11,
   0.11,
   0.1,
   0.08,
   0.06,
   0.04,
   0.03,
   0.04,
   0.05
  ],
  [
   0.1,
   0.1,
   0.11,
   0.11,
   0.14,
   0.25,
   0.17,
   0.11,
   0.07,
   0.04,
   0.03,
   0.03,
   0.04
  ],
  [
   0.11,
   0.12,
   0.11,
   0.11,
   0.25,
   0.15,
   0.24,
   0.16,
   0.09,
   0.06,
   0.03,
   0.04,
   0.05
  ],
  [
   0.12,
   0.12,
   0.11,
   0.1,
   0.17,
   0.24,
   0.15,
   0.23,
   0.15,
   0.09,
   0.05,
   0.05,
   0.06
  ],
  [
   0.09,
   0.09,
   0.09,
   0.08,
   0.11,
   0.16,
   0.23,
   0.15,
   0.25,
   0.18,
   0.06,
   0.07,
   0.07
  ],
  [
   0.07,
   0.07,
   0.06,
   0.06,
   0.07,
   0.09,
   0.15,
   0.25,
   0.15,
   0.28,
   0.08,
   0.08,
   0.08
  ],
  [
   0.05,
   0.05,
   0.04,
   0.04,
   0.04,
   0.06,
   0.09,
   0.18,
   0.28,
   0.15,
   0.09,
   0.08,
   0.07
  ],
  [
   0.05,
   0.04,
   0.04,
   0.03,
   0.03,
   0.03,
   0.05,
   0.06,
   0.08,
   0.09,
   0.15,
   0.26,
   0.15
  ],
  [
   0.08,
   0.06,
   0.05,
   0.04,
   0.03,
   0.04,
   0.05,
   0.07,
   0.08,
   0.08,
   0.26,
   0.16,
   0.23
  ],
  [
   0.13,
   0.09,
   0.07,
   0.05,
   0.04,
   0.05,
   0.06,
   0.07,
   0.08,
   0.07,
   0.15,
   0.23,
   0.15
  ]
 ],
 "chain_pair_pae_min": [
  [
   0.76,
   3.47,
   4.93,
   9.22,
   11.78,
   10.51,
   9.3,
   10.3,
   14.7,
   17.74,
   18.35,
   16.72,
   13.07
  ],
  [
   3.66,
   0.76,
   3.63,
   7.34,
   9.83,
   8.66,
   9.62,
   12.39,
   15.34,
   17.54,
   19.18,
   18.31,
   16.25
  ],
  [
   5.39,
   4.35,
   0.76,
   4.71,
   8.51,
   8.64,
   10.36,
   13.28,
   15.85,
   18.2,
   19.97,
   18.79,
   17.39
  ],
  [
   9.15,
   6.26,
   4.73,
   0.76,
   7.23,
   8.13,
   11.47,
   13.76,
   16.34,
   19.18,
   20.92,
   19.78,
   18.25
  ],
  [
   11.96,
   9.7,
   7.99,
   7.97,
   0.76,
   5.31,
   7.86,
   12.27,
   15.46,
   18.96,
   21.48,
   20.29,
   19.1
  ],
  [
   11.03,
   9.69,
   10.0,
   9.63,
   5.84,
   0.76,
   5.54,
   8.56,
   13.4,
   16.8,
   19.39,
   18.88,
   18.64
  ],
  [
   10.84,
   10.78,
   11.57,
   11.93,
   9.55,
   5.59,
   0.76,
   5.38,
   9.06,
   13.88,
   16.99,
   17.11,
   16.78
  ],
  [
   12.63,
   13.57,
   14.57,
   14.97,
   14.03,
   9.05,
   6.16,
   0.76,
   6.0,
   9.88,
   14.04,
   14.86,
   13.69
  ],
  [
   15.09,
   16.84,
   17.17,
   17.44,
   16.9,
   13.84,
   9.49,
   6.36,
   0.76,
   5.47,
   10.92,
   12.13,
   12.88
  ],
  [
   17.35,
   18.89,
   19.26,
   20.05,
   19.22,
   16.57,
   13.69,
   8.98,
   5.3,
   0.76,
   8.32,
   10.32,
   13.32
  ],
  [
   17.82,
   19.54,
   20.77,
   22.41,
   21.23,
   18.98,
   16.61,
   13.64,
   10.37,
   7.85,
   0.76,
   5.18,
   11.22
  ],
  [
   15.51,
   18.25,
   19.29,
   20.95,
   20.2,
   18.84,
   16.45,
   13.31,
   11.41,
   10.84,
   5.5,
   0.76,
   7.42
  ],
  [
   12.97,
   15.25,
   17.86,
   19.3,
   19.65,
   18.04,
   15.23,
   12.69,
   12.42,
   13.47,
   11.11,
   7.28,
   0.76
  ]
 ],
 "chain_ptm": [
  0.17,
  0.18,
  0.17,
  0.15,
  0.14,
  0.15,
  0.15,
  0.15,
  0.15,
  0.15,
  0.15,
  0.16,
  0.15
 ],
 "fraction_disordered": 1.0,
 "has_clash": 0.0,
 "iptm": 0.32,
 "num_recycles": 10.0,
 "ptm": 0.35,
 "ranking_score": 0.83
}