{
 "chain_iptm": [
  0.09,
  0.1,
  0.11,
  0.1,
  0.08,
  0.08,
  0.09,
  0.09,
  0.09,
  0.09,
  0.08,
  0.06,
  0.05
 ],
 "chain_pair_iptm": [
  [
   0.15,
   0.3,
   0.24,
   0.14,
   0.1,
   0.04,
   0.04,
   0.04,
   0.03,
   0.03,
   0.03,
   0.03,
   0.11
  ],
  [
   0.3,
   0.16,
   0.29,
   0.19,
   0.13,
   0.04,
   0.04,
   0.04,
   0.03,
   0.03,
   0.03,
   0.02,
   0.08
  ],
  [
   0.24,
   0.29,
   0.16,
   0.27,
   0.18,
   0.05,
   0.05,
   0.04,
   0.03,
   0.03,
   0.03,
   0.02,
   0.06
  ],
  [
   0.14,
   0.19,
   0.27,
   0.16,
   0.27,
   0.06,
   0.06,
   0.04,
   0.03,
   0.03,
   0.02,
   0.02,
   0.04
  ],
  [
   0.1,
   0.13,
   0.18,
   0.27,
   0.14,
   0.07,
   0.06,
   0.05,
   0.04,
   0.03,
   0.02,
   0.02,
   0.03
  ],
  [
   0.04,
   0.04,
   0.05,
   0.06,
   0.07,
   0.14,
   0.26,
   0.17,
   0.09,
   0.06,
   0.03,
   0.02,
   0.02
  ],
  [
   0.04,
   0.04,
   0.05,
   0.06,
   0.06,
   0.26,
   0.15,
   0.24,
   0.14,
   0.08,
   0.05,
   0.03,
   0.02
  ],
  [
   0.04,
   0.04,
   0.04,
   0.04,
   0.05,
   0.17,
   0.24,
   0.15,
   0.23,
   0.14,
   0.08,
   0.05,
   0.03
  ],
  [
   0.03,
   0.03,
   0.03,
   0.03,
   0.04,
   0.09,
   0.14,
   0.23,
   0.14,
   0.23,
   0.13,
   0.08,
   0.03
  ],
  [
   0.03,
   0.03,
   0.03,
   0.03,
   0.03,
   0.06,
   0.08,
   0.14,
   0.23,
   0.14,
   0.24,
   0.14,
   0.04
  ],
  [
   0.03,
   0.03,
   0.03,
   0.02,
   0.02,
   0.03,
   0.05,
   0.08,
   0.13,
   0.24,
   0.14,
   0.22,
   0.04
  ],
  [
   0.03,
   0.02,
   0.02,
   0.02,
   0.02,
   0.02,
   0.03,
   0.05,
   0.08,
   0.14,
   0.22,
   0.13,
   0.04
  ],
  [
   0.11,
   0.08,
   0.06,
   0.04,
   0.03,
   0.02,
   0.02,
   0.03,
   0.03,
   0.04,
   0.04,
   0.04,
   0.13
  ]
 ],
 "chain_pair_pae_min": [
  [
   0.76,
   3.63,
   5.44,
   10.29,
   13.25,
   16.33,
   16.69,
   16.7,
   16.28,
   16.42,
   18.86,
   19.92,
   16.03
  ],
  [
   3.81,
   0.76,
   4.03,
   7.58,
   11.56,
   14.19,
   15.02,
   15.57,
   16.74,
   18.26,
   20.02,
   21.69,
   18.57
  ],
  [
   5.56,
   4.51,
   0.76,
   5.74,
   8.75,
   12.74,
   13.81,
   15.28,
   17.28,
   19.27,
   20.52,
   22.13,
   19.9
  ],
  [
   10.0,
   6.77,
   5.51,
   0.76,
   4.92,
   9.65,
   12.51,
   14.88,
   17.75,
   19.31,
   21.04,
   22.79,
   20.94
  ],
  [
   13.1,
   10.92,
   7.16,
   5.26,
   0.76,
   8.19,
   10.35,
   14.57,
   17.6,
   19.23,
   21.12,
   23.47,
   21.86
  ],
  [
   17.68,
   14.75,
   12.72,
   9.66,
   8.97,
   0.76,
   4.59,
   7.76,
   13.17,
   16.22,
   19.95,
   22.45,
   22.1
  ],
  [
   17.21,
   15.15,
   13.81,
   12.74,
   11.68,
   5.48,
   0.76,
   5.33,
   8.65,
   13.47,
   17.19,
   20.57,
   20.71
  ],
  [
   16.27,
   16.64,
   15.06,
   15.27,
   14.74,
   9.87,
   5.94,
   0.76,
   5.73,
   9.16,
   13.78,
   17.62,
   18.81
  ],
  [
   17.02,
   16.61,
   17.83,
   18.14,
   18.34,
   15.6,
   10.9,
   6.46,
   0.76,
   5.45,
   9.67,
   14.27,
   16.87
  ],
  [
   17.33,
   18.79,
   20.01,
   19.82,
   19.5,
   18.23,
   15.72,
   10.86,
   5.95,
   0.76,
   5.48,
   10.84,
   15.44
  ],
  [
   17.65,
   20.17,
   20.95,
   21.26,
   21.37,
   19.93,
   18.14,
   15.42,
   9.75,
   5.88,
   0.76,
   5.44,
   13.17
  ],
  [
   18.71,
   20.89,
   22.39,
   23.31,
   23.84,
   22.65,
   20.73,
   17.82,
   15.0,
   8.87,
   5.25,
   0.76,
   12.02
  ],
  [
   13.22,
   16.69,
   19.97,
   21.7,
   22.45,
   23.2,
   21.56,
   19.45,
   17.02,
   14.78,
   13.09,
   12.92,
   0.76
  ]
 ],
 "chain_ptm": [
  0.15,
  0.16,
  0.16,
  0.16,
  0.14,
  0.14,
  0.15,
  0.15,
  0.14,
  0.14,
  0.14,
  0.13,
  0.13
 ],
 "fraction_disordered": 1.0,
 "has_clash": 0.0,
 "iptm": 0.26,
 "num_recycles": 10.0,
 "ptm": 0.29,
 "ranking_score": 0.76
}