{
 "chain_iptm": [
  0.1,
  0.11,
  0.11,
  0.11,
  0.09,
  0.09,
  0.11,
  0.11,
  0.11,
  0.1,
  0.09,
  0.07,
  0.05
 ],
 "chain_pair_iptm": [
  [
   0.16,
   0.32,
   0.25,
   0.16,
   0.11,
   0.04,
   0.04,
   0.04,
   0.03,
   0.03,
   0.03,
   0.03,
   0.11
  ],
  [
   0.32,
   0.16,
   0.31,
   0.21,
   0.14,
   0.05,
   0.04,
   0.04,
   0.03,
   0.03,
   0.03,
   0.03,
   0.08
  ],
  [
   0.25,
   0.31,
   0.16,
   0.29,
   0.2,
   0.05,
   0.05,
   0.04,
   0.03,
   0.03,
   0.03,
   0.02,
   0.06
  ],
  [
   0.16,
   0.21,
   0.29,
   0.17,
   0.29,
   0.07,
   0.06,
   0.05,
   0.04,
   0.03,
   0.03,
   0.02,
   0.04
  ],
  [
   0.11,
   0.14,
   0.2,
   0.29,
   0.15,
   0.08,
   0.07,
   0.06,
   0.04,
   0.03,
   0.03,
   0.02,
   0.03
  ],
  [
   0.04,
   0.05,
   0.05,
   0.07,
   0.08,
   0.15,
   0.28,
   0.21,
   0.12,
   0.08,
   0.05,
   0.03,
   0.02
  ],
  [
   0.04,
   0.04,
   0.05,
   0.06,
   0.07,
   0.28,
   0.16,
   0.28,
   0.19,
   0.11,
   0.07,
   0.04,
   0.02
  ],
  [
   0.04,
   0.04,
   0.04,
   0.05,
   0.06,
   0.21,
   0.28,
   0.16,
   0.27,
   0.17,
   0.1,
   0.06,
   0.03
  ],
  [
   0.03,
   0.03,
   0.03,
   0.04,
   0.04,
   0.12,
   0.19,
   0.27,
   0.15,
   0.26,
   0.16,
   0.1,
   0.03
  ],
  [
   0.03,
   0.03,
   0.03,
   0.03,
   0.03,
   0.08,
   0.11,
   0.17,
   0.26,
   0.15,
   0.26,
   0.17,
   0.04
  ],
  [
   0.03,
   0.03,
   0.03,
   0.03,
   0.03,
   0.05,
   0.07,
   0.1,
   0.16,
   0.26,
   0.15,
   0.25,
   0.04
  ],
  [
   0.03,
   0.03,
   0.02,
   0.02,
   0.02,
   0.03,
   0.04,
   0.06,
   0.1,
   0.17,
   0.25,
   0.14,
   0.05
  ],
  [
   0.11,
   0.08,
   0.06,
   0.04,
   0.03,
   0.02,
   0.02,
   0.03,
   0.03,
   0.04,
   0.04,
   0.05,
   0.13
  ]
 ],
 "chain_pair_pae_min": [
  [
   0.76,
   3.42,
   5.23,
   9.58,
   12.93,
   16.32,
   17.53,
   17.43,
   17.4,
   16.58,
   17.5,
   19.1,
   16.8
  ],
  [
   3.67,
   0.76,
   3.73,
   6.96,
   10.82,
   15.29,
   15.32,
   16.07,
   16.87,
   17.73,
   18.8,
   20.5,
   18.21
  ],
  [
   5.42,
   4.31,
   0.76,
   5.13,
   8.41,
   13.31,
   14.04,
   14.63,
   16.97,
   18.61,
   19.84,
   21.49,
   19.97
  ],
  [
   9.37,
   6.71,
   4.97,
   0.76,
   4.46,
   10.74,
   12.52,
   13.59,
   16.59,
   19.0,
   20.32,
   22.2,
   20.74
  ],
  [
   12.08,
   10.16,
   7.39,
   4.99,
   0.76,
   8.28,
   9.6,
   12.61,
   16.11,
   18.52,
   20.36,
   22.68,
   21.65
  ],
  [
   17.71,
   15.73,
   13.83,
   11.47,
   8.38,
   0.76,
   3.81,
   7.45,
   12.5,
   15.66,
   18.5,
   20.45,
   22.31
  ],
  [
   18.15,
   16.41,
   14.61,
   12.53,
   9.99,
   4.3,
   0.76,
   4.82,
   8.44,
   13.67,
   16.55,
   19.36,
   21.48
  ],
  [
   18.53,
   16.58,
   15.31,
   13.61,
   12.94,
   8.04,
   5.11,
   0.76,
   5.08,
   8.95,
   14.16,
   17.48,
   19.99
  ],
  [
   17.62,
   16.52,
   17.02,
   16.31,
   15.55,
   13.68,
   8.89,
   5.44,
   0.76,
   5.3,
   9.67,
   14.7,
   17.77
  ],
  [
   17.74,
   17.89,
   18.5,
   18.86,
   17.59,
   16.85,
   14.56,
   9.68,
   5.41,
   0.76,
   5.04,
   9.99,
   15.73
  ],
  [
   17.6,
   18.25,
   20.14,
   20.4,
   19.42,
   18.7,
   17.4,
   14.25,
   9.02,
   5.27,
   0.76,
   5.42,
   13.26
  ],
  [
   17.09,
   19.09,
   21.24,
   21.45,
   21.81,
   21.52,
   19.77,
   16.9,
   13.8,
   8.43,
   4.8,
   0.76,
   11.62
  ],
  [
   13.96,
   15.98,
   19.05,
   21.24,
   22.58,
   23.79,
   22.62,
   20.75,
   18.34,
   15.74,
   12.79,
   11.23,
   0.76
  ]
 ],
 "chain_ptm": [
  0.16,
  0.16,
  0.16,
  0.17,
  0.15,
  0.15,
  0.16,
  0.16,
  0.15,
  0.15,
  0.15,
  0.14,
  0.13
 ],
 "fraction_disordered": 1.0,
 "has_clash": 0.0,
 "iptm": 0.27,
 "num_recycles": 10.0,
 "ptm": 0.3,
 "ranking_score": 0.78
}