{
 "chain_iptm": [
  0.09,
  0.07,
  0.07,
  0.08
 ],
 "chain_pair_iptm": [
  [
   0.18,
   0.1,
   0.06,
   0.1
  ],
  [
   0.1,
   0.18,
   0.06,
   0.06
  ],
  [
   0.06,
   0.06,
   0.18,
   0.09
  ],
  [
   0.1,
   0.06,
   0.09,
   0.19
  ]
 ],
 "chain_pair_pae_min": [
  [
   0.76,
   8.45,
   10.8,
   8.96
  ],
  [
   8.61,
   0.76,
   10.25,
   11.34
  ],
  [
   10.69,
   10.43,
   0.76,
   9.14
  ],
  [
   9.07,
   11.31,
   9.23,
   0.76
  ]
 ],
 "chain_ptm": [
  0.18,
  0.18,
  0.18,
  0.19
 ],
 "fraction_disordered": 1.0,
 "has_clash": 0.0,
 "iptm": 0.16,
 "num_recycles": 10.0,
 "ptm": 0.3,
 "ranking_score": 0.69
}