{
 "chain_iptm": [
  0.07,
  0.08,
  0.08,
  0.07
 ],
 "chain_pair_iptm": [
  [
   0.18,
   0.06,
   0.08,
   0.08
  ],
  [
   0.06,
   0.18,
   0.09,
   0.08
  ],
  [
   0.08,
   0.09,
   0.18,
   0.06
  ],
  [
   0.08,
   0.08,
   0.06,
   0.18
  ]
 ],
 "chain_pair_pae_min": [
  [
   0.76,
   10.27,
   9.68,
   10.44
  ],
  [
   10.36,
   0.76,
   9.8,
   10.11
  ],
  [
   9.85,
   9.16,
   0.76,
   10.82
  ],
  [
   9.74,
   10.35,
   10.87,
   0.76
  ]
 ],
 "chain_ptm": [
  0.18,
  0.18,
  0.18,
  0.18
 ],
 "fraction_disordered": 1.0,
 "has_clash": 0.0,
 "iptm": 0.15,
 "num_recycles": 10.0,
 "ptm": 0.29,
 "ranking_score": 0.68
}