{
 "chain_iptm": [
  0.08,
  0.09,
  0.08,
  0.08
 ],
 "chain_pair_iptm": [
  [
   0.18,
   0.1,
   0.07,
   0.08
  ],
  [
   0.1,
   0.18,
   0.09,
   0.07
  ],
  [
   0.07,
   0.09,
   0.19,
   0.09
  ],
  [
   0.08,
   0.07,
   0.09,
   0.19
  ]
 ],
 "chain_pair_pae_min": [
  [
   0.76,
   9.09,
   10.54,
   9.74
  ],
  [
   8.57,
   0.76,
   9.63,
   10.95
  ],
  [
   10.38,
   9.1,
   0.76,
   9.98
  ],
  [
   10.13,
   10.3,
   9.25,
   0.76
  ]
 ],
 "chain_ptm": [
  0.18,
  0.18,
  0.19,
  0.19
 ],
 "fraction_disordered": 1.0,
 "has_clash": 0.0,
 "iptm": 0.16,
 "num_recycles": 10.0,
 "ptm": 0.3,
 "ranking_score": 0.69
}