{
 "chain_iptm": [
  0.08,
  0.08,
  0.08,
  0.07
 ],
 "chain_pair_iptm": [
  [
   0.19,
   0.1,
   0.06,
   0.08
  ],
  [
   0.1,
   0.19,
   0.09,
   0.06
  ],
  [
   0.06,
   0.09,
   0.19,
   0.08
  ],
  [
   0.08,
   0.06,
   0.08,
   0.19
  ]
 ],
 "chain_pair_pae_min": [
  [
   0.76,
   8.56,
   10.45,
   10.3
  ],
  [
   9.17,
   0.76,
   9.02,
   11.08
  ],
  [
   10.29,
   9.43,
   0.76,
   9.29
  ],
  [
   9.94,
   10.43,
   9.89,
   0.76
  ]
 ],
 "chain_ptm": [
  0.19,
  0.19,
  0.19,
  0.19
 ],
 "fraction_disordered": 1.0,
 "has_clash": 0.0,
 "iptm": 0.16,
 "num_recycles": 10.0,
 "ptm": 0.3,
 "ranking_score": 0.69
}