{
 "chain_iptm": [
  0.1,
  0.1,
  0.1,
  0.09
 ],
 "chain_pair_iptm": [
  [
   0.2,
   0.13,
   0.11,
   0.07
  ],
  [
   0.13,
   0.19,
   0.08,
   0.11
  ],
  [
   0.11,
   0.08,
   0.19,
   0.1
  ],
  [
   0.07,
   0.11,
   0.1,
   0.2
  ]
 ],
 "chain_pair_pae_min": [
  [
   0.76,
   8.19,
   9.05,
   10.35
  ],
  [
   8.37,
   0.76,
   9.66,
   9.29
  ],
  [
   8.86,
   9.52,
   0.76,
   9.4
  ],
  [
   10.03,
   9.63,
   9.1,
   0.76
  ]
 ],
 "chain_ptm": [
  0.2,
  0.19,
  0.19,
  0.2
 ],
 "fraction_disordered": 1.0,
 "has_clash": 0.0,
 "iptm": 0.19,
 "num_recycles": 10.0,
 "ptm": 0.32,
 "ranking_score": 0.71
}