{
 "chain_iptm": [
  0.07,
  0.06,
  0.08,
  0.12,
  0.13,
  0.14,
  0.14,
  0.13,
  0.1
 ],
 "chain_pair_iptm": [
  [
   0.08,
   0.18,
   0.15,
   0.06,
   0.05,
   0.04,
   0.03,
   0.03,
   0.02
  ],
  [
   0.18,
   0.08,
   0.12,
   0.06,
   0.04,
   0.04,
   0.03,
   0.03,
   0.02
  ],
  [
   0.15,
   0.12,
   0.07,
   0.1,
   0.07,
   0.06,
   0.05,
   0.04,
   0.03
  ],
  [
   0.06,
   0.06,
   0.1,
   0.09,
   0.22,
   0.18,
   0.14,
   0.11,
   0.07
  ],
  [
   0.05,
   0.04,
   0.07,
   0.22,
   0.1,
   0.23,
   0.19,
   0.16,
   0.1
  ],
  [
   0.04,
   0.04,
   0.06,
   0.18,
   0.23,
   0.1,
   0.25,
   0.2,
   0.14
  ],
  [
   0.03,
   0.03,
   0.05,
   0.14,
   0.19,
   0.25,
   0.1,
   0.25,
   0.19
  ],
  [
   0.03,
   0.03,
   0.04,
   0.11,
   0.16,
   0.2,
   0.25,
   0.1,
   0.24
  ],
  [
   0.02,
   0.02,
   0.03,
   0.07,
   0.1,
   0.14,
   0.19,
   0.24,
   0.1
  ]
 ],
 "chain_pair_pae_min": [
  [
   0.76,
   6.27,
   7.79,
   11.22,
   13.58,
   15.93,
   18.57,
   20.66,
   23.16
  ],
  [
   6.63,
   0.76,
   7.2,
   9.97,
   11.89,
   14.96,
   18.51,
   21.07,
   23.3
  ],
  [
   7.57,
   7.44,
   0.76,
   5.45,
   8.9,
   11.92,
   14.8,
   17.22,
   20.51
  ],
  [
   11.14,
   10.19,
   6.26,
   0.76,
   5.41,
   6.64,
   9.85,
   12.18,
   16.86
  ],
  [
   13.18,
   12.62,
   9.17,
   5.33,
   0.76,
   4.82,
   7.12,
   9.39,
   13.52
  ],
  [
   15.34,
   15.35,
   10.96,
   7.39,
   5.25,
   0.76,
   4.9,
   7.6,
   11.59
  ],
  [
   16.68,
   17.46,
   13.01,
   9.45,
   7.19,
   4.93,
   0.76,
   4.91,
   10.42
  ],
  [
   18.19,
   19.08,
   15.27,
   11.71,
   9.33,
   7.84,
   5.07,
   0.76,
   6.81
  ],
  [
   21.25,
   22.41,
   18.58,
   15.23,
   12.64,
   10.25,
   8.44,
   5.83,
   0.76
  ]
 ],
 "chain_ptm": [
  0.08,
  0.08,
  0.07,
  0.09,
  0.1,
  0.1,
  0.1,
  0.1,
  0.1
 ],
 "fraction_disordered": 1.0,
 "has_clash": 0.0,
 "iptm": 0.3,
 "num_recycles": 10.0,
 "ptm": 0.34,
 "ranking_score": 0.81
}