{
 "chain_iptm": [
  0.14,
  0.17,
  0.19,
  0.19,
  0.19,
  0.18,
  0.17,
  0.08,
  0.1
 ],
 "chain_pair_iptm": [
  [
   0.1,
   0.29,
   0.24,
   0.19,
   0.16,
   0.12,
   0.08,
   0.03,
   0.04
  ],
  [
   0.29,
   0.11,
   0.29,
   0.24,
   0.2,
   0.16,
   0.12,
   0.03,
   0.05
  ],
  [
   0.24,
   0.29,
   0.11,
   0.28,
   0.24,
   0.2,
   0.15,
   0.04,
   0.06
  ],
  [
   0.19,
   0.24,
   0.28,
   0.11,
   0.28,
   0.24,
   0.18,
   0.05,
   0.08
  ],
  [
   0.16,
   0.2,
   0.24,
   0.28,
   0.1,
   0.28,
   0.22,
   0.07,
   0.1
  ],
  [
   0.12,
   0.16,
   0.2,
   0.24,
   0.28,
   0.11,
   0.27,
   0.09,
   0.12
  ],
  [
   0.08,
   0.12,
   0.15,
   0.18,
   0.22,
   0.27,
   0.1,
   0.13,
   0.18
  ],
  [
   0.03,
   0.03,
   0.04,
   0.05,
   0.07,
   0.09,
   0.13,
   0.09,
   0.2
  ],
  [
   0.04,
   0.05,
   0.06,
   0.08,
   0.1,
   0.12,
   0.18,
   0.2,
   0.1
  ]
 ],
 "chain_pair_pae_min": [
  [
   0.76,
   4.78,
   6.15,
   6.88,
   9.01,
   11.39,
   14.08,
   18.79,
   18.73
  ],
  [
   5.02,
   0.76,
   4.34,
   6.18,
   6.88,
   9.09,
   11.86,
   16.78,
   16.54
  ],
  [
   7.11,
   4.16,
   0.76,
   4.55,
   6.06,
   7.98,
   10.24,
   15.98,
   16.07
  ],
  [
   8.23,
   6.19,
   4.23,
   0.76,
   4.24,
   6.2,
   8.4,
   14.32,
   14.22
  ],
  [
   10.21,
   8.02,
   5.98,
   4.35,
   0.76,
   4.17,
   6.69,
   12.09,
   12.46
  ],
  [
   11.55,
   9.33,
   7.88,
   5.91,
   4.35,
   0.76,
   4.13,
   10.29,
   10.34
  ],
  [
   13.85,
   11.7,
   9.24,
   8.06,
   6.2,
   4.53,
   0.76,
   8.94,
   7.74
  ],
  [
   21.62,
   19.28,
   16.81,
   13.85,
   11.52,
   9.88,
   7.52,
   0.76,
   6.14
  ],
  [
   20.07,
   17.91,
   16.23,
   14.41,
   12.1,
   10.59,
   7.9,
   5.59,
   0.76
  ]
 ],
 "chain_ptm": [
  0.1,
  0.11,
  0.11,
  0.11,
  0.1,
  0.11,
  0.1,
  0.09,
  0.1
 ],
 "fraction_disordered": 1.0,
 "has_clash": 0.0,
 "iptm": 0.38,
 "num_recycles": 10.0,
 "ptm": 0.41,
 "ranking_score": 0.89
}