{
 "chain_iptm": [
  0.11,
  0.12,
  0.12,
  0.11,
  0.09,
  0.09,
  0.08,
  0.04,
  0.03
 ],
 "chain_pair_iptm": [
  [
   0.1,
   0.28,
   0.23,
   0.17,
   0.06,
   0.04,
   0.03,
   0.02,
   0.02
  ],
  [
   0.28,
   0.1,
   0.27,
   0.21,
   0.07,
   0.05,
   0.04,
   0.03,
   0.02
  ],
  [
   0.23,
   0.27,
   0.1,
   0.24,
   0.08,
   0.06,
   0.05,
   0.03,
   0.02
  ],
  [
   0.17,
   0.21,
   0.24,
   0.09,
   0.09,
   0.07,
   0.05,
   0.03,
   0.02
  ],
  [
   0.06,
   0.07,
   0.08,
   0.09,
   0.09,
   0.21,
   0.15,
   0.04,
   0.04
  ],
  [
   0.04,
   0.05,
   0.06,
   0.07,
   0.21,
   0.09,
   0.21,
   0.05,
   0.05
  ],
  [
   0.03,
   0.04,
   0.05,
   0.05,
   0.15,
   0.21,
   0.09,
   0.06,
   0.06
  ],
  [
   0.02,
   0.03,
   0.03,
   0.03,
   0.04,
   0.05,
   0.06,
   0.07,
   0.05
  ],
  [
   0.02,
   0.02,
   0.02,
   0.02,
   0.04,
   0.05,
   0.06,
   0.05,
   0.07
  ]
 ],
 "chain_pair_pae_min": [
  [
   0.76,
   4.93,
   6.56,
   7.86,
   11.61,
   14.28,
   17.06,
   19.73,
   22.06
  ],
  [
   5.55,
   0.76,
   5.24,
   6.99,
   10.04,
   11.97,
   14.21,
   17.92,
   20.59
  ],
  [
   6.93,
   5.16,
   0.76,
   5.41,
   8.27,
   10.38,
   13.34,
   17.22,
   19.94
  ],
  [
   9.31,
   6.48,
   5.42,
   0.76,
   5.73,
   8.64,
   11.72,
   16.02,
   19.08
  ],
  [
   13.74,
   11.14,
   8.69,
   6.14,
   0.76,
   5.82,
   8.14,
   13.32,
   17.0
  ],
  [
   15.84,
   13.0,
   11.07,
   8.81,
   5.7,
   0.76,
   5.46,
   10.06,
   14.67
  ],
  [
   18.76,
   15.57,
   14.31,
   11.5,
   7.85,
   5.96,
   0.76,
   7.27,
   12.89
  ],
  [
   24.81,
   22.61,
   20.72,
   18.73,
   14.59,
   10.29,
   7.12,
   0.76,
   9.19
  ],
  [
   26.43,
   25.17,
   23.29,
   21.29,
   18.01,
   15.04,
   12.04,
   8.16,
   0.76
  ]
 ],
 "chain_ptm": [
  0.1,
  0.1,
  0.1,
  0.09,
  0.09,
  0.09,
  0.09,
  0.07,
  0.07
 ],
 "fraction_disordered": 1.0,
 "has_clash": 0.0,
 "iptm": 0.27,
 "num_recycles": 10.0,
 "ptm": 0.31,
 "ranking_score": 0.77
}