{
 "chain_iptm": [
  0.06,
  0.16,
  0.2,
  0.22,
  0.24,
  0.24,
  0.23,
  0.21,
  0.17
 ],
 "chain_pair_iptm": [
  [
   0.07,
   0.1,
   0.08,
   0.07,
   0.06,
   0.05,
   0.04,
   0.04,
   0.03
  ],
  [
   0.1,
   0.1,
   0.27,
   0.23,
   0.2,
   0.17,
   0.13,
   0.11,
   0.08
  ],
  [
   0.08,
   0.27,
   0.11,
   0.31,
   0.27,
   0.23,
   0.19,
   0.15,
   0.11
  ],
  [
   0.07,
   0.23,
   0.31,
   0.11,
   0.32,
   0.28,
   0.24,
   0.2,
   0.15
  ],
  [
   0.06,
   0.2,
   0.27,
   0.32,
   0.11,
   0.34,
   0.29,
   0.24,
   0.18
  ],
  [
   0.05,
   0.17,
   0.23,
   0.28,
   0.34,
   0.12,
   0.34,
   0.28,
   0.22
  ],
  [
   0.04,
   0.13,
   0.19,
   0.24,
   0.29,
   0.34,
   0.12,
   0.34,
   0.27
  ],
  [
   0.04,
   0.11,
   0.15,
   0.2,
   0.24,
   0.28,
   0.34,
   0.12,
   0.32
  ],
  [
   0.03,
   0.08,
   0.11,
   0.15,
   0.18,
   0.22,
   0.27,
   0.32,
   0.11
  ]
 ],
 "chain_pair_pae_min": [
  [
   0.76,
   5.8,
   8.97,
   12.74,
   15.47,
   17.31,
   19.3,
   21.59,
   24.37
  ],
  [
   7.2,
   0.76,
   4.65,
   5.86,
   7.32,
   8.86,
   10.84,
   12.88,
   16.52
  ],
  [
   9.52,
   4.54,
   0.76,
   4.03,
   5.51,
   6.37,
   8.29,
   10.37,
   14.05
  ],
  [
   11.37,
   6.89,
   3.87,
   0.76,
   3.42,
   4.82,
   6.45,
   8.41,
   12.15
  ],
  [
   12.5,
   7.77,
   5.48,
   3.63,
   0.76,
   3.16,
   5.01,
   7.06,
   10.19
  ],
  [
   13.47,
   9.41,
   6.74,
   4.91,
   3.22,
   0.76,
   3.32,
   6.02,
   8.65
  ],
  [
   14.84,
   10.43,
   7.87,
   6.49,
   4.74,
   3.34,
   0.76,
   3.23,
   7.63
  ],
  [
   15.39,
   11.91,
   9.78,
   8.29,
   6.34,
   5.19,
   3.15,
   0.76,
   4.56
  ],
  [
   18.76,
   14.7,
   12.68,
   10.96,
   9.24,
   8.05,
   6.62,
   4.29,
   0.76
  ]
 ],
 "chain_ptm": [
  0.07,
  0.1,
  0.11,
  0.11,
  0.11,
  0.12,
  0.12,
  0.12,
  0.11
 ],
 "fraction_disordered": 1.0,
 "has_clash": 0.0,
 "iptm": 0.46,
 "num_recycles": 10.0,
 "ptm": 0.48,
 "ranking_score": 0.96
}