{
 "chain_iptm": [
  0.19,
  0.23,
  0.25,
  0.26,
  0.27,
  0.26,
  0.25,
  0.22,
  0.17
 ],
 "chain_pair_iptm": [
  [
   0.11,
   0.34,
   0.29,
   0.24,
   0.2,
   0.16,
   0.13,
   0.11,
   0.06
  ],
  [
   0.34,
   0.11,
   0.34,
   0.3,
   0.25,
   0.21,
   0.17,
   0.14,
   0.09
  ],
  [
   0.29,
   0.34,
   0.11,
   0.34,
   0.29,
   0.25,
   0.21,
   0.17,
   0.11
  ],
  [
   0.24,
   0.3,
   0.34,
   0.11,
   0.34,
   0.29,
   0.25,
   0.2,
   0.14
  ],
  [
   0.2,
   0.25,
   0.29,
   0.34,
   0.11,
   0.34,
   0.29,
   0.24,
   0.17
  ],
  [
   0.16,
   0.21,
   0.25,
   0.29,
   0.34,
   0.11,
   0.34,
   0.28,
   0.2
  ],
  [
   0.13,
   0.17,
   0.21,
   0.25,
   0.29,
   0.34,
   0.12,
   0.33,
   0.25
  ],
  [
   0.11,
   0.14,
   0.17,
   0.2,
   0.24,
   0.28,
   0.33,
   0.12,
   0.31
  ],
  [
   0.06,
   0.09,
   0.11,
   0.14,
   0.17,
   0.2,
   0.25,
   0.31,
   0.11
  ]
 ],
 "chain_pair_pae_min": [
  [
   0.76,
   3.91,
   5.26,
   5.84,
   7.64,
   9.3,
   10.71,
   13.2,
   16.23
  ],
  [
   3.87,
   0.76,
   3.45,
   4.9,
   5.51,
   7.03,
   8.84,
   10.73,
   14.68
  ],
  [
   5.76,
   3.46,
   0.76,
   3.62,
   4.66,
   5.84,
   7.09,
   9.77,
   13.67
  ],
  [
   6.59,
   4.7,
   3.43,
   0.76,
   3.06,
   4.49,
   5.94,
   7.94,
   12.08
  ],
  [
   8.3,
   5.96,
   4.63,
   3.3,
   0.76,
   3.04,
   4.86,
   6.92,
   10.53
  ],
  [
   9.4,
   7.42,
   5.96,
   4.45,
   3.13,
   0.76,
   3.06,
   5.8,
   8.93
  ],
  [
   10.52,
   8.78,
   7.23,
   5.98,
   4.66,
   3.13,
   0.76,
   3.34,
   7.79
  ],
  [
   11.97,
   10.46,
   9.18,
   8.32,
   6.34,
   5.49,
   3.38,
   0.76,
   4.68
  ],
  [
   16.35,
   13.78,
   12.62,
   11.7,
   9.97,
   8.45,
   6.99,
   4.48,
   0.76
  ]
 ],
 "chain_ptm": [
  0.11,
  0.11,
  0.11,
  0.11,
  0.11,
  0.11,
  0.12,
  0.12,
  0.11
 ],
 "fraction_disordered": 1.0,
 "has_clash": 0.0,
 "iptm": 0.5,
 "num_recycles": 10.0,
 "ptm": 0.52,
 "ranking_score": 1.01
}