{
 "chain_iptm": [
  0.13,
  0.15,
  0.15,
  0.13,
  0.1,
  0.11,
  0.1
 ],
 "chain_pair_iptm": [
  [
   0.18,
   0.27,
   0.24,
   0.18,
   0.03,
   0.03,
   0.04
  ],
  [
   0.27,
   0.2,
   0.27,
   0.22,
   0.04,
   0.04,
   0.04
  ],
  [
   0.24,
   0.27,
   0.2,
   0.26,
   0.04,
   0.04,
   0.04
  ],
  [
   0.18,
   0.22,
   0.26,
   0.2,
   0.05,
   0.04,
   0.04
  ],
  [
   0.03,
   0.04,
   0.04,
   0.05,
   0.18,
   0.24,
   0.2
  ],
  [
   0.03,
   0.04,
   0.04,
   0.04,
   0.24,
   0.19,
   0.25
  ],
  [
   0.04,
   0.04,
   0.04,
   0.04,
   0.2,
   0.25,
   0.18
  ]
 ],
 "chain_pair_pae_min": [
  [
   0.76,
   2.21,
   3.83,
   7.49,
   18.42,
   19.44,
   20.19
  ],
  [
   2.14,
   0.76,
   2.72,
   6.25,
   17.31,
   18.62,
   19.85
  ],
  [
   4.08,
   2.74,
   0.76,
   3.93,
   15.72,
   18.26,
   19.73
  ],
  [
   6.68,
   5.59,
   3.6,
   0.76,
   13.59,
   16.54,
   18.91
  ],
  [
   19.39,
   18.32,
   16.9,
   14.01,
   0.76,
   3.4,
   5.7
  ],
  [
   20.08,
   19.13,
   18.29,
   16.86,
   3.69,
   0.76,
   3.34
  ],
  [
   19.66,
   19.4,
   19.31,
   18.48,
   5.54,
   3.12,
   0.76
  ]
 ],
 "chain_ptm": [
  0.18,
  0.2,
  0.2,
  0.2,
  0.18,
  0.19,
  0.18
 ],
 "fraction_disordered": 1.0,
 "has_clash": 0.0,
 "iptm": 0.25,
 "num_recycles": 10.0,
 "ptm": 0.28,
 "ranking_score": 0.76
}