{
 "chain_iptm": [
  0.04,
  0.05,
  0.05,
  0.05,
  0.05,
  0.05,
  0.04
 ],
 "chain_pair_iptm": [
  [
   0.19,
   0.09,
   0.05,
   0.03,
   0.03,
   0.03,
   0.04
  ],
  [
   0.09,
   0.19,
   0.07,
   0.04,
   0.03,
   0.03,
   0.03
  ],
  [
   0.05,
   0.07,
   0.2,
   0.07,
   0.04,
   0.03,
   0.03
  ],
  [
   0.03,
   0.04,
   0.07,
   0.21,
   0.07,
   0.04,
   0.03
  ],
  [
   0.03,
   0.03,
   0.04,
   0.07,
   0.2,
   0.07,
   0.04
  ],
  [
   0.03,
   0.03,
   0.03,
   0.04,
   0.07,
   0.2,
   0.09
  ],
  [
   0.04,
   0.03,
   0.03,
   0.03,
   0.04,
   0.09,
   0.2
  ]
 ],
 "chain_pair_pae_min": [
  [
   0.77,
   9.44,
   15.19,
   20.16,
   20.68,
   20.54,
   16.97
  ],
  [
   10.1,
   0.77,
   11.05,
   17.67,
   20.85,
   21.82,
   22.2
  ],
  [
   15.78,
   10.68,
   0.77,
   10.72,
   18.18,
   21.85,
   23.31
  ],
  [
   20.88,
   17.07,
   10.76,
   0.77,
   10.81,
   17.92,
   22.11
  ],
  [
   21.77,
   21.37,
   17.48,
   10.6,
   0.77,
   10.92,
   18.12
  ],
  [
   21.36,
   22.03,
   22.06,
   17.72,
   10.67,
   0.77,
   11.08
  ],
  [
   18.13,
   21.81,
   22.3,
   21.62,
   16.45,
   10.18,
   0.77
  ]
 ],
 "chain_ptm": [
  0.19,
  0.19,
  0.2,
  0.21,
  0.2,
  0.2,
  0.2
 ],
 "fraction_disordered": 1.0,
 "has_clash": 0.0,
 "iptm": 0.12,
 "num_recycles": 10.0,
 "ptm": 0.16,
 "ranking_score": 0.63
}