{
 "chain_iptm": [
  0.04,
  0.05,
  0.05,
  0.04,
  0.05,
  0.04,
  0.04
 ],
 "chain_pair_iptm": [
  [
   0.17,
   0.08,
   0.05,
   0.03,
   0.03,
   0.03,
   0.03
  ],
  [
   0.08,
   0.17,
   0.07,
   0.04,
   0.03,
   0.03,
   0.03
  ],
  [
   0.05,
   0.07,
   0.17,
   0.06,
   0.04,
   0.03,
   0.03
  ],
  [
   0.03,
   0.04,
   0.06,
   0.18,
   0.06,
   0.04,
   0.03
  ],
  [
   0.03,
   0.03,
   0.04,
   0.06,
   0.17,
   0.06,
   0.04
  ],
  [
   0.03,
   0.03,
   0.03,
   0.04,
   0.06,
   0.17,
   0.08
  ],
  [
   0.03,
   0.03,
   0.03,
   0.03,
   0.04,
   0.08,
   0.18
  ]
 ],
 "chain_pair_pae_min": [
  [
   0.77,
   9.49,
   14.45,
   19.57,
   20.79,
   20.47,
   15.64
  ],
  [
   9.66,
   0.76,
   10.57,
   17.54,
   20.9,
   21.92,
   21.47
  ],
  [
   15.5,
   10.62,
   0.76,
   10.36,
   17.36,
   21.3,
   22.69
  ],
  [
   20.36,
   15.64,
   11.27,
   0.77,
   10.17,
   17.65,
   21.31
  ],
  [
   21.42,
   19.54,
   16.43,
   10.84,
   0.77,
   10.88,
   18.2
  ],
  [
   21.0,
   21.07,
   20.95,
   16.71,
   11.13,
   0.76,
   11.23
  ],
  [
   16.46,
   20.9,
   21.99,
   21.08,
   15.91,
   9.86,
   0.77
  ]
 ],
 "chain_ptm": [
  0.17,
  0.17,
  0.17,
  0.18,
  0.17,
  0.17,
  0.18
 ],
 "fraction_disordered": 1.0,
 "has_clash": 0.0,
 "iptm": 0.12,
 "num_recycles": 10.0,
 "ptm": 0.15,
 "ranking_score": 0.62
}