{
 "chain_iptm": [
  0.13,
  0.15,
  0.16,
  0.14,
  0.13,
  0.14,
  0.13
 ],
 "chain_pair_iptm": [
  [
   0.16,
   0.2,
   0.17,
   0.12,
   0.09,
   0.1,
   0.1
  ],
  [
   0.2,
   0.17,
   0.21,
   0.15,
   0.11,
   0.12,
   0.12
  ],
  [
   0.17,
   0.21,
   0.18,
   0.19,
   0.13,
   0.13,
   0.12
  ],
  [
   0.12,
   0.15,
   0.19,
   0.17,
   0.13,
   0.12,
   0.1
  ],
  [
   0.09,
   0.11,
   0.13,
   0.13,
   0.17,
   0.19,
   0.15
  ],
  [
   0.1,
   0.12,
   0.13,
   0.12,
   0.19,
   0.18,
   0.19
  ],
  [
   0.1,
   0.12,
   0.12,
   0.1,
   0.15,
   0.19,
   0.17
  ]
 ],
 "chain_pair_pae_min": [
  [
   0.76,
   3.49,
   5.32,
   9.72,
   11.98,
   11.79,
   12.2
  ],
  [
   3.37,
   0.76,
   3.55,
   8.02,
   10.34,
   11.08,
   11.88
  ],
  [
   5.27,
   3.66,
   0.76,
   5.19,
   8.82,
   9.56,
   10.9
  ],
  [
   9.48,
   6.92,
   4.41,
   0.76,
   5.91,
   8.56,
   10.76
  ],
  [
   11.02,
   9.68,
   6.98,
   6.06,
   0.76,
   4.32,
   8.0
  ],
  [
   11.91,
   9.72,
   8.35,
   8.33,
   3.89,
   0.76,
   5.05
  ],
  [
   11.03,
   9.34,
   9.53,
   10.49,
   6.74,
   4.09,
   0.76
  ]
 ],
 "chain_ptm": [
  0.16,
  0.17,
  0.18,
  0.17,
  0.17,
  0.18,
  0.17
 ],
 "fraction_disordered": 1.0,
 "has_clash": 0.0,
 "iptm": 0.27,
 "num_recycles": 10.0,
 "ptm": 0.29,
 "ranking_score": 0.77
}