{
 "chain_iptm": [
  0.04,
  0.05,
  0.05,
  0.05,
  0.05,
  0.05,
  0.04
 ],
 "chain_pair_iptm": [
  [
   0.2,
   0.09,
   0.05,
   0.03,
   0.03,
   0.03,
   0.03
  ],
  [
   0.09,
   0.19,
   0.07,
   0.04,
   0.03,
   0.03,
   0.03
  ],
  [
   0.05,
   0.07,
   0.2,
   0.07,
   0.04,
   0.03,
   0.03
  ],
  [
   0.03,
   0.04,
   0.07,
   0.21,
   0.07,
   0.04,
   0.03
  ],
  [
   0.03,
   0.03,
   0.04,
   0.07,
   0.2,
   0.07,
   0.05
  ],
  [
   0.03,
   0.03,
   0.03,
   0.04,
   0.07,
   0.2,
   0.08
  ],
  [
   0.03,
   0.03,
   0.03,
   0.03,
   0.05,
   0.08,
   0.21
  ]
 ],
 "chain_pair_pae_min": [
  [
   0.77,
   7.8,
   12.34,
   18.97,
   21.28,
   21.33,
   19.01
  ],
  [
   8.03,
   0.77,
   9.57,
   15.83,
   19.34,
   20.52,
   21.06
  ],
  [
   12.51,
   9.44,
   0.77,
   10.25,
   15.82,
   19.26,
   20.87
  ],
  [
   19.11,
   15.13,
   9.63,
   0.77,
   10.33,
   16.63,
   20.71
  ],
  [
   21.25,
   18.6,
   15.71,
   10.43,
   0.77,
   9.31,
   15.29
  ],
  [
   21.27,
   19.65,
   17.82,
   15.45,
   9.05,
   0.77,
   10.2
  ],
  [
   19.21,
   20.29,
   20.39,
   18.91,
   13.86,
   8.64,
   0.77
  ]
 ],
 "chain_ptm": [
  0.2,
  0.19,
  0.2,
  0.21,
  0.2,
  0.2,
  0.21
 ],
 "fraction_disordered": 1.0,
 "has_clash": 0.0,
 "iptm": 0.13,
 "num_recycles": 10.0,
 "ptm": 0.17,
 "ranking_score": 0.63
}