{
 "chain_iptm": [
  0.02,
  0.02,
  0.02,
  0.02,
  0.02,
  0.02,
  0.01,
  0.02,
  0.02,
  0.02,
  0.01,
  0.01
 ],
 "chain_pair_iptm": [
  [
   0.06,
   0.07,
   0.02,
   0.01,
   0.01,
   0.01,
   0.01,
   0.01,
   0.01,
   0.01,
   0.01,
   0.02
  ],
  [
   0.07,
   0.07,
   0.05,
   0.02,
   0.01,
   0.01,
   0.01,
   0.01,
   0.01,
   0.01,
   0.01,
   0.01
  ],
  [
   0.02,
   0.05,
   0.06,
   0.06,
   0.02,
   0.01,
   0.01,
   0.01,
   0.01,
   0.01,
   0.01,
   0.01
  ],
  [
   0.01,
   0.02,
   0.06,
   0.07,
   0.06,
   0.03,
   0.01,
   0.01,
   0.01,
   0.01,
   0.01,
   0.01
  ],
  [
   0.01,
   0.01,
   0.02,
   0.06,
   0.07,
   0.08,
   0.01,
   0.01,
   0.01,
   0.01,
   0.01,
   0.01
  ],
  [
   0.01,
   0.01,
   0.01,
   0.03,
   0.08,
   0.08,
   0.02,
   0.01,
   0.01,
   0.01,
   0.01,
   0.01
  ],
  [
   0.01,
   0.01,
   0.01,
   0.01,
   0.01,
   0.02,
   0.06,
   0.05,
   0.02,
   0.01,
   0.01,
   0.01
  ],
  [
   0.01,
   0.01,
   0.01,
   0.01,
   0.01,
   0.01,
   0.05,
   0.06,
   0.05,
   0.02,
   0.01,
   0.01
  ],
  [
   0.01,
   0.01,
   0.01,
   0.01,
   0.01,
   0.01,
   0.02,
   0.05,
   0.07,
   0.05,
   0.02,
   0.01
  ],
  [
   0.01,
   0.01,
   0.01,
   0.01,
   0.01,
   0.01,
   0.01,
   0.02,
   0.05,
   0.07,
   0.05,
   0.01
  ],
  [
   0.01,
   0.01,
   0.01,
   0.01,
   0.01,
   0.01,
   0.01,
   0.01,
   0.02,
   0.05,
   0.07,
   0.01
  ],
  [
   0.02,
   0.01,
   0.01,
   0.01,
   0.01,
   0.01,
   0.01,
   0.01,
   0.01,
   0.01,
   0.01,
   0.06
  ]
 ],
 "chain_pair_pae_min": [
  [
   0.77,
   10.31,
   18.58,
   24.04,
   27.01,
   28.82,
   29.12,
   28.37,
   27.75,
   26.43,
   24.26,
   21.61
  ],
  [
   11.66,
   0.76,
   10.35,
   18.36,
   25.06,
   27.61,
   28.96,
   27.84,
   26.96,
   25.87,
   25.23,
   24.02
  ],
  [
   19.73,
   10.96,
   0.76,
   10.56,
   19.63,
   25.57,
   27.81,
   26.78,
   26.4,
   26.35,
   27.03,
   26.68
  ],
  [
   24.56,
   18.7,
   11.02,
   0.76,
   11.69,
   20.23,
   25.69,
   24.48,
   25.6,
   26.73,
   27.95,
   28.27
  ],
  [
   26.76,
   24.25,
   18.87,
   12.44,
   0.77,
   12.23,
   22.77,
   21.6,
   25.09,
   27.26,
   28.35,
   29.01
  ],
  [
   28.29,
   26.33,
   23.6,
   18.8,
   11.88,
   0.77,
   19.95,
   21.22,
   25.02,
   27.07,
   28.71,
   29.43
  ],
  [
   29.55,
   28.67,
   27.46,
   25.89,
   22.36,
   19.91,
   0.77,
   12.39,
   20.3,
   25.58,
   28.1,
   29.94
  ],
  [
   29.19,
   28.42,
   27.12,
   25.17,
   23.14,
   21.77,
   12.41,
   0.77,
   11.88,
   20.41,
   26.23,
   29.44
  ],
  [
   28.23,
   27.37,
   26.84,
   25.96,
   25.34,
   25.61,
   19.73,
   13.21,
   0.77,
   12.26,
   20.17,
   28.18
  ],
  [
   26.63,
   26.56,
   26.97,
   27.25,
   27.6,
   28.15,
   25.21,
   20.53,
   12.92,
   0.77,
   11.89,
   26.21
  ],
  [
   24.94,
   25.88,
   27.32,
   28.12,
   28.49,
   29.22,
   27.51,
   25.14,
   19.75,
   12.7,
   0.77,
   21.75
  ],
  [
   19.7,
   23.8,
   26.82,
   28.98,
   29.94,
   30.48,
   30.53,
   29.68,
   28.43,
   26.72,
   22.43,
   0.77
  ]
 ],
 "chain_ptm": [
  0.06,
  0.07,
  0.06,
  0.07,
  0.07,
  0.08,
  0.06,
  0.06,
  0.07,
  0.07,
  0.07,
  0.06
 ],
 "fraction_disordered": 1.0,
 "has_clash": 0.0,
 "iptm": 0.1,
 "num_recycles": 10.0,
 "ptm": 0.14,
 "ranking_score": 0.61
}