{
 "chain_iptm": [
  0.03,
  0.03,
  0.03,
  0.03,
  0.03,
  0.03,
  0.02,
  0.03,
  0.04,
  0.04,
  0.04,
  0.02
 ],
 "chain_pair_iptm": [
  [
   0.09,
   0.13,
   0.05,
   0.02,
   0.01,
   0.01,
   0.01,
   0.01,
   0.01,
   0.01,
   0.01,
   0.02
  ],
  [
   0.13,
   0.08,
   0.07,
   0.03,
   0.02,
   0.01,
   0.01,
   0.01,
   0.01,
   0.01,
   0.02,
   0.01
  ],
  [
   0.05,
   0.07,
   0.07,
   0.08,
   0.03,
   0.02,
   0.01,
   0.01,
   0.01,
   0.01,
   0.01,
   0.01
  ],
  [
   0.02,
   0.03,
   0.08,
   0.09,
   0.09,
   0.04,
   0.01,
   0.02,
   0.02,
   0.02,
   0.01,
   0.01
  ],
  [
   0.01,
   0.02,
   0.03,
   0.09,
   0.09,
   0.13,
   0.02,
   0.02,
   0.02,
   0.02,
   0.01,
   0.01
  ],
  [
   0.01,
   0.01,
   0.02,
   0.04,
   0.13,
   0.08,
   0.03,
   0.03,
   0.02,
   0.01,
   0.01,
   0.01
  ],
  [
   0.01,
   0.01,
   0.01,
   0.01,
   0.02,
   0.03,
   0.06,
   0.05,
   0.03,
   0.02,
   0.01,
   0.01
  ],
  [
   0.01,
   0.01,
   0.01,
   0.02,
   0.02,
   0.03,
   0.05,
   0.09,
   0.12,
   0.05,
   0.02,
   0.01
  ],
  [
   0.01,
   0.01,
   0.01,
   0.02,
   0.02,
   0.02,
   0.03,
   0.12,
   0.09,
   0.13,
   0.05,
   0.02
  ],
  [
   0.01,
   0.01,
   0.01,
   0.02,
   0.02,
   0.01,
   0.02,
   0.05,
   0.13,
   0.09,
   0.12,
   0.05
  ],
  [
   0.01,
   0.02,
   0.01,
   0.01,
   0.01,
   0.01,
   0.01,
   0.02,
   0.05,
   0.12,
   0.1,
   0.12
  ],
  [
   0.02,
   0.01,
   0.01,
   0.01,
   0.01,
   0.01,
   0.01,
   0.01,
   0.02,
   0.05,
   0.12,
   0.09
  ]
 ],
 "chain_pair_pae_min": [
  [
   0.77,
   8.12,
   14.13,
   19.28,
   23.27,
   26.08,
   27.18,
   25.94,
   24.98,
   23.43,
   21.95,
   21.68
  ],
  [
   9.19,
   0.76,
   10.23,
   15.54,
   21.46,
   24.8,
   26.11,
   25.14,
   23.9,
   22.28,
   22.06,
   23.03
  ],
  [
   16.4,
   10.71,
   0.76,
   9.47,
   14.88,
   22.87,
   24.75,
   23.35,
   22.59,
   23.1,
   24.31,
   26.15
  ],
  [
   22.15,
   15.64,
   8.93,
   0.76,
   10.93,
   17.47,
   21.19,
   20.1,
   21.41,
   22.88,
   25.29,
   27.33
  ],
  [
   24.38,
   21.4,
   15.4,
   9.88,
   0.77,
   10.49,
   16.96,
   16.03,
   19.04,
   23.34,
   25.88,
   27.67
  ],
  [
   26.48,
   24.17,
   20.53,
   16.31,
   8.9,
   0.77,
   12.3,
   15.37,
   19.49,
   24.05,
   26.49,
   28.33
  ],
  [
   29.02,
   27.86,
   25.58,
   21.53,
   15.79,
   12.36,
   0.77,
   11.92,
   19.72,
   25.05,
   27.77,
   29.46
  ],
  [
   27.5,
   25.92,
   22.83,
   18.98,
   14.36,
   14.8,
   12.74,
   0.77,
   10.6,
   17.42,
   23.26,
   26.81
  ],
  [
   25.97,
   24.69,
   22.01,
   19.65,
   18.96,
   18.89,
   17.16,
   8.65,
   0.77,
   9.82,
   16.63,
   23.36
  ],
  [
   24.27,
   22.49,
   22.69,
   21.76,
   21.19,
   21.67,
   21.73,
   15.71,
   8.83,
   0.77,
   10.3,
   17.76
  ],
  [
   22.34,
   21.57,
   23.09,
   23.74,
   24.04,
   24.55,
   24.68,
   21.35,
   16.64,
   9.32,
   0.77,
   12.16
  ],
  [
   21.51,
   22.08,
   24.49,
   25.6,
   26.42,
   27.18,
   27.78,
   24.99,
   22.48,
   17.06,
   10.13,
   0.77
  ]
 ],
 "chain_ptm": [
  0.09,
  0.08,
  0.07,
  0.09,
  0.09,
  0.08,
  0.06,
  0.09,
  0.09,
  0.09,
  0.1,
  0.09
 ],
 "fraction_disordered": 1.0,
 "has_clash": 0.0,
 "iptm": 0.14,
 "num_recycles": 10.0,
 "ptm": 0.18,
 "ranking_score": 0.65
}