{
 "chain_iptm": [
  0.02,
  0.02,
  0.02,
  0.02,
  0.02,
  0.02,
  0.02,
  0.02,
  0.02,
  0.02,
  0.02,
  0.01
 ],
 "chain_pair_iptm": [
  [
   0.06,
   0.08,
   0.03,
   0.01,
   0.01,
   0.01,
   0.01,
   0.01,
   0.01,
   0.01,
   0.01,
   0.01
  ],
  [
   0.08,
   0.07,
   0.05,
   0.02,
   0.01,
   0.01,
   0.01,
   0.01,
   0.01,
   0.01,
   0.01,
   0.01
  ],
  [
   0.03,
   0.05,
   0.06,
   0.05,
   0.02,
   0.01,
   0.01,
   0.01,
   0.01,
   0.01,
   0.01,
   0.01
  ],
  [
   0.01,
   0.02,
   0.05,
   0.06,
   0.04,
   0.02,
   0.01,
   0.01,
   0.01,
   0.01,
   0.01,
   0.01
  ],
  [
   0.01,
   0.01,
   0.02,
   0.04,
   0.06,
   0.05,
   0.02,
   0.01,
   0.01,
   0.01,
   0.01,
   0.01
  ],
  [
   0.01,
   0.01,
   0.01,
   0.02,
   0.05,
   0.06,
   0.02,
   0.01,
   0.01,
   0.01,
   0.01,
   0.01
  ],
  [
   0.01,
   0.01,
   0.01,
   0.01,
   0.02,
   0.02,
   0.07,
   0.07,
   0.03,
   0.01,
   0.01,
   0.01
  ],
  [
   0.01,
   0.01,
   0.01,
   0.01,
   0.01,
   0.01,
   0.07,
   0.07,
   0.07,
   0.03,
   0.01,
   0.01
  ],
  [
   0.01,
   0.01,
   0.01,
   0.01,
   0.01,
   0.01,
   0.03,
   0.07,
   0.07,
   0.06,
   0.02,
   0.01
  ],
  [
   0.01,
   0.01,
   0.01,
   0.01,
   0.01,
   0.01,
   0.01,
   0.03,
   0.06,
   0.07,
   0.05,
   0.03
  ],
  [
   0.01,
   0.01,
   0.01,
   0.01,
   0.01,
   0.01,
   0.01,
   0.01,
   0.02,
   0.05,
   0.07,
   0.06
  ],
  [
   0.01,
   0.01,
   0.01,
   0.01,
   0.01,
   0.01,
   0.01,
   0.01,
   0.01,
   0.03,
   0.06,
   0.07
  ]
 ],
 "chain_pair_pae_min": [
  [
   0.77,
   9.33,
   17.04,
   23.66,
   27.14,
   28.99,
   29.29,
   28.5,
   27.67,
   26.8,
   25.45,
   26.06
  ],
  [
   9.45,
   0.76,
   9.75,
   19.38,
   25.5,
   28.1,
   28.71,
   28.08,
   27.22,
   26.4,
   25.91,
   26.94
  ],
  [
   18.33,
   11.54,
   0.76,
   11.14,
   21.18,
   26.43,
   27.86,
   27.38,
   27.2,
   27.14,
   27.56,
   28.54
  ],
  [
   24.62,
   18.71,
   11.22,
   0.77,
   12.09,
   21.64,
   25.37,
   25.88,
   26.5,
   27.52,
   28.63,
   29.25
  ],
  [
   27.81,
   25.33,
   19.61,
   12.39,
   0.77,
   12.14,
   22.84,
   23.71,
   26.37,
   28.28,
   29.21,
   29.93
  ],
  [
   29.18,
   27.3,
   24.93,
   20.18,
   12.74,
   0.77,
   18.3,
   22.38,
   26.08,
   28.3,
   29.59,
   30.3
  ],
  [
   29.32,
   28.6,
   26.96,
   24.98,
   21.81,
   17.39,
   0.77,
   11.65,
   19.64,
   25.5,
   28.02,
   29.56
  ],
  [
   28.72,
   27.94,
   26.74,
   25.67,
   23.32,
   21.74,
   12.27,
   0.77,
   11.33,
   20.08,
   25.52,
   28.17
  ],
  [
   28.06,
   27.27,
   27.04,
   26.73,
   26.0,
   25.67,
   20.04,
   11.84,
   0.77,
   12.13,
   20.93,
   25.82
  ],
  [
   27.0,
   26.53,
   27.05,
   27.66,
   27.91,
   28.05,
   25.4,
   19.6,
   11.82,
   0.77,
   13.42,
   21.54
  ],
  [
   25.73,
   26.18,
   27.35,
   28.16,
   28.84,
   29.33,
   27.76,
   25.35,
   19.72,
   12.39,
   0.77,
   13.57
  ],
  [
   25.71,
   26.82,
   27.84,
   28.93,
   29.6,
   30.23,
   29.24,
   27.76,
   25.1,
   19.96,
   13.22,
   0.77
  ]
 ],
 "chain_ptm": [
  0.06,
  0.07,
  0.06,
  0.06,
  0.06,
  0.06,
  0.07,
  0.07,
  0.07,
  0.07,
  0.07,
  0.07
 ],
 "fraction_disordered": 1.0,
 "has_clash": 0.0,
 "iptm": 0.1,
 "num_recycles": 10.0,
 "ptm": 0.14,
 "ranking_score": 0.61
}