{
 "chain_iptm": [
  0.02,
  0.02,
  0.02,
  0.02,
  0.02,
  0.02,
  0.02,
  0.02,
  0.02,
  0.02,
  0.02,
  0.02
 ],
 "chain_pair_iptm": [
  [
   0.07,
   0.09,
   0.03,
   0.01,
   0.01,
   0.01,
   0.01,
   0.01,
   0.01,
   0.01,
   0.01,
   0.01
  ],
  [
   0.09,
   0.07,
   0.05,
   0.02,
   0.01,
   0.01,
   0.01,
   0.01,
   0.01,
   0.01,
   0.01,
   0.01
  ],
  [
   0.03,
   0.05,
   0.06,
   0.06,
   0.02,
   0.02,
   0.01,
   0.01,
   0.01,
   0.01,
   0.01,
   0.01
  ],
  [
   0.01,
   0.02,
   0.06,
   0.07,
   0.03,
   0.02,
   0.01,
   0.01,
   0.01,
   0.01,
   0.01,
   0.01
  ],
  [
   0.01,
   0.01,
   0.02,
   0.03,
   0.07,
   0.06,
   0.02,
   0.01,
   0.01,
   0.01,
   0.01,
   0.01
  ],
  [
   0.01,
   0.01,
   0.02,
   0.02,
   0.06,
   0.07,
   0.05,
   0.02,
   0.01,
   0.01,
   0.01,
   0.01
  ],
  [
   0.01,
   0.01,
   0.01,
   0.01,
   0.02,
   0.05,
   0.07,
   0.05,
   0.03,
   0.01,
   0.01,
   0.01
  ],
  [
   0.01,
   0.01,
   0.01,
   0.01,
   0.01,
   0.02,
   0.05,
   0.07,
   0.06,
   0.02,
   0.02,
   0.01
  ],
  [
   0.01,
   0.01,
   0.01,
   0.01,
   0.01,
   0.01,
   0.03,
   0.06,
   0.07,
   0.03,
   0.02,
   0.01
  ],
  [
   0.01,
   0.01,
   0.01,
   0.01,
   0.01,
   0.01,
   0.01,
   0.02,
   0.03,
   0.07,
   0.06,
   0.03
  ],
  [
   0.01,
   0.01,
   0.01,
   0.01,
   0.01,
   0.01,
   0.01,
   0.02,
   0.02,
   0.06,
   0.08,
   0.06
  ],
  [
   0.01,
   0.01,
   0.01,
   0.01,
   0.01,
   0.01,
   0.01,
   0.01,
   0.01,
   0.03,
   0.06,
   0.08
  ]
 ],
 "chain_pair_pae_min": [
  [
   0.77,
   8.88,
   17.25,
   23.27,
   25.07,
   23.94,
   22.47,
   22.41,
   23.66,
   21.07,
   20.16,
   22.32
  ],
  [
   10.36,
   0.76,
   10.7,
   17.92,
   23.49,
   22.21,
   22.41,
   23.57,
   25.38,
   21.7,
   19.77,
   22.48
  ],
  [
   18.89,
   10.47,
   0.76,
   11.51,
   19.49,
   20.12,
   22.47,
   25.4,
   27.31,
   24.74,
   24.42,
   25.71
  ],
  [
   23.7,
   18.02,
   10.47,
   0.77,
   15.3,
   18.47,
   22.94,
   26.19,
   28.16,
   26.56,
   26.83,
   27.34
  ],
  [
   26.15,
   23.14,
   19.34,
   15.29,
   0.77,
   11.46,
   19.31,
   25.81,
   28.15,
   27.11,
   27.71,
   28.54
  ],
  [
   25.06,
   22.72,
   19.73,
   18.71,
   13.17,
   0.77,
   11.66,
   20.84,
   25.91,
   25.3,
   26.64,
   27.68
  ],
  [
   22.84,
   21.88,
   21.88,
   22.2,
   20.81,
   12.96,
   0.77,
   11.35,
   20.23,
   21.33,
   24.68,
   26.7
  ],
  [
   21.91,
   23.22,
   24.72,
   25.63,
   25.58,
   20.53,
   11.92,
   0.77,
   11.22,
   16.7,
   22.13,
   26.1
  ],
  [
   23.69,
   25.24,
   26.37,
   27.18,
   27.16,
   24.92,
   20.18,
   11.28,
   0.77,
   12.69,
   20.08,
   25.24
  ],
  [
   21.1,
   21.58,
   25.27,
   27.0,
   28.14,
   25.75,
   21.72,
   17.31,
   13.02,
   0.77,
   12.34,
   20.51
  ],
  [
   20.96,
   20.02,
   24.46,
   26.56,
   28.05,
   26.59,
   23.87,
   21.5,
   19.47,
   12.0,
   0.77,
   14.37
  ],
  [
   22.16,
   22.05,
   25.34,
   27.7,
   28.91,
   28.19,
   27.19,
   26.21,
   25.08,
   20.18,
   13.73,
   0.77
  ]
 ],
 "chain_ptm": [
  0.07,
  0.07,
  0.06,
  0.07,
  0.07,
  0.07,
  0.07,
  0.07,
  0.07,
  0.07,
  0.08,
  0.08
 ],
 "fraction_disordered": 1.0,
 "has_clash": 0.0,
 "iptm": 0.11,
 "num_recycles": 10.0,
 "ptm": 0.14,
 "ranking_score": 0.61
}