{
 "chain_iptm": [
  0.03,
  0.03,
  0.03,
  0.03,
  0.04,
  0.05,
  0.05,
  0.04,
  0.02,
  0.03,
  0.04,
  0.03
 ],
 "chain_pair_iptm": [
  [
   0.09,
   0.17,
   0.04,
   0.03,
   0.02,
   0.01,
   0.01,
   0.01,
   0.01,
   0.01,
   0.02,
   0.02
  ],
  [
   0.17,
   0.09,
   0.05,
   0.04,
   0.02,
   0.02,
   0.01,
   0.01,
   0.01,
   0.01,
   0.02,
   0.02
  ],
  [
   0.04,
   0.05,
   0.07,
   0.1,
   0.03,
   0.02,
   0.02,
   0.01,
   0.01,
   0.01,
   0.01,
   0.02
  ],
  [
   0.03,
   0.04,
   0.1,
   0.09,
   0.05,
   0.03,
   0.02,
   0.02,
   0.01,
   0.01,
   0.01,
   0.01
  ],
  [
   0.02,
   0.02,
   0.03,
   0.05,
   0.08,
   0.14,
   0.06,
   0.03,
   0.01,
   0.01,
   0.01,
   0.01
  ],
  [
   0.01,
   0.02,
   0.02,
   0.03,
   0.14,
   0.09,
   0.16,
   0.07,
   0.02,
   0.02,
   0.02,
   0.01
  ],
  [
   0.01,
   0.01,
   0.02,
   0.02,
   0.06,
   0.16,
   0.1,
   0.2,
   0.03,
   0.02,
   0.02,
   0.01
  ],
  [
   0.01,
   0.01,
   0.01,
   0.02,
   0.03,
   0.07,
   0.2,
   0.11,
   0.04,
   0.02,
   0.02,
   0.01
  ],
  [
   0.01,
   0.01,
   0.01,
   0.01,
   0.01,
   0.02,
   0.03,
   0.04,
   0.07,
   0.05,
   0.02,
   0.01
  ],
  [
   0.01,
   0.01,
   0.01,
   0.01,
   0.01,
   0.02,
   0.02,
   0.02,
   0.05,
   0.09,
   0.13,
   0.05
  ],
  [
   0.02,
   0.02,
   0.01,
   0.01,
   0.01,
   0.02,
   0.02,
   0.02,
   0.02,
   0.13,
   0.1,
   0.14
  ],
  [
   0.02,
   0.02,
   0.02,
   0.01,
   0.01,
   0.01,
   0.01,
   0.01,
   0.01,
   0.05,
   0.14,
   0.1
  ]
 ],
 "chain_pair_pae_min": [
  [
   0.77,
   7.33,
   12.29,
   15.86,
   20.11,
   22.63,
   25.05,
   27.63,
   25.92,
   24.62,
   22.11,
   19.4
  ],
  [
   8.33,
   0.76,
   9.91,
   13.27,
   19.11,
   21.21,
   24.38,
   26.85,
   25.65,
   24.37,
   22.47,
   20.33
  ],
  [
   11.76,
   9.55,
   0.76,
   10.37,
   16.19,
   20.44,
   24.77,
   27.66,
   26.58,
   26.2,
   25.31,
   24.18
  ],
  [
   15.69,
   11.81,
   9.69,
   0.76,
   11.53,
   16.37,
   22.4,
   25.98,
   25.3,
   24.66,
   23.89,
   24.01
  ],
  [
   19.68,
   16.57,
   14.02,
   10.03,
   0.77,
   9.66,
   15.64,
   23.03,
   23.36,
   23.27,
   23.55,
   24.3
  ],
  [
   21.63,
   19.34,
   18.54,
   13.78,
   8.89,
   0.77,
   8.6,
   14.89,
   18.87,
   20.3,
   21.59,
   23.84
  ],
  [
   23.13,
   21.27,
   20.97,
   17.9,
   14.8,
   7.85,
   0.77,
   7.95,
   14.52,
   16.24,
   21.09,
   23.99
  ],
  [
   25.0,
   23.64,
   23.34,
   21.16,
   18.89,
   14.27,
   7.41,
   0.77,
   11.62,
   16.72,
   21.42,
   25.03
  ],
  [
   27.85,
   26.77,
   27.35,
   25.85,
   24.74,
   19.67,
   14.14,
   11.7,
   0.77,
   10.93,
   19.75,
   24.32
  ],
  [
   24.44,
   23.24,
   24.84,
   23.83,
   23.67,
   19.75,
   16.82,
   17.77,
   9.25,
   0.77,
   10.32,
   17.56
  ],
  [
   22.01,
   21.42,
   24.25,
   23.7,
   24.09,
   21.98,
   21.47,
   22.08,
   17.36,
   10.05,
   0.77,
   10.23
  ],
  [
   18.45,
   20.53,
   22.9,
   23.99,
   24.8,
   24.24,
   24.47,
   25.57,
   22.36,
   15.85,
   8.57,
   0.77
  ]
 ],
 "chain_ptm": [
  0.09,
  0.09,
  0.07,
  0.09,
  0.08,
  0.09,
  0.1,
  0.11,
  0.07,
  0.09,
  0.1,
  0.1
 ],
 "fraction_disordered": 1.0,
 "has_clash": 0.0,
 "iptm": 0.16,
 "num_recycles": 10.0,
 "ptm": 0.2,
 "ranking_score": 0.67
}