{
 "chain_iptm": [
  0.07,
  0.07,
  0.06,
  0.06,
  0.06
 ],
 "chain_pair_iptm": [
  [
   0.28,
   0.1,
   0.06,
   0.05,
   0.06
  ],
  [
   0.1,
   0.27,
   0.07,
   0.05,
   0.05
  ],
  [
   0.06,
   0.07,
   0.29,
   0.08,
   0.05
  ],
  [
   0.05,
   0.05,
   0.08,
   0.29,
   0.08
  ],
  [
   0.06,
   0.05,
   0.05,
   0.08,
   0.28
  ]
 ],
 "chain_pair_pae_min": [
  [
   0.77,
   11.2,
   16.09,
   17.43,
   15.14
  ],
  [
   11.08,
   0.77,
   13.24,
   17.77,
   18.27
  ],
  [
   16.17,
   12.78,
   0.77,
   13.01,
   17.81
  ],
  [
   17.66,
   17.28,
   12.41,
   0.77,
   13.6
  ],
  [
   16.06,
   18.95,
   17.51,
   13.13,
   0.77
  ]
 ],
 "chain_ptm": [
  0.28,
  0.27,
  0.29,
  0.29,
  0.28
 ],
 "fraction_disordered": 1.0,
 "has_clash": 0.0,
 "iptm": 0.13,
 "num_recycles": 10.0,
 "ptm": 0.2,
 "ranking_score": 0.64
}