{
 "chain_iptm": [
  0.06,
  0.06,
  0.06,
  0.06,
  0.05
 ],
 "chain_pair_iptm": [
  [
   0.27,
   0.1,
   0.06,
   0.05,
   0.06
  ],
  [
   0.1,
   0.27,
   0.05,
   0.06,
   0.05
  ],
  [
   0.06,
   0.05,
   0.28,
   0.08,
   0.06
  ],
  [
   0.05,
   0.06,
   0.08,
   0.29,
   0.05
  ],
  [
   0.06,
   0.05,
   0.06,
   0.05,
   0.28
  ]
 ],
 "chain_pair_pae_min": [
  [
   0.77,
   11.2,
   16.64,
   17.11,
   14.96
  ],
  [
   11.1,
   0.77,
   17.01,
   14.79,
   17.84
  ],
  [
   16.72,
   16.28,
   0.77,
   12.68,
   14.93
  ],
  [
   16.96,
   14.42,
   13.0,
   0.77,
   16.7
  ],
  [
   15.73,
   18.22,
   14.47,
   16.72,
   0.77
  ]
 ],
 "chain_ptm": [
  0.27,
  0.27,
  0.28,
  0.29,
  0.28
 ],
 "fraction_disordered": 1.0,
 "has_clash": 0.0,
 "iptm": 0.13,
 "num_recycles": 10.0,
 "ptm": 0.2,
 "ranking_score": 0.64
}