{
 "chain_iptm": [
  0.07,
  0.07,
  0.06,
  0.06,
  0.06
 ],
 "chain_pair_iptm": [
  [
   0.28,
   0.1,
   0.06,
   0.05,
   0.06
  ],
  [
   0.1,
   0.27,
   0.07,
   0.05,
   0.04
  ],
  [
   0.06,
   0.07,
   0.28,
   0.07,
   0.05
  ],
  [
   0.05,
   0.05,
   0.07,
   0.28,
   0.08
  ],
  [
   0.06,
   0.04,
   0.05,
   0.08,
   0.28
  ]
 ],
 "chain_pair_pae_min": [
  [
   0.77,
   11.09,
   15.74,
   17.43,
   15.09
  ],
  [
   11.02,
   0.77,
   12.8,
   17.69,
   18.21
  ],
  [
   16.18,
   13.02,
   0.77,
   13.21,
   17.8
  ],
  [
   17.45,
   17.47,
   12.72,
   0.77,
   13.22
  ],
  [
   15.93,
   18.81,
   17.48,
   12.55,
   0.77
  ]
 ],
 "chain_ptm": [
  0.28,
  0.27,
  0.28,
  0.28,
  0.28
 ],
 "fraction_disordered": 1.0,
 "has_clash": 0.0,
 "iptm": 0.13,
 "num_recycles": 10.0,
 "ptm": 0.2,
 "ranking_score": 0.64
}