{
 "chain_iptm": [
  0.06,
  0.06,
  0.06,
  0.06,
  0.05
 ],
 "chain_pair_iptm": [
  [
   0.28,
   0.09,
   0.05,
   0.05,
   0.05
  ],
  [
   0.09,
   0.27,
   0.07,
   0.05,
   0.04
  ],
  [
   0.05,
   0.07,
   0.28,
   0.07,
   0.04
  ],
  [
   0.05,
   0.05,
   0.07,
   0.28,
   0.07
  ],
  [
   0.05,
   0.04,
   0.04,
   0.07,
   0.28
  ]
 ],
 "chain_pair_pae_min": [
  [
   0.77,
   10.87,
   17.04,
   18.33,
   16.05
  ],
  [
   11.48,
   0.77,
   13.36,
   18.64,
   18.93
  ],
  [
   17.02,
   13.92,
   0.77,
   13.26,
   18.31
  ],
  [
   18.44,
   17.83,
   14.34,
   0.77,
   13.34
  ],
  [
   14.94,
   19.41,
   18.26,
   14.64,
   0.77
  ]
 ],
 "chain_ptm": [
  0.28,
  0.27,
  0.28,
  0.28,
  0.28
 ],
 "fraction_disordered": 1.0,
 "has_clash": 0.0,
 "iptm": 0.12,
 "num_recycles": 10.0,
 "ptm": 0.19,
 "ranking_score": 0.64
}