{
 "chain_iptm": [
  0.07,
  0.07,
  0.06,
  0.06,
  0.06
 ],
 "chain_pair_iptm": [
  [
   0.28,
   0.1,
   0.07,
   0.05,
   0.05
  ],
  [
   0.1,
   0.27,
   0.05,
   0.05,
   0.06
  ],
  [
   0.07,
   0.05,
   0.28,
   0.08,
   0.05
  ],
  [
   0.05,
   0.05,
   0.08,
   0.29,
   0.08
  ],
  [
   0.05,
   0.06,
   0.05,
   0.08,
   0.28
  ]
 ],
 "chain_pair_pae_min": [
  [
   0.77,
   11.21,
   13.43,
   17.16,
   17.54
  ],
  [
   11.28,
   0.77,
   16.04,
   17.39,
   15.69
  ],
  [
   13.58,
   16.55,
   0.77,
   12.83,
   17.3
  ],
  [
   17.17,
   17.16,
   13.39,
   0.77,
   13.25
  ],
  [
   17.99,
   15.27,
   17.9,
   13.33,
   0.77
  ]
 ],
 "chain_ptm": [
  0.28,
  0.27,
  0.28,
  0.29,
  0.28
 ],
 "fraction_disordered": 1.0,
 "has_clash": 0.0,
 "iptm": 0.13,
 "num_recycles": 10.0,
 "ptm": 0.2,
 "ranking_score": 0.64
}